academic_year,assignments,attendance,course_id,course_name,email,final,final_grade,letter_grade,major,midterm,name,semester,student_id,trait
2021/2022,9.0,57.3,AI101_K21_2021_2022_S1,Toán cho AI (Đại số & Giải tích) (K21),huynhxuankienbd21ai001@gmail.com,9.2,8.5,A,Khoa AI - Khóa 21,9.5,Huỳnh Xuân Kiên,1,BD21AI001,talented_but_lazy
2021/2022,9.4,95.7,AI101_K21_2021_2022_S1,Toán cho AI (Đại số & Giải tích) (K21),phamvanbinhbd21ai002@gmail.com,9.0,9.2,A,Khoa AI - Khóa 21,9.6,Phạm Văn Bình,1,BD21AI002,excellent
2021/2022,6.7,88.7,AI101_K21_2021_2022_S1,Toán cho AI (Đại số & Giải tích) (K21),đangvannambd21ai003@gmail.com,5.7,6.6,C,Khoa AI - Khóa 21,7.9,Đặng Văn Nam,1,BD21AI003,average
2021/2022,7.1,49.0,AI101_K21_2021_2022_S1,Toán cho AI (Đại số & Giải tích) (K21),tranngocanbd21ai004@gmail.com,9.1,7.7,B,Khoa AI - Khóa 21,9.1,Trần Ngọc An,1,BD21AI004,talented_but_lazy
2021/2022,9.6,96.3,AI101_K21_2021_2022_S1,Toán cho AI (Đại số & Giải tích) (K21),duongkimcuongbd21ai005@gmail.com,3.9,6.7,C,Khoa AI - Khóa 21,5.0,Dương Kim Cường,1,BD21AI005,diligent_but_low
2021/2022,9.8,96.8,AI101_K21_2021_2022_S1,Toán cho AI (Đại số & Giải tích) (K21),vukimsonbd21ai006@gmail.com,3.5,6.6,C,Khoa AI - Khóa 21,3.2,Vũ Kim Sơn,1,BD21AI006,diligent_but_low
2021/2022,7.5,45.2,AI101_K21_2021_2022_S1,Toán cho AI (Đại số & Giải tích) (K21),huynhđucdungbd21ai007@gmail.com,9.5,7.9,B,Khoa AI - Khóa 21,10.0,Huỳnh Đức Dũng,1,BD21AI007,talented_but_lazy
2021/2022,9.9,96.8,AI101_K21_2021_2022_S1,Toán cho AI (Đại số & Giải tích) (K21),tranquangquanbd21ai008@gmail.com,9.9,9.8,A,Khoa AI - Khóa 21,9.6,Trần Quang Quân,1,BD21AI008,excellent
2021/2022,7.4,88.9,AI101_K21_2021_2022_S1,Toán cho AI (Đại số & Giải tích) (K21),đohailoibd21ai009@gmail.com,5.5,6.8,C,Khoa AI - Khóa 21,8.0,Đỗ Hải Lợi,1,BD21AI009,average
2021/2022,7.9,43.0,AI101_K21_2021_2022_S1,Toán cho AI (Đại số & Giải tích) (K21),buithanhlinhbd21ai010@gmail.com,8.7,7.6,B,Khoa AI - Khóa 21,10.0,Bùi Thành Linh,1,BD21AI010,talented_but_lazy
2021/2022,4.2,51.0,AI101_K21_2021_2022_S1,Toán cho AI (Đại số & Giải tích) (K21),lyvanphucbd21ai011@gmail.com,3.9,4.2,D,Khoa AI - Khóa 21,1.9,Lý Văn Phúc,1,BD21AI011,struggling
2021/2022,9.6,97.4,AI101_K21_2021_2022_S1,Toán cho AI (Đại số & Giải tích) (K21),phanđucsonbd21ai012@gmail.com,10.0,9.8,A,Khoa AI - Khóa 21,9.9,Phan Đức Sơn,1,BD21AI012,excellent
2021/2022,9.4,99.1,AI101_K21_2021_2022_S1,Toán cho AI (Đại số & Giải tích) (K21),tranhuuloibd21ai013@gmail.com,3.4,6.5,C,Khoa AI - Khóa 21,4.9,Trần Hữu Lợi,1,BD21AI013,diligent_but_low
2021/2022,8.4,50.6,AI101_K21_2021_2022_S1,Toán cho AI (Đại số & Giải tích) (K21),leminhlinhbd21ai014@gmail.com,9.4,8.2,B,Khoa AI - Khóa 21,8.8,Lê Minh Linh,1,BD21AI014,talented_but_lazy
2021/2022,7.5,54.0,AI101_K21_2021_2022_S1,Toán cho AI (Đại số & Giải tích) (K21),duongthanhkienbd21ai015@gmail.com,9.4,8.0,B,Khoa AI - Khóa 21,9.6,Dương Thanh Kiên,1,BD21AI015,talented_but_lazy
2021/2022,9.5,99.4,AI101_K21_2021_2022_S1,Toán cho AI (Đại số & Giải tích) (K21),duongminhanbd21ai016@gmail.com,4.4,7.0,B,Khoa AI - Khóa 21,5.1,Dương Minh An,1,BD21AI016,diligent_but_low
2021/2022,7.1,48.3,AI101_K21_2021_2022_S1,Toán cho AI (Đại số & Giải tích) (K21),vuquangtungbd21ai017@gmail.com,9.3,7.7,B,Khoa AI - Khóa 21,9.2,Vũ Quang Tùng,1,BD21AI017,talented_but_lazy
2021/2022,8.6,55.4,AI101_K21_2021_2022_S1,Toán cho AI (Đại số & Giải tích) (K21),tranquangnambd21ai018@gmail.com,8.6,8.0,B,Khoa AI - Khóa 21,9.8,Trần Quang Nam,1,BD21AI018,talented_but_lazy
2021/2022,9.8,96.2,AI101_K21_2021_2022_S1,Toán cho AI (Đại số & Giải tích) (K21),đongoccuongbd21ai019@gmail.com,5.1,7.4,B,Khoa AI - Khóa 21,3.8,Đỗ Ngọc Cường,1,BD21AI019,diligent_but_low
2021/2022,10.0,96.7,AI101_K21_2021_2022_S1,Toán cho AI (Đại số & Giải tích) (K21),lythanhnambd21ai020@gmail.com,3.6,6.7,C,Khoa AI - Khóa 21,4.6,Lý Thanh Nam,1,BD21AI020,diligent_but_low
2021/2022,9.1,99.9,AI101_K21_2021_2022_S1,Toán cho AI (Đại số & Giải tích) (K21),duongkimloibd21ai021@gmail.com,3.9,6.7,C,Khoa AI - Khóa 21,5.4,Dương Kim Lợi,1,BD21AI021,diligent_but_low
2021/2022,9.3,98.5,AI101_K21_2021_2022_S1,Toán cho AI (Đại số & Giải tích) (K21),huynhquangdungbd21ai022@gmail.com,4.2,6.9,C,Khoa AI - Khóa 21,3.7,Huỳnh Quang Dũng,1,BD21AI022,diligent_but_low
2021/2022,9.7,99.6,AI101_K21_2021_2022_S1,Toán cho AI (Đại số & Giải tích) (K21),buithanhkienbd21ai023@gmail.com,9.9,9.8,A,Khoa AI - Khóa 21,9.7,Bùi Thành Kiên,1,BD21AI023,excellent
2021/2022,9.4,98.3,AI101_K21_2021_2022_S1,Toán cho AI (Đại số & Giải tích) (K21),vongocvinhbd21ai024@gmail.com,3.5,6.6,C,Khoa AI - Khóa 21,3.7,Võ Ngọc Vinh,1,BD21AI024,diligent_but_low
2021/2022,3.7,65.6,AI101_K21_2021_2022_S1,Toán cho AI (Đại số & Giải tích) (K21),buihuuhabd21ai025@gmail.com,3.7,4.3,D,Khoa AI - Khóa 21,2.3,Bùi Hữu Hà,1,BD21AI025,struggling
2021/2022,7.1,84.4,AI101_K21_2021_2022_S1,Toán cho AI (Đại số & Giải tích) (K21),duongtuancuongbd21ai026@gmail.com,7.5,7.5,B,Khoa AI - Khóa 21,6.5,Dương Tuấn Cường,1,BD21AI026,average
2021/2022,6.9,92.6,AI101_K21_2021_2022_S1,Toán cho AI (Đại số & Giải tích) (K21),buiquangsonbd21ai027@gmail.com,7.0,7.4,B,Khoa AI - Khóa 21,6.8,Bùi Quang Sơn,1,BD21AI027,average
2021/2022,9.8,98.0,AI101_K21_2021_2022_S1,Toán cho AI (Đại số & Giải tích) (K21),đangđucloibd21ai028@gmail.com,9.1,9.4,A,Khoa AI - Khóa 21,9.7,Đặng Đức Lợi,1,BD21AI028,excellent
2021/2022,10.0,96.1,AI101_K21_2021_2022_S1,Toán cho AI (Đại số & Giải tích) (K21),huynhthanhlinhbd21ai029@gmail.com,9.7,9.7,A,Khoa AI - Khóa 21,9.3,Huỳnh Thành Linh,1,BD21AI029,excellent
2021/2022,8.4,64.3,AI101_K21_2021_2022_S1,Toán cho AI (Đại số & Giải tích) (K21),nguyenhuukienbd21ai030@gmail.com,9.4,8.5,A,Khoa AI - Khóa 21,9.9,Nguyễn Hữu Kiên,1,BD21AI030,talented_but_lazy
2021/2022,9.9,97.2,AI101_K21_2021_2022_S1,Toán cho AI (Đại số & Giải tích) (K21),buivannambd21ai031@gmail.com,9.8,9.8,A,Khoa AI - Khóa 21,10.0,Bùi Văn Nam,1,BD21AI031,excellent
2021/2022,8.4,46.7,AI101_K21_2021_2022_S1,Toán cho AI (Đại số & Giải tích) (K21),hoangquangtungbd21ai032@gmail.com,8.6,7.7,B,Khoa AI - Khóa 21,9.3,Hoàng Quang Tùng,1,BD21AI032,talented_but_lazy
2021/2022,9.8,97.9,AI101_K21_2021_2022_S1,Toán cho AI (Đại số & Giải tích) (K21),đangngoctungbd21ai033@gmail.com,9.2,9.5,A,Khoa AI - Khóa 21,9.7,Đặng Ngọc Tùng,1,BD21AI033,excellent
2021/2022,10.0,98.3,AI101_K21_2021_2022_S1,Toán cho AI (Đại số & Giải tích) (K21),lyvantungbd21ai034@gmail.com,4.7,7.3,B,Khoa AI - Khóa 21,4.1,Lý Văn Tùng,1,BD21AI034,diligent_but_low
2021/2022,3.7,42.9,AI101_K21_2021_2022_S1,Toán cho AI (Đại số & Giải tích) (K21),buikimminhbd21ai035@gmail.com,3.0,3.5,F,Khoa AI - Khóa 21,2.9,Bùi Kim Minh,1,BD21AI035,struggling
2021/2022,9.7,98.0,AI101_K21_2021_2022_S1,Toán cho AI (Đại số & Giải tích) (K21),vođucanbd21ai036@gmail.com,4.0,6.9,C,Khoa AI - Khóa 21,4.4,Võ Đức An,1,BD21AI036,diligent_but_low
2021/2022,3.8,57.0,AI101_K21_2021_2022_S1,Toán cho AI (Đại số & Giải tích) (K21),duongngocsonbd21ai037@gmail.com,2.2,3.4,F,Khoa AI - Khóa 21,3.6,Dương Ngọc Sơn,1,BD21AI037,struggling
2021/2022,9.2,99.5,AI101_K21_2021_2022_S1,Toán cho AI (Đại số & Giải tích) (K21),tranhaiminhbd21ai038@gmail.com,4.3,6.9,C,Khoa AI - Khóa 21,4.2,Trần Hải Minh,1,BD21AI038,diligent_but_low
2021/2022,3.6,59.8,AI101_K21_2021_2022_S1,Toán cho AI (Đại số & Giải tích) (K21),ngoquangdungbd21ai039@gmail.com,3.0,3.8,F,Khoa AI - Khóa 21,2.5,Ngô Quang Dũng,1,BD21AI039,struggling
2021/2022,7.1,56.2,AI101_K21_2021_2022_S1,Toán cho AI (Đại số & Giải tích) (K21),tranđuctungbd21ai040@gmail.com,9.4,7.9,B,Khoa AI - Khóa 21,8.7,Trần Đức Tùng,1,BD21AI040,talented_but_lazy
2021/2022,8.2,51.3,AI102_K21_2021_2022_S1,Xác suất & Thống kê ứng dụng (K21),huynhxuankienbd21ai001@gmail.com,8.7,7.9,B,Khoa AI - Khóa 21,9.8,Huỳnh Xuân Kiên,1,BD21AI001,talented_but_lazy
2021/2022,9.8,97.6,AI102_K21_2021_2022_S1,Xác suất & Thống kê ứng dụng (K21),phamvanbinhbd21ai002@gmail.com,9.9,9.8,A,Khoa AI - Khóa 21,10.0,Phạm Văn Bình,1,BD21AI002,excellent
2021/2022,8.8,90.1,AI102_K21_2021_2022_S1,Xác suất & Thống kê ứng dụng (K21),đangvannambd21ai003@gmail.com,6.4,7.6,B,Khoa AI - Khóa 21,6.6,Đặng Văn Nam,1,BD21AI003,average
2021/2022,8.1,60.5,AI102_K21_2021_2022_S1,Xác suất & Thống kê ứng dụng (K21),tranngocanbd21ai004@gmail.com,8.6,8.0,B,Khoa AI - Khóa 21,9.1,Trần Ngọc An,1,BD21AI004,talented_but_lazy
2021/2022,9.4,99.0,AI102_K21_2021_2022_S1,Xác suất & Thống kê ứng dụng (K21),duongkimcuongbd21ai005@gmail.com,5.4,7.5,B,Khoa AI - Khóa 21,3.1,Dương Kim Cường,1,BD21AI005,diligent_but_low
2021/2022,9.2,97.4,AI102_K21_2021_2022_S1,Xác suất & Thống kê ứng dụng (K21),vukimsonbd21ai006@gmail.com,4.6,7.0,B,Khoa AI - Khóa 21,4.4,Vũ Kim Sơn,1,BD21AI006,diligent_but_low
2021/2022,7.3,40.8,AI102_K21_2021_2022_S1,Xác suất & Thống kê ứng dụng (K21),huynhđucdungbd21ai007@gmail.com,9.4,7.7,B,Khoa AI - Khóa 21,8.8,Huỳnh Đức Dũng,1,BD21AI007,talented_but_lazy
2021/2022,9.4,99.6,AI102_K21_2021_2022_S1,Xác suất & Thống kê ứng dụng (K21),tranquangquanbd21ai008@gmail.com,9.4,9.5,A,Khoa AI - Khóa 21,9.2,Trần Quang Quân,1,BD21AI008,excellent
2021/2022,8.7,86.4,AI102_K21_2021_2022_S1,Xác suất & Thống kê ứng dụng (K21),đohailoibd21ai009@gmail.com,6.3,7.5,B,Khoa AI - Khóa 21,6.1,Đỗ Hải Lợi,1,BD21AI009,average
2021/2022,8.7,60.0,AI102_K21_2021_2022_S1,Xác suất & Thống kê ứng dụng (K21),buithanhlinhbd21ai010@gmail.com,9.6,8.6,A,Khoa AI - Khóa 21,9.2,Bùi Thành Linh,1,BD21AI010,talented_but_lazy
2021/2022,5.0,65.8,AI102_K21_2021_2022_S1,Xác suất & Thống kê ứng dụng (K21),lyvanphucbd21ai011@gmail.com,4.2,4.9,D,Khoa AI - Khóa 21,4.1,Lý Văn Phúc,1,BD21AI011,struggling
2021/2022,9.8,99.0,AI102_K21_2021_2022_S1,Xác suất & Thống kê ứng dụng (K21),phanđucsonbd21ai012@gmail.com,9.6,9.7,A,Khoa AI - Khóa 21,9.9,Phan Đức Sơn,1,BD21AI012,excellent
2021/2022,9.7,98.2,AI102_K21_2021_2022_S1,Xác suất & Thống kê ứng dụng (K21),tranhuuloibd21ai013@gmail.com,5.5,7.6,B,Khoa AI - Khóa 21,3.4,Trần Hữu Lợi,1,BD21AI013,diligent_but_low
2021/2022,7.1,58.5,AI102_K21_2021_2022_S1,Xác suất & Thống kê ứng dụng (K21),leminhlinhbd21ai014@gmail.com,8.9,7.7,B,Khoa AI - Khóa 21,8.7,Lê Minh Linh,1,BD21AI014,talented_but_lazy
2021/2022,8.3,64.1,AI102_K21_2021_2022_S1,Xác suất & Thống kê ứng dụng (K21),duongthanhkienbd21ai015@gmail.com,9.1,8.3,B,Khoa AI - Khóa 21,9.5,Dương Thanh Kiên,1,BD21AI015,talented_but_lazy
2021/2022,9.6,100.0,AI102_K21_2021_2022_S1,Xác suất & Thống kê ứng dụng (K21),duongminhanbd21ai016@gmail.com,3.4,6.6,C,Khoa AI - Khóa 21,3.9,Dương Minh An,1,BD21AI016,diligent_but_low
2021/2022,7.5,58.6,AI102_K21_2021_2022_S1,Xác suất & Thống kê ứng dụng (K21),vuquangtungbd21ai017@gmail.com,9.5,8.2,B,Khoa AI - Khóa 21,8.8,Vũ Quang Tùng,1,BD21AI017,talented_but_lazy
2021/2022,8.9,54.6,AI102_K21_2021_2022_S1,Xác suất & Thống kê ứng dụng (K21),tranquangnambd21ai018@gmail.com,9.3,8.4,B,Khoa AI - Khóa 21,9.0,Trần Quang Nam,1,BD21AI018,talented_but_lazy
2021/2022,9.2,99.1,AI102_K21_2021_2022_S1,Xác suất & Thống kê ứng dụng (K21),đongoccuongbd21ai019@gmail.com,4.2,6.8,C,Khoa AI - Khóa 21,3.1,Đỗ Ngọc Cường,1,BD21AI019,diligent_but_low
2021/2022,9.1,97.2,AI102_K21_2021_2022_S1,Xác suất & Thống kê ứng dụng (K21),lythanhnambd21ai020@gmail.com,3.4,6.4,C,Khoa AI - Khóa 21,4.1,Lý Thanh Nam,1,BD21AI020,diligent_but_low
2021/2022,9.9,96.8,AI102_K21_2021_2022_S1,Xác suất & Thống kê ứng dụng (K21),duongkimloibd21ai021@gmail.com,5.3,7.5,B,Khoa AI - Khóa 21,3.2,Dương Kim Lợi,1,BD21AI021,diligent_but_low
2021/2022,9.7,96.6,AI102_K21_2021_2022_S1,Xác suất & Thống kê ứng dụng (K21),huynhquangdungbd21ai022@gmail.com,3.3,6.5,C,Khoa AI - Khóa 21,4.5,Huỳnh Quang Dũng,1,BD21AI022,diligent_but_low
2021/2022,9.9,97.7,AI102_K21_2021_2022_S1,Xác suất & Thống kê ứng dụng (K21),buithanhkienbd21ai023@gmail.com,9.0,9.4,A,Khoa AI - Khóa 21,9.3,Bùi Thành Kiên,1,BD21AI023,excellent
2021/2022,10.0,99.6,AI102_K21_2021_2022_S1,Xác suất & Thống kê ứng dụng (K21),vongocvinhbd21ai024@gmail.com,5.1,7.5,B,Khoa AI - Khóa 21,5.3,Võ Ngọc Vinh,1,BD21AI024,diligent_but_low
2021/2022,4.4,55.8,AI102_K21_2021_2022_S1,Xác suất & Thống kê ứng dụng (K21),buihuuhabd21ai025@gmail.com,1.8,3.3,F,Khoa AI - Khóa 21,3.3,Bùi Hữu Hà,1,BD21AI025,struggling
2021/2022,7.4,79.1,AI102_K21_2021_2022_S1,Xác suất & Thống kê ứng dụng (K21),duongtuancuongbd21ai026@gmail.com,7.8,7.7,B,Khoa AI - Khóa 21,5.8,Dương Tuấn Cường,1,BD21AI026,average
2021/2022,7.2,82.3,AI102_K21_2021_2022_S1,Xác suất & Thống kê ứng dụng (K21),buiquangsonbd21ai027@gmail.com,6.1,6.9,C,Khoa AI - Khóa 21,7.8,Bùi Quang Sơn,1,BD21AI027,average
2021/2022,9.9,96.6,AI102_K21_2021_2022_S1,Xác suất & Thống kê ứng dụng (K21),đangđucloibd21ai028@gmail.com,9.8,9.8,A,Khoa AI - Khóa 21,9.0,Đặng Đức Lợi,1,BD21AI028,excellent
2021/2022,9.4,94.9,AI102_K21_2021_2022_S1,Xác suất & Thống kê ứng dụng (K21),huynhthanhlinhbd21ai029@gmail.com,9.1,9.3,A,Khoa AI - Khóa 21,9.8,Huỳnh Thành Linh,1,BD21AI029,excellent
2021/2022,8.9,57.7,AI102_K21_2021_2022_S1,Xác suất & Thống kê ứng dụng (K21),nguyenhuukienbd21ai030@gmail.com,9.9,8.7,A,Khoa AI - Khóa 21,8.7,Nguyễn Hữu Kiên,1,BD21AI030,talented_but_lazy
2021/2022,9.6,98.8,AI102_K21_2021_2022_S1,Xác suất & Thống kê ứng dụng (K21),buivannambd21ai031@gmail.com,9.7,9.7,A,Khoa AI - Khóa 21,9.7,Bùi Văn Nam,1,BD21AI031,excellent
2021/2022,7.4,54.5,AI102_K21_2021_2022_S1,Xác suất & Thống kê ứng dụng (K21),hoangquangtungbd21ai032@gmail.com,9.5,8.0,B,Khoa AI - Khóa 21,8.6,Hoàng Quang Tùng,1,BD21AI032,talented_but_lazy
2021/2022,9.8,97.1,AI102_K21_2021_2022_S1,Xác suất & Thống kê ứng dụng (K21),đangngoctungbd21ai033@gmail.com,10.0,9.9,A,Khoa AI - Khóa 21,9.2,Đặng Ngọc Tùng,1,BD21AI033,excellent
2021/2022,9.1,98.9,AI102_K21_2021_2022_S1,Xác suất & Thống kê ứng dụng (K21),lyvantungbd21ai034@gmail.com,5.1,7.2,B,Khoa AI - Khóa 21,4.2,Lý Văn Tùng,1,BD21AI034,diligent_but_low
2021/2022,4.0,71.0,AI102_K21_2021_2022_S1,Xác suất & Thống kê ứng dụng (K21),buikimminhbd21ai035@gmail.com,3.8,4.5,D,Khoa AI - Khóa 21,4.0,Bùi Kim Minh,1,BD21AI035,struggling
2021/2022,9.6,98.6,AI102_K21_2021_2022_S1,Xác suất & Thống kê ứng dụng (K21),vođucanbd21ai036@gmail.com,4.5,7.1,B,Khoa AI - Khóa 21,4.9,Võ Đức An,1,BD21AI036,diligent_but_low
2021/2022,2.5,46.6,AI102_K21_2021_2022_S1,Xác suất & Thống kê ứng dụng (K21),duongngocsonbd21ai037@gmail.com,2.7,3.0,F,Khoa AI - Khóa 21,1.8,Dương Ngọc Sơn,1,BD21AI037,struggling
2021/2022,9.6,97.1,AI102_K21_2021_2022_S1,Xác suất & Thống kê ứng dụng (K21),tranhaiminhbd21ai038@gmail.com,5.4,7.6,B,Khoa AI - Khóa 21,4.5,Trần Hải Minh,1,BD21AI038,diligent_but_low
2021/2022,4.3,56.0,AI102_K21_2021_2022_S1,Xác suất & Thống kê ứng dụng (K21),ngoquangdungbd21ai039@gmail.com,4.2,4.5,D,Khoa AI - Khóa 21,3.8,Ngô Quang Dũng,1,BD21AI039,struggling
2021/2022,7.2,53.1,AI102_K21_2021_2022_S1,Xác suất & Thống kê ứng dụng (K21),tranđuctungbd21ai040@gmail.com,9.9,8.2,B,Khoa AI - Khóa 21,9.3,Trần Đức Tùng,1,BD21AI040,talented_but_lazy
2021/2022,8.2,49.5,AI103_K21_2021_2022_S2,Lập trình Python cho Khoa học dữ liệu (K21),huynhxuankienbd21ai001@gmail.com,9.1,8.0,B,Khoa AI - Khóa 21,8.7,Huỳnh Xuân Kiên,2,BD21AI001,talented_but_lazy
2021/2022,9.5,98.8,AI103_K21_2021_2022_S2,Lập trình Python cho Khoa học dữ liệu (K21),phamvanbinhbd21ai002@gmail.com,9.5,9.6,A,Khoa AI - Khóa 21,9.6,Phạm Văn Bình,2,BD21AI002,excellent
2021/2022,8.2,90.1,AI103_K21_2021_2022_S2,Lập trình Python cho Khoa học dữ liệu (K21),đangvannambd21ai003@gmail.com,8.0,8.2,B,Khoa AI - Khóa 21,5.9,Đặng Văn Nam,2,BD21AI003,average
2021/2022,8.6,41.2,AI103_K21_2021_2022_S2,Lập trình Python cho Khoa học dữ liệu (K21),tranngocanbd21ai004@gmail.com,9.7,8.2,B,Khoa AI - Khóa 21,8.7,Trần Ngọc An,2,BD21AI004,talented_but_lazy
2021/2022,9.0,98.8,AI103_K21_2021_2022_S2,Lập trình Python cho Khoa học dữ liệu (K21),duongkimcuongbd21ai005@gmail.com,3.1,6.3,C,Khoa AI - Khóa 21,3.5,Dương Kim Cường,2,BD21AI005,diligent_but_low
2021/2022,9.1,96.3,AI103_K21_2021_2022_S2,Lập trình Python cho Khoa học dữ liệu (K21),vukimsonbd21ai006@gmail.com,3.3,6.3,C,Khoa AI - Khóa 21,4.0,Vũ Kim Sơn,2,BD21AI006,diligent_but_low
2021/2022,8.5,59.2,AI103_K21_2021_2022_S2,Lập trình Python cho Khoa học dữ liệu (K21),huynhđucdungbd21ai007@gmail.com,8.6,8.0,B,Khoa AI - Khóa 21,8.8,Huỳnh Đức Dũng,2,BD21AI007,talented_but_lazy
2021/2022,9.9,94.1,AI103_K21_2021_2022_S2,Lập trình Python cho Khoa học dữ liệu (K21),tranquangquanbd21ai008@gmail.com,9.1,9.4,A,Khoa AI - Khóa 21,9.6,Trần Quang Quân,2,BD21AI008,excellent
2021/2022,6.7,94.4,AI103_K21_2021_2022_S2,Lập trình Python cho Khoa học dữ liệu (K21),đohailoibd21ai009@gmail.com,6.4,7.1,B,Khoa AI - Khóa 21,7.3,Đỗ Hải Lợi,2,BD21AI009,average
2021/2022,9.1,49.0,AI103_K21_2021_2022_S2,Lập trình Python cho Khoa học dữ liệu (K21),buithanhlinhbd21ai010@gmail.com,8.8,8.1,B,Khoa AI - Khóa 21,9.3,Bùi Thành Linh,2,BD21AI010,talented_but_lazy
2021/2022,4.0,56.9,AI103_K21_2021_2022_S2,Lập trình Python cho Khoa học dữ liệu (K21),lyvanphucbd21ai011@gmail.com,2.1,3.4,F,Khoa AI - Khóa 21,3.2,Lý Văn Phúc,2,BD21AI011,struggling
2021/2022,9.7,97.5,AI103_K21_2021_2022_S2,Lập trình Python cho Khoa học dữ liệu (K21),phanđucsonbd21ai012@gmail.com,9.2,9.4,A,Khoa AI - Khóa 21,10.0,Phan Đức Sơn,2,BD21AI012,excellent
2021/2022,9.8,97.3,AI103_K21_2021_2022_S2,Lập trình Python cho Khoa học dữ liệu (K21),tranhuuloibd21ai013@gmail.com,3.8,6.8,C,Khoa AI - Khóa 21,5.2,Trần Hữu Lợi,2,BD21AI013,diligent_but_low
2021/2022,8.3,46.3,AI103_K21_2021_2022_S2,Lập trình Python cho Khoa học dữ liệu (K21),leminhlinhbd21ai014@gmail.com,8.6,7.7,B,Khoa AI - Khóa 21,9.5,Lê Minh Linh,2,BD21AI014,talented_but_lazy
2021/2022,8.6,57.1,AI103_K21_2021_2022_S2,Lập trình Python cho Khoa học dữ liệu (K21),duongthanhkienbd21ai015@gmail.com,8.8,8.1,B,Khoa AI - Khóa 21,9.7,Dương Thanh Kiên,2,BD21AI015,talented_but_lazy
2021/2022,9.5,98.3,AI103_K21_2021_2022_S2,Lập trình Python cho Khoa học dữ liệu (K21),duongminhanbd21ai016@gmail.com,5.2,7.4,B,Khoa AI - Khóa 21,5.1,Dương Minh An,2,BD21AI016,diligent_but_low
2021/2022,7.8,58.2,AI103_K21_2021_2022_S2,Lập trình Python cho Khoa học dữ liệu (K21),vuquangtungbd21ai017@gmail.com,9.5,8.2,B,Khoa AI - Khóa 21,9.3,Vũ Quang Tùng,2,BD21AI017,talented_but_lazy
2021/2022,8.9,40.8,AI103_K21_2021_2022_S2,Lập trình Python cho Khoa học dữ liệu (K21),tranquangnambd21ai018@gmail.com,9.6,8.3,B,Khoa AI - Khóa 21,9.3,Trần Quang Nam,2,BD21AI018,talented_but_lazy
2021/2022,9.8,96.8,AI103_K21_2021_2022_S2,Lập trình Python cho Khoa học dữ liệu (K21),đongoccuongbd21ai019@gmail.com,4.4,7.1,B,Khoa AI - Khóa 21,3.9,Đỗ Ngọc Cường,2,BD21AI019,diligent_but_low
2021/2022,9.6,96.2,AI103_K21_2021_2022_S2,Lập trình Python cho Khoa học dữ liệu (K21),lythanhnambd21ai020@gmail.com,4.4,7.0,B,Khoa AI - Khóa 21,3.5,Lý Thanh Nam,2,BD21AI020,diligent_but_low
2021/2022,9.9,98.8,AI103_K21_2021_2022_S2,Lập trình Python cho Khoa học dữ liệu (K21),duongkimloibd21ai021@gmail.com,5.4,7.6,B,Khoa AI - Khóa 21,5.0,Dương Kim Lợi,2,BD21AI021,diligent_but_low
2021/2022,9.4,99.1,AI103_K21_2021_2022_S2,Lập trình Python cho Khoa học dữ liệu (K21),huynhquangdungbd21ai022@gmail.com,4.5,7.1,B,Khoa AI - Khóa 21,3.4,Huỳnh Quang Dũng,2,BD21AI022,diligent_but_low
2021/2022,9.7,94.6,AI103_K21_2021_2022_S2,Lập trình Python cho Khoa học dữ liệu (K21),buithanhkienbd21ai023@gmail.com,9.9,9.7,A,Khoa AI - Khóa 21,9.6,Bùi Thành Kiên,2,BD21AI023,excellent
2021/2022,9.9,96.8,AI103_K21_2021_2022_S2,Lập trình Python cho Khoa học dữ liệu (K21),vongocvinhbd21ai024@gmail.com,5.5,7.6,B,Khoa AI - Khóa 21,4.2,Võ Ngọc Vinh,2,BD21AI024,diligent_but_low
2021/2022,3.4,47.0,AI103_K21_2021_2022_S2,Lập trình Python cho Khoa học dữ liệu (K21),buihuuhabd21ai025@gmail.com,2.5,3.2,F,Khoa AI - Khóa 21,3.9,Bùi Hữu Hà,2,BD21AI025,struggling
2021/2022,8.8,71.9,AI103_K21_2021_2022_S2,Lập trình Python cho Khoa học dữ liệu (K21),duongtuancuongbd21ai026@gmail.com,7.9,8.0,B,Khoa AI - Khóa 21,6.8,Dương Tuấn Cường,2,BD21AI026,average
2021/2022,8.5,87.0,AI103_K21_2021_2022_S2,Lập trình Python cho Khoa học dữ liệu (K21),buiquangsonbd21ai027@gmail.com,6.8,7.7,B,Khoa AI - Khóa 21,7.5,Bùi Quang Sơn,2,BD21AI027,average
2021/2022,9.8,95.8,AI103_K21_2021_2022_S2,Lập trình Python cho Khoa học dữ liệu (K21),đangđucloibd21ai028@gmail.com,9.3,9.5,A,Khoa AI - Khóa 21,9.2,Đặng Đức Lợi,2,BD21AI028,excellent
2021/2022,9.4,97.1,AI103_K21_2021_2022_S2,Lập trình Python cho Khoa học dữ liệu (K21),huynhthanhlinhbd21ai029@gmail.com,9.3,9.4,A,Khoa AI - Khóa 21,10.0,Huỳnh Thành Linh,2,BD21AI029,excellent
2021/2022,8.1,42.8,AI103_K21_2021_2022_S2,Lập trình Python cho Khoa học dữ liệu (K21),nguyenhuukienbd21ai030@gmail.com,9.5,8.0,B,Khoa AI - Khóa 21,10.0,Nguyễn Hữu Kiên,2,BD21AI030,talented_but_lazy
2021/2022,9.5,96.1,AI103_K21_2021_2022_S2,Lập trình Python cho Khoa học dữ liệu (K21),buivannambd21ai031@gmail.com,9.7,9.6,A,Khoa AI - Khóa 21,9.0,Bùi Văn Nam,2,BD21AI031,excellent
2021/2022,7.4,52.0,AI103_K21_2021_2022_S2,Lập trình Python cho Khoa học dữ liệu (K21),hoangquangtungbd21ai032@gmail.com,8.6,7.5,B,Khoa AI - Khóa 21,9.9,Hoàng Quang Tùng,2,BD21AI032,talented_but_lazy
2021/2022,9.8,94.5,AI103_K21_2021_2022_S2,Lập trình Python cho Khoa học dữ liệu (K21),đangngoctungbd21ai033@gmail.com,9.1,9.4,A,Khoa AI - Khóa 21,9.7,Đặng Ngọc Tùng,2,BD21AI033,excellent
2021/2022,9.1,99.0,AI103_K21_2021_2022_S2,Lập trình Python cho Khoa học dữ liệu (K21),lyvantungbd21ai034@gmail.com,5.3,7.4,B,Khoa AI - Khóa 21,4.9,Lý Văn Tùng,2,BD21AI034,diligent_but_low
2021/2022,3.3,50.2,AI103_K21_2021_2022_S2,Lập trình Python cho Khoa học dữ liệu (K21),buikimminhbd21ai035@gmail.com,2.8,3.4,F,Khoa AI - Khóa 21,3.6,Bùi Kim Minh,2,BD21AI035,struggling
2021/2022,9.1,99.8,AI103_K21_2021_2022_S2,Lập trình Python cho Khoa học dữ liệu (K21),vođucanbd21ai036@gmail.com,5.2,7.3,B,Khoa AI - Khóa 21,4.5,Võ Đức An,2,BD21AI036,diligent_but_low
2021/2022,4.4,53.8,AI103_K21_2021_2022_S2,Lập trình Python cho Khoa học dữ liệu (K21),duongngocsonbd21ai037@gmail.com,1.6,3.2,F,Khoa AI - Khóa 21,4.2,Dương Ngọc Sơn,2,BD21AI037,struggling
2021/2022,10.0,99.3,AI103_K21_2021_2022_S2,Lập trình Python cho Khoa học dữ liệu (K21),tranhaiminhbd21ai038@gmail.com,4.0,7.0,B,Khoa AI - Khóa 21,5.2,Trần Hải Minh,2,BD21AI038,diligent_but_low
2021/2022,2.5,70.8,AI103_K21_2021_2022_S2,Lập trình Python cho Khoa học dữ liệu (K21),ngoquangdungbd21ai039@gmail.com,2.9,3.6,F,Khoa AI - Khóa 21,2.8,Ngô Quang Dũng,2,BD21AI039,struggling
2021/2022,7.9,53.2,AI103_K21_2021_2022_S2,Lập trình Python cho Khoa học dữ liệu (K21),tranđuctungbd21ai040@gmail.com,8.7,7.8,B,Khoa AI - Khóa 21,8.9,Trần Đức Tùng,2,BD21AI040,talented_but_lazy
2021/2022,7.9,43.4,AI104_K21_2021_2022_S2,Cấu trúc dữ liệu & Giải thuật (K21),huynhxuankienbd21ai001@gmail.com,9.0,7.7,B,Khoa AI - Khóa 21,9.8,Huỳnh Xuân Kiên,2,BD21AI001,talented_but_lazy
2021/2022,9.4,94.7,AI104_K21_2021_2022_S2,Cấu trúc dữ liệu & Giải thuật (K21),phamvanbinhbd21ai002@gmail.com,9.3,9.3,A,Khoa AI - Khóa 21,9.1,Phạm Văn Bình,2,BD21AI002,excellent
2021/2022,7.7,79.2,AI104_K21_2021_2022_S2,Cấu trúc dữ liệu & Giải thuật (K21),đangvannambd21ai003@gmail.com,6.5,7.1,B,Khoa AI - Khóa 21,6.2,Đặng Văn Nam,2,BD21AI003,average
2021/2022,8.2,56.8,AI104_K21_2021_2022_S2,Cấu trúc dữ liệu & Giải thuật (K21),tranngocanbd21ai004@gmail.com,8.6,7.9,B,Khoa AI - Khóa 21,8.8,Trần Ngọc An,2,BD21AI004,talented_but_lazy
2021/2022,9.0,98.8,AI104_K21_2021_2022_S2,Cấu trúc dữ liệu & Giải thuật (K21),duongkimcuongbd21ai005@gmail.com,4.2,6.8,C,Khoa AI - Khóa 21,4.4,Dương Kim Cường,2,BD21AI005,diligent_but_low
2021/2022,9.0,99.6,AI104_K21_2021_2022_S2,Cấu trúc dữ liệu & Giải thuật (K21),vukimsonbd21ai006@gmail.com,3.7,6.6,C,Khoa AI - Khóa 21,4.2,Vũ Kim Sơn,2,BD21AI006,diligent_but_low
2021/2022,8.3,47.5,AI104_K21_2021_2022_S2,Cấu trúc dữ liệu & Giải thuật (K21),huynhđucdungbd21ai007@gmail.com,10.0,8.4,B,Khoa AI - Khóa 21,9.3,Huỳnh Đức Dũng,2,BD21AI007,talented_but_lazy
2021/2022,9.8,97.9,AI104_K21_2021_2022_S2,Cấu trúc dữ liệu & Giải thuật (K21),tranquangquanbd21ai008@gmail.com,9.8,9.8,A,Khoa AI - Khóa 21,9.8,Trần Quang Quân,2,BD21AI008,excellent
2021/2022,7.5,75.8,AI104_K21_2021_2022_S2,Cấu trúc dữ liệu & Giải thuật (K21),đohailoibd21ai009@gmail.com,7.4,7.5,B,Khoa AI - Khóa 21,6.8,Đỗ Hải Lợi,2,BD21AI009,average
2021/2022,7.2,41.4,AI104_K21_2021_2022_S2,Cấu trúc dữ liệu & Giải thuật (K21),buithanhlinhbd21ai010@gmail.com,8.9,7.4,B,Khoa AI - Khóa 21,9.2,Bùi Thành Linh,2,BD21AI010,talented_but_lazy
2021/2022,3.8,74.7,AI104_K21_2021_2022_S2,Cấu trúc dữ liệu & Giải thuật (K21),lyvanphucbd21ai011@gmail.com,1.1,3.2,F,Khoa AI - Khóa 21,2.4,Lý Văn Phúc,2,BD21AI011,struggling
2021/2022,9.5,96.1,AI104_K21_2021_2022_S2,Cấu trúc dữ liệu & Giải thuật (K21),phanđucsonbd21ai012@gmail.com,9.4,9.5,A,Khoa AI - Khóa 21,9.4,Phan Đức Sơn,2,BD21AI012,excellent
2021/2022,9.9,97.5,AI104_K21_2021_2022_S2,Cấu trúc dữ liệu & Giải thuật (K21),tranhuuloibd21ai013@gmail.com,3.8,6.8,C,Khoa AI - Khóa 21,3.7,Trần Hữu Lợi,2,BD21AI013,diligent_but_low
2021/2022,8.9,41.5,AI104_K21_2021_2022_S2,Cấu trúc dữ liệu & Giải thuật (K21),leminhlinhbd21ai014@gmail.com,9.9,8.5,A,Khoa AI - Khóa 21,9.8,Lê Minh Linh,2,BD21AI014,talented_but_lazy
2021/2022,8.2,53.9,AI104_K21_2021_2022_S2,Cấu trúc dữ liệu & Giải thuật (K21),duongthanhkienbd21ai015@gmail.com,9.3,8.2,B,Khoa AI - Khóa 21,8.7,Dương Thanh Kiên,2,BD21AI015,talented_but_lazy
2021/2022,10.0,96.9,AI104_K21_2021_2022_S2,Cấu trúc dữ liệu & Giải thuật (K21),duongminhanbd21ai016@gmail.com,3.8,6.8,C,Khoa AI - Khóa 21,5.5,Dương Minh An,2,BD21AI016,diligent_but_low
2021/2022,8.8,47.4,AI104_K21_2021_2022_S2,Cấu trúc dữ liệu & Giải thuật (K21),vuquangtungbd21ai017@gmail.com,9.4,8.3,B,Khoa AI - Khóa 21,9.8,Vũ Quang Tùng,2,BD21AI017,talented_but_lazy
2021/2022,8.8,46.1,AI104_K21_2021_2022_S2,Cấu trúc dữ liệu & Giải thuật (K21),tranquangnambd21ai018@gmail.com,9.7,8.4,B,Khoa AI - Khóa 21,8.9,Trần Quang Nam,2,BD21AI018,talented_but_lazy
2021/2022,9.8,99.0,AI104_K21_2021_2022_S2,Cấu trúc dữ liệu & Giải thuật (K21),đongoccuongbd21ai019@gmail.com,5.4,7.6,B,Khoa AI - Khóa 21,4.0,Đỗ Ngọc Cường,2,BD21AI019,diligent_but_low
2021/2022,9.8,98.7,AI104_K21_2021_2022_S2,Cấu trúc dữ liệu & Giải thuật (K21),lythanhnambd21ai020@gmail.com,3.9,6.8,C,Khoa AI - Khóa 21,4.2,Lý Thanh Nam,2,BD21AI020,diligent_but_low
2021/2022,9.3,97.7,AI104_K21_2021_2022_S2,Cấu trúc dữ liệu & Giải thuật (K21),duongkimloibd21ai021@gmail.com,4.5,7.0,B,Khoa AI - Khóa 21,4.8,Dương Kim Lợi,2,BD21AI021,diligent_but_low
2021/2022,9.3,96.2,AI104_K21_2021_2022_S2,Cấu trúc dữ liệu & Giải thuật (K21),huynhquangdungbd21ai022@gmail.com,4.0,6.7,C,Khoa AI - Khóa 21,4.3,Huỳnh Quang Dũng,2,BD21AI022,diligent_but_low
2021/2022,9.6,96.0,AI104_K21_2021_2022_S2,Cấu trúc dữ liệu & Giải thuật (K21),buithanhkienbd21ai023@gmail.com,9.3,9.5,A,Khoa AI - Khóa 21,10.0,Bùi Thành Kiên,2,BD21AI023,excellent
2021/2022,9.2,99.3,AI104_K21_2021_2022_S2,Cấu trúc dữ liệu & Giải thuật (K21),vongocvinhbd21ai024@gmail.com,3.1,6.3,C,Khoa AI - Khóa 21,5.0,Võ Ngọc Vinh,2,BD21AI024,diligent_but_low
2021/2022,4.9,74.4,AI104_K21_2021_2022_S2,Cấu trúc dữ liệu & Giải thuật (K21),buihuuhabd21ai025@gmail.com,2.9,4.4,D,Khoa AI - Khóa 21,4.4,Bùi Hữu Hà,2,BD21AI025,struggling
2021/2022,7.2,80.1,AI104_K21_2021_2022_S2,Cấu trúc dữ liệu & Giải thuật (K21),duongtuancuongbd21ai026@gmail.com,5.8,6.6,C,Khoa AI - Khóa 21,6.6,Dương Tuấn Cường,2,BD21AI026,average
2021/2022,8.7,81.4,AI104_K21_2021_2022_S2,Cấu trúc dữ liệu & Giải thuật (K21),buiquangsonbd21ai027@gmail.com,7.0,7.7,B,Khoa AI - Khóa 21,7.4,Bùi Quang Sơn,2,BD21AI027,average
2021/2022,9.8,94.7,AI104_K21_2021_2022_S2,Cấu trúc dữ liệu & Giải thuật (K21),đangđucloibd21ai028@gmail.com,9.6,9.6,A,Khoa AI - Khóa 21,9.6,Đặng Đức Lợi,2,BD21AI028,excellent
2021/2022,9.8,98.3,AI104_K21_2021_2022_S2,Cấu trúc dữ liệu & Giải thuật (K21),huynhthanhlinhbd21ai029@gmail.com,9.8,9.8,A,Khoa AI - Khóa 21,9.9,Huỳnh Thành Linh,2,BD21AI029,excellent
2021/2022,9.1,44.4,AI104_K21_2021_2022_S2,Cấu trúc dữ liệu & Giải thuật (K21),nguyenhuukienbd21ai030@gmail.com,9.3,8.3,B,Khoa AI - Khóa 21,8.6,Nguyễn Hữu Kiên,2,BD21AI030,talented_but_lazy
2021/2022,9.9,97.9,AI104_K21_2021_2022_S2,Cấu trúc dữ liệu & Giải thuật (K21),buivannambd21ai031@gmail.com,9.7,9.8,A,Khoa AI - Khóa 21,9.0,Bùi Văn Nam,2,BD21AI031,excellent
2021/2022,8.8,50.7,AI104_K21_2021_2022_S2,Cấu trúc dữ liệu & Giải thuật (K21),hoangquangtungbd21ai032@gmail.com,9.4,8.4,B,Khoa AI - Khóa 21,9.6,Hoàng Quang Tùng,2,BD21AI032,talented_but_lazy
2021/2022,9.5,94.1,AI104_K21_2021_2022_S2,Cấu trúc dữ liệu & Giải thuật (K21),đangngoctungbd21ai033@gmail.com,9.9,9.7,A,Khoa AI - Khóa 21,9.3,Đặng Ngọc Tùng,2,BD21AI033,excellent
2021/2022,9.8,98.3,AI104_K21_2021_2022_S2,Cấu trúc dữ liệu & Giải thuật (K21),lyvantungbd21ai034@gmail.com,5.4,7.6,B,Khoa AI - Khóa 21,3.8,Lý Văn Tùng,2,BD21AI034,diligent_but_low
2021/2022,3.9,64.7,AI104_K21_2021_2022_S2,Cấu trúc dữ liệu & Giải thuật (K21),buikimminhbd21ai035@gmail.com,2.1,3.5,F,Khoa AI - Khóa 21,3.9,Bùi Kim Minh,2,BD21AI035,struggling
2021/2022,9.5,97.6,AI104_K21_2021_2022_S2,Cấu trúc dữ liệu & Giải thuật (K21),vođucanbd21ai036@gmail.com,4.8,7.2,B,Khoa AI - Khóa 21,3.2,Võ Đức An,2,BD21AI036,diligent_but_low
2021/2022,3.8,52.0,AI104_K21_2021_2022_S2,Cấu trúc dữ liệu & Giải thuật (K21),duongngocsonbd21ai037@gmail.com,3.1,3.7,F,Khoa AI - Khóa 21,2.6,Dương Ngọc Sơn,2,BD21AI037,struggling
2021/2022,9.4,97.0,AI104_K21_2021_2022_S2,Cấu trúc dữ liệu & Giải thuật (K21),tranhaiminhbd21ai038@gmail.com,3.6,6.6,C,Khoa AI - Khóa 21,4.1,Trần Hải Minh,2,BD21AI038,diligent_but_low
2021/2022,2.0,57.6,AI104_K21_2021_2022_S2,Cấu trúc dữ liệu & Giải thuật (K21),ngoquangdungbd21ai039@gmail.com,1.5,2.5,F,Khoa AI - Khóa 21,4.3,Ngô Quang Dũng,2,BD21AI039,struggling
2021/2022,7.6,48.9,AI104_K21_2021_2022_S2,Cấu trúc dữ liệu & Giải thuật (K21),tranđuctungbd21ai040@gmail.com,9.1,7.8,B,Khoa AI - Khóa 21,8.9,Trần Đức Tùng,2,BD21AI040,talented_but_lazy
2022/2023,7.5,41.9,AI201_K21_2022_2023_S1,Machine Learning (Học máy) (K21),huynhxuankienbd21ai001@gmail.com,9.8,8.0,B,Khoa AI - Khóa 21,9.3,Huỳnh Xuân Kiên,1,BD21AI001,talented_but_lazy
2022/2023,9.8,99.1,AI201_K21_2022_2023_S1,Machine Learning (Học máy) (K21),phamvanbinhbd21ai002@gmail.com,9.8,9.8,A,Khoa AI - Khóa 21,9.1,Phạm Văn Bình,1,BD21AI002,excellent
2022/2023,8.8,90.7,AI201_K21_2022_2023_S1,Machine Learning (Học máy) (K21),đangvannambd21ai003@gmail.com,5.0,7.0,B,Khoa AI - Khóa 21,6.9,Đặng Văn Nam,1,BD21AI003,average
2022/2023,8.7,53.0,AI201_K21_2022_2023_S1,Machine Learning (Học máy) (K21),tranngocanbd21ai004@gmail.com,8.6,8.0,B,Khoa AI - Khóa 21,8.9,Trần Ngọc An,1,BD21AI004,talented_but_lazy
2022/2023,9.1,99.8,AI201_K21_2022_2023_S1,Machine Learning (Học máy) (K21),duongkimcuongbd21ai005@gmail.com,3.3,6.4,C,Khoa AI - Khóa 21,5.4,Dương Kim Cường,1,BD21AI005,diligent_but_low
2022/2023,9.7,99.8,AI201_K21_2022_2023_S1,Machine Learning (Học máy) (K21),vukimsonbd21ai006@gmail.com,4.4,7.1,B,Khoa AI - Khóa 21,3.4,Vũ Kim Sơn,1,BD21AI006,diligent_but_low
2022/2023,7.8,64.0,AI201_K21_2022_2023_S1,Machine Learning (Học máy) (K21),huynhđucdungbd21ai007@gmail.com,9.3,8.3,B,Khoa AI - Khóa 21,9.0,Huỳnh Đức Dũng,1,BD21AI007,talented_but_lazy
2022/2023,9.9,95.3,AI201_K21_2022_2023_S1,Machine Learning (Học máy) (K21),tranquangquanbd21ai008@gmail.com,9.9,9.8,A,Khoa AI - Khóa 21,9.0,Trần Quang Quân,1,BD21AI008,excellent
2022/2023,8.0,78.0,AI201_K21_2022_2023_S1,Machine Learning (Học máy) (K21),đohailoibd21ai009@gmail.com,5.1,6.5,C,Khoa AI - Khóa 21,6.8,Đỗ Hải Lợi,1,BD21AI009,average
2022/2023,7.9,60.0,AI201_K21_2022_2023_S1,Machine Learning (Học máy) (K21),buithanhlinhbd21ai010@gmail.com,9.6,8.4,B,Khoa AI - Khóa 21,8.8,Bùi Thành Linh,1,BD21AI010,talented_but_lazy
2022/2023,2.8,41.7,AI201_K21_2022_2023_S1,Machine Learning (Học máy) (K21),lyvanphucbd21ai011@gmail.com,1.8,2.6,F,Khoa AI - Khóa 21,1.7,Lý Văn Phúc,1,BD21AI011,struggling
2022/2023,9.5,94.1,AI201_K21_2022_2023_S1,Machine Learning (Học máy) (K21),phanđucsonbd21ai012@gmail.com,9.4,9.5,A,Khoa AI - Khóa 21,9.7,Phan Đức Sơn,1,BD21AI012,excellent
2022/2023,9.3,99.6,AI201_K21_2022_2023_S1,Machine Learning (Học máy) (K21),tranhuuloibd21ai013@gmail.com,3.4,6.5,C,Khoa AI - Khóa 21,4.8,Trần Hữu Lợi,1,BD21AI013,diligent_but_low
2022/2023,8.7,52.0,AI201_K21_2022_2023_S1,Machine Learning (Học máy) (K21),leminhlinhbd21ai014@gmail.com,9.6,8.5,A,Khoa AI - Khóa 21,9.4,Lê Minh Linh,1,BD21AI014,talented_but_lazy
2022/2023,7.5,51.0,AI201_K21_2022_2023_S1,Machine Learning (Học máy) (K21),duongthanhkienbd21ai015@gmail.com,9.3,7.9,B,Khoa AI - Khóa 21,8.8,Dương Thanh Kiên,1,BD21AI015,talented_but_lazy
2022/2023,9.6,96.5,AI201_K21_2022_2023_S1,Machine Learning (Học máy) (K21),duongminhanbd21ai016@gmail.com,4.0,6.8,C,Khoa AI - Khóa 21,4.5,Dương Minh An,1,BD21AI016,diligent_but_low
2022/2023,8.6,58.9,AI201_K21_2022_2023_S1,Machine Learning (Học máy) (K21),vuquangtungbd21ai017@gmail.com,9.8,8.7,A,Khoa AI - Khóa 21,10.0,Vũ Quang Tùng,1,BD21AI017,talented_but_lazy
2022/2023,8.2,64.3,AI201_K21_2022_2023_S1,Machine Learning (Học máy) (K21),tranquangnambd21ai018@gmail.com,9.8,8.6,A,Khoa AI - Khóa 21,9.6,Trần Quang Nam,1,BD21AI018,talented_but_lazy
2022/2023,10.0,96.7,AI201_K21_2022_2023_S1,Machine Learning (Học máy) (K21),đongoccuongbd21ai019@gmail.com,3.5,6.7,C,Khoa AI - Khóa 21,4.5,Đỗ Ngọc Cường,1,BD21AI019,diligent_but_low
2022/2023,10.0,96.7,AI201_K21_2022_2023_S1,Machine Learning (Học máy) (K21),lythanhnambd21ai020@gmail.com,3.4,6.6,C,Khoa AI - Khóa 21,5.1,Lý Thanh Nam,1,BD21AI020,diligent_but_low
2022/2023,9.3,96.6,AI201_K21_2022_2023_S1,Machine Learning (Học máy) (K21),duongkimloibd21ai021@gmail.com,4.2,6.8,C,Khoa AI - Khóa 21,5.1,Dương Kim Lợi,1,BD21AI021,diligent_but_low
2022/2023,9.4,96.3,AI201_K21_2022_2023_S1,Machine Learning (Học máy) (K21),huynhquangdungbd21ai022@gmail.com,5.3,7.4,B,Khoa AI - Khóa 21,3.3,Huỳnh Quang Dũng,1,BD21AI022,diligent_but_low
2022/2023,9.8,98.1,AI201_K21_2022_2023_S1,Machine Learning (Học máy) (K21),buithanhkienbd21ai023@gmail.com,9.6,9.7,A,Khoa AI - Khóa 21,9.8,Bùi Thành Kiên,1,BD21AI023,excellent
2022/2023,10.0,98.3,AI201_K21_2022_2023_S1,Machine Learning (Học máy) (K21),vongocvinhbd21ai024@gmail.com,4.5,7.2,B,Khoa AI - Khóa 21,4.5,Võ Ngọc Vinh,1,BD21AI024,diligent_but_low
2022/2023,3.4,72.2,AI201_K21_2022_2023_S1,Machine Learning (Học máy) (K21),buihuuhabd21ai025@gmail.com,2.3,3.6,F,Khoa AI - Khóa 21,4.4,Bùi Hữu Hà,1,BD21AI025,struggling
2022/2023,6.9,72.3,AI201_K21_2022_2023_S1,Machine Learning (Học máy) (K21),duongtuancuongbd21ai026@gmail.com,6.9,7.0,B,Khoa AI - Khóa 21,6.3,Dương Tuấn Cường,1,BD21AI026,average
2022/2023,7.3,93.4,AI201_K21_2022_2023_S1,Machine Learning (Học máy) (K21),buiquangsonbd21ai027@gmail.com,6.2,7.1,B,Khoa AI - Khóa 21,5.9,Bùi Quang Sơn,1,BD21AI027,average
2022/2023,9.9,95.0,AI201_K21_2022_2023_S1,Machine Learning (Học máy) (K21),đangđucloibd21ai028@gmail.com,9.7,9.7,A,Khoa AI - Khóa 21,9.3,Đặng Đức Lợi,1,BD21AI028,excellent
2022/2023,9.5,95.9,AI201_K21_2022_2023_S1,Machine Learning (Học máy) (K21),huynhthanhlinhbd21ai029@gmail.com,9.1,9.3,A,Khoa AI - Khóa 21,9.4,Huỳnh Thành Linh,1,BD21AI029,excellent
2022/2023,8.6,45.5,AI201_K21_2022_2023_S1,Machine Learning (Học máy) (K21),nguyenhuukienbd21ai030@gmail.com,9.1,8.0,B,Khoa AI - Khóa 21,9.7,Nguyễn Hữu Kiên,1,BD21AI030,talented_but_lazy
2022/2023,9.8,99.7,AI201_K21_2022_2023_S1,Machine Learning (Học máy) (K21),buivannambd21ai031@gmail.com,9.2,9.5,A,Khoa AI - Khóa 21,9.3,Bùi Văn Nam,1,BD21AI031,excellent
2022/2023,8.2,49.5,AI201_K21_2022_2023_S1,Machine Learning (Học máy) (K21),hoangquangtungbd21ai032@gmail.com,8.8,7.8,B,Khoa AI - Khóa 21,9.0,Hoàng Quang Tùng,1,BD21AI032,talented_but_lazy
2022/2023,9.9,99.8,AI201_K21_2022_2023_S1,Machine Learning (Học máy) (K21),đangngoctungbd21ai033@gmail.com,9.1,9.5,A,Khoa AI - Khóa 21,9.3,Đặng Ngọc Tùng,1,BD21AI033,excellent
2022/2023,10.0,96.1,AI201_K21_2022_2023_S1,Machine Learning (Học máy) (K21),lyvantungbd21ai034@gmail.com,3.4,6.6,C,Khoa AI - Khóa 21,5.1,Lý Văn Tùng,1,BD21AI034,diligent_but_low
2022/2023,3.4,72.4,AI201_K21_2022_2023_S1,Machine Learning (Học máy) (K21),buikimminhbd21ai035@gmail.com,3.4,4.1,D,Khoa AI - Khóa 21,3.5,Bùi Kim Minh,1,BD21AI035,struggling
2022/2023,9.7,96.1,AI201_K21_2022_2023_S1,Machine Learning (Học máy) (K21),vođucanbd21ai036@gmail.com,3.2,6.4,C,Khoa AI - Khóa 21,4.8,Võ Đức An,1,BD21AI036,diligent_but_low
2022/2023,4.6,69.1,AI201_K21_2022_2023_S1,Machine Learning (Học máy) (K21),duongngocsonbd21ai037@gmail.com,2.1,3.8,F,Khoa AI - Khóa 21,3.9,Dương Ngọc Sơn,1,BD21AI037,struggling
2022/2023,9.2,98.2,AI201_K21_2022_2023_S1,Machine Learning (Học máy) (K21),tranhaiminhbd21ai038@gmail.com,3.2,6.3,C,Khoa AI - Khóa 21,4.4,Trần Hải Minh,1,BD21AI038,diligent_but_low
2022/2023,4.1,45.4,AI201_K21_2022_2023_S1,Machine Learning (Học máy) (K21),ngoquangdungbd21ai039@gmail.com,3.2,3.7,F,Khoa AI - Khóa 21,2.9,Ngô Quang Dũng,1,BD21AI039,struggling
2022/2023,9.1,48.2,AI201_K21_2022_2023_S1,Machine Learning (Học máy) (K21),tranđuctungbd21ai040@gmail.com,9.9,8.6,A,Khoa AI - Khóa 21,9.1,Trần Đức Tùng,1,BD21AI040,talented_but_lazy
2022/2023,8.9,53.5,AI202_K21_2022_2023_S1,Deep Learning (Học sâu) (K21),huynhxuankienbd21ai001@gmail.com,8.7,8.1,B,Khoa AI - Khóa 21,8.7,Huỳnh Xuân Kiên,1,BD21AI001,talented_but_lazy
2022/2023,9.5,95.7,AI202_K21_2022_2023_S1,Deep Learning (Học sâu) (K21),phamvanbinhbd21ai002@gmail.com,9.6,9.6,A,Khoa AI - Khóa 21,9.8,Phạm Văn Bình,1,BD21AI002,excellent
2022/2023,8.4,91.5,AI202_K21_2022_2023_S1,Deep Learning (Học sâu) (K21),đangvannambd21ai003@gmail.com,5.0,6.9,C,Khoa AI - Khóa 21,7.1,Đặng Văn Nam,1,BD21AI003,average
2022/2023,8.2,51.3,AI202_K21_2022_2023_S1,Deep Learning (Học sâu) (K21),tranngocanbd21ai004@gmail.com,8.7,7.8,B,Khoa AI - Khóa 21,9.2,Trần Ngọc An,1,BD21AI004,talented_but_lazy
2022/2023,9.8,97.2,AI202_K21_2022_2023_S1,Deep Learning (Học sâu) (K21),duongkimcuongbd21ai005@gmail.com,4.5,7.1,B,Khoa AI - Khóa 21,5.4,Dương Kim Cường,1,BD21AI005,diligent_but_low
2022/2023,9.9,96.1,AI202_K21_2022_2023_S1,Deep Learning (Học sâu) (K21),vukimsonbd21ai006@gmail.com,4.0,6.9,C,Khoa AI - Khóa 21,4.7,Vũ Kim Sơn,1,BD21AI006,diligent_but_low
2022/2023,7.7,47.7,AI202_K21_2022_2023_S1,Deep Learning (Học sâu) (K21),huynhđucdungbd21ai007@gmail.com,9.1,7.8,B,Khoa AI - Khóa 21,9.9,Huỳnh Đức Dũng,1,BD21AI007,talented_but_lazy
2022/2023,9.9,98.9,AI202_K21_2022_2023_S1,Deep Learning (Học sâu) (K21),tranquangquanbd21ai008@gmail.com,9.9,9.9,A,Khoa AI - Khóa 21,9.2,Trần Quang Quân,1,BD21AI008,excellent
2022/2023,7.0,81.0,AI202_K21_2022_2023_S1,Deep Learning (Học sâu) (K21),đohailoibd21ai009@gmail.com,7.5,7.5,B,Khoa AI - Khóa 21,5.9,Đỗ Hải Lợi,1,BD21AI009,average
2022/2023,8.6,60.8,AI202_K21_2022_2023_S1,Deep Learning (Học sâu) (K21),buithanhlinhbd21ai010@gmail.com,9.2,8.4,B,Khoa AI - Khóa 21,9.4,Bùi Thành Linh,1,BD21AI010,talented_but_lazy
2022/2023,2.7,45.8,AI202_K21_2022_2023_S1,Deep Learning (Học sâu) (K21),lyvanphucbd21ai011@gmail.com,2.1,2.8,F,Khoa AI - Khóa 21,2.8,Lý Văn Phúc,1,BD21AI011,struggling
2022/2023,9.9,98.6,AI202_K21_2022_2023_S1,Deep Learning (Học sâu) (K21),phanđucsonbd21ai012@gmail.com,9.5,9.7,A,Khoa AI - Khóa 21,9.9,Phan Đức Sơn,1,BD21AI012,excellent
2022/2023,9.7,99.6,AI202_K21_2022_2023_S1,Deep Learning (Học sâu) (K21),tranhuuloibd21ai013@gmail.com,3.5,6.7,C,Khoa AI - Khóa 21,3.9,Trần Hữu Lợi,1,BD21AI013,diligent_but_low
2022/2023,8.5,59.1,AI202_K21_2022_2023_S1,Deep Learning (Học sâu) (K21),leminhlinhbd21ai014@gmail.com,8.6,8.1,B,Khoa AI - Khóa 21,8.7,Lê Minh Linh,1,BD21AI014,talented_but_lazy
2022/2023,8.6,40.2,AI202_K21_2022_2023_S1,Deep Learning (Học sâu) (K21),duongthanhkienbd21ai015@gmail.com,9.4,8.1,B,Khoa AI - Khóa 21,9.6,Dương Thanh Kiên,1,BD21AI015,talented_but_lazy
2022/2023,9.4,98.6,AI202_K21_2022_2023_S1,Deep Learning (Học sâu) (K21),duongminhanbd21ai016@gmail.com,3.6,6.6,C,Khoa AI - Khóa 21,4.3,Dương Minh An,1,BD21AI016,diligent_but_low
2022/2023,7.2,43.3,AI202_K21_2022_2023_S1,Deep Learning (Học sâu) (K21),vuquangtungbd21ai017@gmail.com,8.8,7.4,B,Khoa AI - Khóa 21,8.7,Vũ Quang Tùng,1,BD21AI017,talented_but_lazy
2022/2023,8.3,56.3,AI202_K21_2022_2023_S1,Deep Learning (Học sâu) (K21),tranquangnambd21ai018@gmail.com,9.1,8.2,B,Khoa AI - Khóa 21,9.3,Trần Quang Nam,1,BD21AI018,talented_but_lazy
2022/2023,9.3,99.5,AI202_K21_2022_2023_S1,Deep Learning (Học sâu) (K21),đongoccuongbd21ai019@gmail.com,5.4,7.5,B,Khoa AI - Khóa 21,4.1,Đỗ Ngọc Cường,1,BD21AI019,diligent_but_low
2022/2023,9.4,97.3,AI202_K21_2022_2023_S1,Deep Learning (Học sâu) (K21),lythanhnambd21ai020@gmail.com,4.7,7.1,B,Khoa AI - Khóa 21,4.4,Lý Thanh Nam,1,BD21AI020,diligent_but_low
2022/2023,10.0,99.6,AI202_K21_2022_2023_S1,Deep Learning (Học sâu) (K21),duongkimloibd21ai021@gmail.com,3.5,6.7,C,Khoa AI - Khóa 21,5.5,Dương Kim Lợi,1,BD21AI021,diligent_but_low
2022/2023,9.8,99.1,AI202_K21_2022_2023_S1,Deep Learning (Học sâu) (K21),huynhquangdungbd21ai022@gmail.com,5.1,7.5,B,Khoa AI - Khóa 21,5.5,Huỳnh Quang Dũng,1,BD21AI022,diligent_but_low
2022/2023,9.7,98.7,AI202_K21_2022_2023_S1,Deep Learning (Học sâu) (K21),buithanhkienbd21ai023@gmail.com,9.1,9.5,A,Khoa AI - Khóa 21,9.9,Bùi Thành Kiên,1,BD21AI023,excellent
2022/2023,9.9,98.7,AI202_K21_2022_2023_S1,Deep Learning (Học sâu) (K21),vongocvinhbd21ai024@gmail.com,3.9,6.9,C,Khoa AI - Khóa 21,4.3,Võ Ngọc Vinh,1,BD21AI024,diligent_but_low
2022/2023,3.2,46.7,AI202_K21_2022_2023_S1,Deep Learning (Học sâu) (K21),buihuuhabd21ai025@gmail.com,2.8,3.3,F,Khoa AI - Khóa 21,2.5,Bùi Hữu Hà,1,BD21AI025,struggling
2022/2023,7.7,91.2,AI202_K21_2022_2023_S1,Deep Learning (Học sâu) (K21),duongtuancuongbd21ai026@gmail.com,6.3,7.3,B,Khoa AI - Khóa 21,6.5,Dương Tuấn Cường,1,BD21AI026,average
2022/2023,7.7,94.0,AI202_K21_2022_2023_S1,Deep Learning (Học sâu) (K21),buiquangsonbd21ai027@gmail.com,7.9,8.1,B,Khoa AI - Khóa 21,5.9,Bùi Quang Sơn,1,BD21AI027,average
2022/2023,9.8,95.4,AI202_K21_2022_2023_S1,Deep Learning (Học sâu) (K21),đangđucloibd21ai028@gmail.com,9.3,9.5,A,Khoa AI - Khóa 21,9.7,Đặng Đức Lợi,1,BD21AI028,excellent
2022/2023,9.8,99.2,AI202_K21_2022_2023_S1,Deep Learning (Học sâu) (K21),huynhthanhlinhbd21ai029@gmail.com,9.2,9.5,A,Khoa AI - Khóa 21,9.1,Huỳnh Thành Linh,1,BD21AI029,excellent
2022/2023,7.2,64.5,AI202_K21_2022_2023_S1,Deep Learning (Học sâu) (K21),nguyenhuukienbd21ai030@gmail.com,9.6,8.2,B,Khoa AI - Khóa 21,9.9,Nguyễn Hữu Kiên,1,BD21AI030,talented_but_lazy
2022/2023,9.7,99.2,AI202_K21_2022_2023_S1,Deep Learning (Học sâu) (K21),buivannambd21ai031@gmail.com,9.6,9.7,A,Khoa AI - Khóa 21,9.3,Bùi Văn Nam,1,BD21AI031,excellent
2022/2023,8.1,52.3,AI202_K21_2022_2023_S1,Deep Learning (Học sâu) (K21),hoangquangtungbd21ai032@gmail.com,8.7,7.8,B,Khoa AI - Khóa 21,9.5,Hoàng Quang Tùng,1,BD21AI032,talented_but_lazy
2022/2023,9.9,99.9,AI202_K21_2022_2023_S1,Deep Learning (Học sâu) (K21),đangngoctungbd21ai033@gmail.com,9.9,9.9,A,Khoa AI - Khóa 21,9.3,Đặng Ngọc Tùng,1,BD21AI033,excellent
2022/2023,9.8,99.5,AI202_K21_2022_2023_S1,Deep Learning (Học sâu) (K21),lyvantungbd21ai034@gmail.com,4.0,6.9,C,Khoa AI - Khóa 21,3.8,Lý Văn Tùng,1,BD21AI034,diligent_but_low
2022/2023,4.8,51.9,AI202_K21_2022_2023_S1,Deep Learning (Học sâu) (K21),buikimminhbd21ai035@gmail.com,2.2,3.6,F,Khoa AI - Khóa 21,1.7,Bùi Kim Minh,1,BD21AI035,struggling
2022/2023,9.1,98.8,AI202_K21_2022_2023_S1,Deep Learning (Học sâu) (K21),vođucanbd21ai036@gmail.com,3.8,6.6,C,Khoa AI - Khóa 21,3.4,Võ Đức An,1,BD21AI036,diligent_but_low
2022/2023,3.2,69.8,AI202_K21_2022_2023_S1,Deep Learning (Học sâu) (K21),duongngocsonbd21ai037@gmail.com,1.9,3.3,F,Khoa AI - Khóa 21,4.3,Dương Ngọc Sơn,1,BD21AI037,struggling
2022/2023,9.7,98.1,AI202_K21_2022_2023_S1,Deep Learning (Học sâu) (K21),tranhaiminhbd21ai038@gmail.com,3.7,6.8,C,Khoa AI - Khóa 21,4.6,Trần Hải Minh,1,BD21AI038,diligent_but_low
2022/2023,4.5,74.1,AI202_K21_2022_2023_S1,Deep Learning (Học sâu) (K21),ngoquangdungbd21ai039@gmail.com,4.0,4.8,D,Khoa AI - Khóa 21,2.0,Ngô Quang Dũng,1,BD21AI039,struggling
2022/2023,7.4,41.9,AI202_K21_2022_2023_S1,Deep Learning (Học sâu) (K21),tranđuctungbd21ai040@gmail.com,9.6,7.9,B,Khoa AI - Khóa 21,9.0,Trần Đức Tùng,1,BD21AI040,talented_but_lazy
2022/2023,8.3,44.4,AI203_K21_2022_2023_S2,Computer Vision (Thị giác máy tính) (K21),huynhxuankienbd21ai001@gmail.com,8.7,7.7,B,Khoa AI - Khóa 21,9.3,Huỳnh Xuân Kiên,2,BD21AI001,talented_but_lazy
2022/2023,9.9,99.0,AI203_K21_2022_2023_S2,Computer Vision (Thị giác máy tính) (K21),phamvanbinhbd21ai002@gmail.com,9.4,9.6,A,Khoa AI - Khóa 21,9.5,Phạm Văn Bình,2,BD21AI002,excellent
2022/2023,8.6,71.5,AI203_K21_2022_2023_S2,Computer Vision (Thị giác máy tính) (K21),đangvannambd21ai003@gmail.com,5.2,6.6,C,Khoa AI - Khóa 21,7.0,Đặng Văn Nam,2,BD21AI003,average
2022/2023,8.7,45.3,AI203_K21_2022_2023_S2,Computer Vision (Thị giác máy tính) (K21),tranngocanbd21ai004@gmail.com,8.8,7.9,B,Khoa AI - Khóa 21,9.1,Trần Ngọc An,2,BD21AI004,talented_but_lazy
2022/2023,9.5,99.4,AI203_K21_2022_2023_S2,Computer Vision (Thị giác máy tính) (K21),duongkimcuongbd21ai005@gmail.com,4.1,6.9,C,Khoa AI - Khóa 21,4.3,Dương Kim Cường,2,BD21AI005,diligent_but_low
2022/2023,9.0,99.9,AI203_K21_2022_2023_S2,Computer Vision (Thị giác máy tính) (K21),vukimsonbd21ai006@gmail.com,4.1,6.7,C,Khoa AI - Khóa 21,4.6,Vũ Kim Sơn,2,BD21AI006,diligent_but_low
2022/2023,8.0,44.1,AI203_K21_2022_2023_S2,Computer Vision (Thị giác máy tính) (K21),huynhđucdungbd21ai007@gmail.com,9.2,7.9,B,Khoa AI - Khóa 21,9.7,Huỳnh Đức Dũng,2,BD21AI007,talented_but_lazy
2022/2023,9.9,94.0,AI203_K21_2022_2023_S2,Computer Vision (Thị giác máy tính) (K21),tranquangquanbd21ai008@gmail.com,9.9,9.8,A,Khoa AI - Khóa 21,9.1,Trần Quang Quân,2,BD21AI008,excellent
2022/2023,7.1,83.3,AI203_K21_2022_2023_S2,Computer Vision (Thị giác máy tính) (K21),đohailoibd21ai009@gmail.com,6.8,7.2,B,Khoa AI - Khóa 21,5.9,Đỗ Hải Lợi,2,BD21AI009,average
2022/2023,7.3,43.0,AI203_K21_2022_2023_S2,Computer Vision (Thị giác máy tính) (K21),buithanhlinhbd21ai010@gmail.com,9.0,7.6,B,Khoa AI - Khóa 21,8.5,Bùi Thành Linh,2,BD21AI010,talented_but_lazy
2022/2023,3.9,54.0,AI203_K21_2022_2023_S2,Computer Vision (Thị giác máy tính) (K21),lyvanphucbd21ai011@gmail.com,1.9,3.2,F,Khoa AI - Khóa 21,3.0,Lý Văn Phúc,2,BD21AI011,struggling
2022/2023,9.8,98.8,AI203_K21_2022_2023_S2,Computer Vision (Thị giác máy tính) (K21),phanđucsonbd21ai012@gmail.com,9.7,9.8,A,Khoa AI - Khóa 21,9.4,Phan Đức Sơn,2,BD21AI012,excellent
2022/2023,9.5,96.7,AI203_K21_2022_2023_S2,Computer Vision (Thị giác máy tính) (K21),tranhuuloibd21ai013@gmail.com,4.3,6.9,C,Khoa AI - Khóa 21,3.9,Trần Hữu Lợi,2,BD21AI013,diligent_but_low
2022/2023,8.1,56.0,AI203_K21_2022_2023_S2,Computer Vision (Thị giác máy tính) (K21),leminhlinhbd21ai014@gmail.com,9.9,8.5,A,Khoa AI - Khóa 21,9.2,Lê Minh Linh,2,BD21AI014,talented_but_lazy
2022/2023,7.5,50.7,AI203_K21_2022_2023_S2,Computer Vision (Thị giác máy tính) (K21),duongthanhkienbd21ai015@gmail.com,8.8,7.6,B,Khoa AI - Khóa 21,9.6,Dương Thanh Kiên,2,BD21AI015,talented_but_lazy
2022/2023,9.5,98.1,AI203_K21_2022_2023_S2,Computer Vision (Thị giác máy tính) (K21),duongminhanbd21ai016@gmail.com,4.5,7.1,B,Khoa AI - Khóa 21,4.6,Dương Minh An,2,BD21AI016,diligent_but_low
2022/2023,8.1,62.9,AI203_K21_2022_2023_S2,Computer Vision (Thị giác máy tính) (K21),vuquangtungbd21ai017@gmail.com,9.9,8.7,A,Khoa AI - Khóa 21,8.8,Vũ Quang Tùng,2,BD21AI017,talented_but_lazy
2022/2023,8.6,43.4,AI203_K21_2022_2023_S2,Computer Vision (Thị giác máy tính) (K21),tranquangnambd21ai018@gmail.com,9.2,8.0,B,Khoa AI - Khóa 21,9.8,Trần Quang Nam,2,BD21AI018,talented_but_lazy
2022/2023,9.6,97.8,AI203_K21_2022_2023_S2,Computer Vision (Thị giác máy tính) (K21),đongoccuongbd21ai019@gmail.com,4.3,7.0,B,Khoa AI - Khóa 21,5.1,Đỗ Ngọc Cường,2,BD21AI019,diligent_but_low
2022/2023,9.7,97.7,AI203_K21_2022_2023_S2,Computer Vision (Thị giác máy tính) (K21),lythanhnambd21ai020@gmail.com,3.4,6.6,C,Khoa AI - Khóa 21,3.5,Lý Thanh Nam,2,BD21AI020,diligent_but_low
2022/2023,9.6,96.6,AI203_K21_2022_2023_S2,Computer Vision (Thị giác máy tính) (K21),duongkimloibd21ai021@gmail.com,4.2,6.9,C,Khoa AI - Khóa 21,3.8,Dương Kim Lợi,2,BD21AI021,diligent_but_low
2022/2023,10.0,98.3,AI203_K21_2022_2023_S2,Computer Vision (Thị giác máy tính) (K21),huynhquangdungbd21ai022@gmail.com,3.4,6.7,C,Khoa AI - Khóa 21,4.4,Huỳnh Quang Dũng,2,BD21AI022,diligent_but_low
2022/2023,9.4,94.2,AI203_K21_2022_2023_S2,Computer Vision (Thị giác máy tính) (K21),buithanhkienbd21ai023@gmail.com,9.3,9.3,A,Khoa AI - Khóa 21,9.6,Bùi Thành Kiên,2,BD21AI023,excellent
2022/2023,10.0,98.2,AI203_K21_2022_2023_S2,Computer Vision (Thị giác máy tính) (K21),vongocvinhbd21ai024@gmail.com,4.9,7.4,B,Khoa AI - Khóa 21,5.1,Võ Ngọc Vinh,2,BD21AI024,diligent_but_low
2022/2023,2.8,71.4,AI203_K21_2022_2023_S2,Computer Vision (Thị giác máy tính) (K21),buihuuhabd21ai025@gmail.com,4.3,4.4,D,Khoa AI - Khóa 21,2.8,Bùi Hữu Hà,2,BD21AI025,struggling
2022/2023,6.6,76.4,AI203_K21_2022_2023_S2,Computer Vision (Thị giác máy tính) (K21),duongtuancuongbd21ai026@gmail.com,6.1,6.6,C,Khoa AI - Khóa 21,6.3,Dương Tuấn Cường,2,BD21AI026,average
2022/2023,7.1,93.6,AI203_K21_2022_2023_S2,Computer Vision (Thị giác máy tính) (K21),buiquangsonbd21ai027@gmail.com,5.7,6.8,C,Khoa AI - Khóa 21,7.5,Bùi Quang Sơn,2,BD21AI027,average
2022/2023,9.6,99.9,AI203_K21_2022_2023_S2,Computer Vision (Thị giác máy tính) (K21),đangđucloibd21ai028@gmail.com,9.3,9.5,A,Khoa AI - Khóa 21,9.5,Đặng Đức Lợi,2,BD21AI028,excellent
2022/2023,9.9,99.0,AI203_K21_2022_2023_S2,Computer Vision (Thị giác máy tính) (K21),huynhthanhlinhbd21ai029@gmail.com,9.6,9.7,A,Khoa AI - Khóa 21,9.4,Huỳnh Thành Linh,2,BD21AI029,excellent
2022/2023,7.5,55.4,AI203_K21_2022_2023_S2,Computer Vision (Thị giác máy tính) (K21),nguyenhuukienbd21ai030@gmail.com,9.3,8.0,B,Khoa AI - Khóa 21,9.7,Nguyễn Hữu Kiên,2,BD21AI030,talented_but_lazy
2022/2023,9.7,97.3,AI203_K21_2022_2023_S2,Computer Vision (Thị giác máy tính) (K21),buivannambd21ai031@gmail.com,9.4,9.6,A,Khoa AI - Khóa 21,9.0,Bùi Văn Nam,2,BD21AI031,excellent
2022/2023,8.1,42.5,AI203_K21_2022_2023_S2,Computer Vision (Thị giác máy tính) (K21),hoangquangtungbd21ai032@gmail.com,8.7,7.6,B,Khoa AI - Khóa 21,9.9,Hoàng Quang Tùng,2,BD21AI032,talented_but_lazy
2022/2023,9.9,97.5,AI203_K21_2022_2023_S2,Computer Vision (Thị giác máy tính) (K21),đangngoctungbd21ai033@gmail.com,9.3,9.6,A,Khoa AI - Khóa 21,9.9,Đặng Ngọc Tùng,2,BD21AI033,excellent
2022/2023,9.5,97.6,AI203_K21_2022_2023_S2,Computer Vision (Thị giác máy tính) (K21),lyvantungbd21ai034@gmail.com,3.0,6.3,C,Khoa AI - Khóa 21,5.1,Lý Văn Tùng,2,BD21AI034,diligent_but_low
2022/2023,2.8,48.2,AI203_K21_2022_2023_S2,Computer Vision (Thị giác máy tính) (K21),buikimminhbd21ai035@gmail.com,3.9,3.7,F,Khoa AI - Khóa 21,3.3,Bùi Kim Minh,2,BD21AI035,struggling
2022/2023,9.4,98.8,AI203_K21_2022_2023_S2,Computer Vision (Thị giác máy tính) (K21),vođucanbd21ai036@gmail.com,3.4,6.5,C,Khoa AI - Khóa 21,3.9,Võ Đức An,2,BD21AI036,diligent_but_low
2022/2023,3.6,48.4,AI203_K21_2022_2023_S2,Computer Vision (Thị giác máy tính) (K21),duongngocsonbd21ai037@gmail.com,2.2,3.2,F,Khoa AI - Khóa 21,1.7,Dương Ngọc Sơn,2,BD21AI037,struggling
2022/2023,9.8,96.8,AI203_K21_2022_2023_S2,Computer Vision (Thị giác máy tính) (K21),tranhaiminhbd21ai038@gmail.com,3.5,6.6,C,Khoa AI - Khóa 21,4.2,Trần Hải Minh,2,BD21AI038,diligent_but_low
2022/2023,3.3,63.7,AI203_K21_2022_2023_S2,Computer Vision (Thị giác máy tính) (K21),ngoquangdungbd21ai039@gmail.com,3.4,4.0,D,Khoa AI - Khóa 21,3.9,Ngô Quang Dũng,2,BD21AI039,struggling
2022/2023,9.1,43.9,AI203_K21_2022_2023_S2,Computer Vision (Thị giác máy tính) (K21),tranđuctungbd21ai040@gmail.com,9.9,8.6,A,Khoa AI - Khóa 21,9.7,Trần Đức Tùng,2,BD21AI040,talented_but_lazy
2022/2023,7.9,50.1,AI204_K21_2022_2023_S2,Natural Language Processing (NLP) (K21),huynhxuankienbd21ai001@gmail.com,8.9,7.8,B,Khoa AI - Khóa 21,9.1,Huỳnh Xuân Kiên,2,BD21AI001,talented_but_lazy
2022/2023,9.8,98.4,AI204_K21_2022_2023_S2,Natural Language Processing (NLP) (K21),phamvanbinhbd21ai002@gmail.com,9.2,9.5,A,Khoa AI - Khóa 21,9.7,Phạm Văn Bình,2,BD21AI002,excellent
2022/2023,7.7,81.9,AI204_K21_2022_2023_S2,Natural Language Processing (NLP) (K21),đangvannambd21ai003@gmail.com,5.3,6.6,C,Khoa AI - Khóa 21,5.6,Đặng Văn Nam,2,BD21AI003,average
2022/2023,7.3,55.7,AI204_K21_2022_2023_S2,Natural Language Processing (NLP) (K21),tranngocanbd21ai004@gmail.com,9.1,7.8,B,Khoa AI - Khóa 21,9.2,Trần Ngọc An,2,BD21AI004,talented_but_lazy
2022/2023,9.2,100.0,AI204_K21_2022_2023_S2,Natural Language Processing (NLP) (K21),duongkimcuongbd21ai005@gmail.com,4.0,6.7,C,Khoa AI - Khóa 21,4.2,Dương Kim Cường,2,BD21AI005,diligent_but_low
2022/2023,9.6,98.8,AI204_K21_2022_2023_S2,Natural Language Processing (NLP) (K21),vukimsonbd21ai006@gmail.com,4.0,6.9,C,Khoa AI - Khóa 21,3.7,Vũ Kim Sơn,2,BD21AI006,diligent_but_low
2022/2023,7.5,52.5,AI204_K21_2022_2023_S2,Natural Language Processing (NLP) (K21),huynhđucdungbd21ai007@gmail.com,9.2,7.9,B,Khoa AI - Khóa 21,9.6,Huỳnh Đức Dũng,2,BD21AI007,talented_but_lazy
2022/2023,9.6,95.4,AI204_K21_2022_2023_S2,Natural Language Processing (NLP) (K21),tranquangquanbd21ai008@gmail.com,9.1,9.4,A,Khoa AI - Khóa 21,9.5,Trần Quang Quân,2,BD21AI008,excellent
2022/2023,8.7,78.5,AI204_K21_2022_2023_S2,Natural Language Processing (NLP) (K21),đohailoibd21ai009@gmail.com,6.4,7.4,B,Khoa AI - Khóa 21,7.3,Đỗ Hải Lợi,2,BD21AI009,average
2022/2023,8.5,60.1,AI204_K21_2022_2023_S2,Natural Language Processing (NLP) (K21),buithanhlinhbd21ai010@gmail.com,9.7,8.6,A,Khoa AI - Khóa 21,9.9,Bùi Thành Linh,2,BD21AI010,talented_but_lazy
2022/2023,3.0,51.7,AI204_K21_2022_2023_S2,Natural Language Processing (NLP) (K21),lyvanphucbd21ai011@gmail.com,4.0,3.9,F,Khoa AI - Khóa 21,2.7,Lý Văn Phúc,2,BD21AI011,struggling
2022/2023,9.7,99.2,AI204_K21_2022_2023_S2,Natural Language Processing (NLP) (K21),phanđucsonbd21ai012@gmail.com,9.3,9.6,A,Khoa AI - Khóa 21,9.3,Phan Đức Sơn,2,BD21AI012,excellent
2022/2023,9.6,99.9,AI204_K21_2022_2023_S2,Natural Language Processing (NLP) (K21),tranhuuloibd21ai013@gmail.com,4.6,7.2,B,Khoa AI - Khóa 21,5.4,Trần Hữu Lợi,2,BD21AI013,diligent_but_low
2022/2023,7.7,54.0,AI204_K21_2022_2023_S2,Natural Language Processing (NLP) (K21),leminhlinhbd21ai014@gmail.com,8.7,7.7,B,Khoa AI - Khóa 21,9.1,Lê Minh Linh,2,BD21AI014,talented_but_lazy
2022/2023,8.6,43.5,AI204_K21_2022_2023_S2,Natural Language Processing (NLP) (K21),duongthanhkienbd21ai015@gmail.com,9.6,8.2,B,Khoa AI - Khóa 21,9.3,Dương Thanh Kiên,2,BD21AI015,talented_but_lazy
2022/2023,9.4,96.8,AI204_K21_2022_2023_S2,Natural Language Processing (NLP) (K21),duongminhanbd21ai016@gmail.com,4.8,7.2,B,Khoa AI - Khóa 21,3.5,Dương Minh An,2,BD21AI016,diligent_but_low
2022/2023,9.0,58.8,AI204_K21_2022_2023_S2,Natural Language Processing (NLP) (K21),vuquangtungbd21ai017@gmail.com,9.5,8.6,A,Khoa AI - Khóa 21,10.0,Vũ Quang Tùng,2,BD21AI017,talented_but_lazy
2022/2023,7.7,62.7,AI204_K21_2022_2023_S2,Natural Language Processing (NLP) (K21),tranquangnambd21ai018@gmail.com,9.5,8.3,B,Khoa AI - Khóa 21,9.5,Trần Quang Nam,2,BD21AI018,talented_but_lazy
2022/2023,9.7,99.0,AI204_K21_2022_2023_S2,Natural Language Processing (NLP) (K21),đongoccuongbd21ai019@gmail.com,3.5,6.7,C,Khoa AI - Khóa 21,3.8,Đỗ Ngọc Cường,2,BD21AI019,diligent_but_low
2022/2023,9.5,96.5,AI204_K21_2022_2023_S2,Natural Language Processing (NLP) (K21),lythanhnambd21ai020@gmail.com,3.6,6.6,C,Khoa AI - Khóa 21,5.4,Lý Thanh Nam,2,BD21AI020,diligent_but_low
2022/2023,9.1,97.3,AI204_K21_2022_2023_S2,Natural Language Processing (NLP) (K21),duongkimloibd21ai021@gmail.com,4.2,6.8,C,Khoa AI - Khóa 21,3.0,Dương Kim Lợi,2,BD21AI021,diligent_but_low
2022/2023,9.2,99.3,AI204_K21_2022_2023_S2,Natural Language Processing (NLP) (K21),huynhquangdungbd21ai022@gmail.com,3.2,6.3,C,Khoa AI - Khóa 21,4.2,Huỳnh Quang Dũng,2,BD21AI022,diligent_but_low
2022/2023,9.5,94.7,AI204_K21_2022_2023_S2,Natural Language Processing (NLP) (K21),buithanhkienbd21ai023@gmail.com,10.0,9.7,A,Khoa AI - Khóa 21,9.1,Bùi Thành Kiên,2,BD21AI023,excellent
2022/2023,9.8,97.6,AI204_K21_2022_2023_S2,Natural Language Processing (NLP) (K21),vongocvinhbd21ai024@gmail.com,4.0,6.9,C,Khoa AI - Khóa 21,4.5,Võ Ngọc Vinh,2,BD21AI024,diligent_but_low
2022/2023,4.7,71.0,AI204_K21_2022_2023_S2,Natural Language Processing (NLP) (K21),buihuuhabd21ai025@gmail.com,3.4,4.5,D,Khoa AI - Khóa 21,2.0,Bùi Hữu Hà,2,BD21AI025,struggling
2022/2023,8.0,72.3,AI204_K21_2022_2023_S2,Natural Language Processing (NLP) (K21),duongtuancuongbd21ai026@gmail.com,5.1,6.4,C,Khoa AI - Khóa 21,6.3,Dương Tuấn Cường,2,BD21AI026,average
2022/2023,6.8,74.2,AI204_K21_2022_2023_S2,Natural Language Processing (NLP) (K21),buiquangsonbd21ai027@gmail.com,7.2,7.1,B,Khoa AI - Khóa 21,7.2,Bùi Quang Sơn,2,BD21AI027,average
2022/2023,9.4,97.3,AI204_K21_2022_2023_S2,Natural Language Processing (NLP) (K21),đangđucloibd21ai028@gmail.com,9.2,9.4,A,Khoa AI - Khóa 21,9.8,Đặng Đức Lợi,2,BD21AI028,excellent
2022/2023,9.4,95.3,AI204_K21_2022_2023_S2,Natural Language Processing (NLP) (K21),huynhthanhlinhbd21ai029@gmail.com,9.1,9.3,A,Khoa AI - Khóa 21,9.3,Huỳnh Thành Linh,2,BD21AI029,excellent
2022/2023,9.2,61.4,AI204_K21_2022_2023_S2,Natural Language Processing (NLP) (K21),nguyenhuukienbd21ai030@gmail.com,9.3,8.6,A,Khoa AI - Khóa 21,10.0,Nguyễn Hữu Kiên,2,BD21AI030,talented_but_lazy
2022/2023,9.7,96.1,AI204_K21_2022_2023_S2,Natural Language Processing (NLP) (K21),buivannambd21ai031@gmail.com,9.2,9.4,A,Khoa AI - Khóa 21,9.5,Bùi Văn Nam,2,BD21AI031,excellent
2022/2023,8.0,40.3,AI204_K21_2022_2023_S2,Natural Language Processing (NLP) (K21),hoangquangtungbd21ai032@gmail.com,8.7,7.6,B,Khoa AI - Khóa 21,9.3,Hoàng Quang Tùng,2,BD21AI032,talented_but_lazy
2022/2023,9.6,99.8,AI204_K21_2022_2023_S2,Natural Language Processing (NLP) (K21),đangngoctungbd21ai033@gmail.com,9.0,9.4,A,Khoa AI - Khóa 21,9.6,Đặng Ngọc Tùng,2,BD21AI033,excellent
2022/2023,9.9,98.9,AI204_K21_2022_2023_S2,Natural Language Processing (NLP) (K21),lyvantungbd21ai034@gmail.com,5.3,7.6,B,Khoa AI - Khóa 21,3.2,Lý Văn Tùng,2,BD21AI034,diligent_but_low
2022/2023,4.9,45.9,AI204_K21_2022_2023_S2,Natural Language Processing (NLP) (K21),buikimminhbd21ai035@gmail.com,4.4,4.6,D,Khoa AI - Khóa 21,2.1,Bùi Kim Minh,2,BD21AI035,struggling
2022/2023,9.5,97.4,AI204_K21_2022_2023_S2,Natural Language Processing (NLP) (K21),vođucanbd21ai036@gmail.com,4.5,7.0,B,Khoa AI - Khóa 21,3.0,Võ Đức An,2,BD21AI036,diligent_but_low
2022/2023,4.5,56.2,AI204_K21_2022_2023_S2,Natural Language Processing (NLP) (K21),duongngocsonbd21ai037@gmail.com,2.0,3.5,F,Khoa AI - Khóa 21,2.6,Dương Ngọc Sơn,2,BD21AI037,struggling
2022/2023,9.6,98.9,AI204_K21_2022_2023_S2,Natural Language Processing (NLP) (K21),tranhaiminhbd21ai038@gmail.com,5.0,7.3,B,Khoa AI - Khóa 21,4.2,Trần Hải Minh,2,BD21AI038,diligent_but_low
2022/2023,3.0,46.6,AI204_K21_2022_2023_S2,Natural Language Processing (NLP) (K21),ngoquangdungbd21ai039@gmail.com,1.5,2.6,F,Khoa AI - Khóa 21,3.5,Ngô Quang Dũng,2,BD21AI039,struggling
2022/2023,8.9,44.3,AI204_K21_2022_2023_S2,Natural Language Processing (NLP) (K21),tranđuctungbd21ai040@gmail.com,9.4,8.3,B,Khoa AI - Khóa 21,9.8,Trần Đức Tùng,2,BD21AI040,talented_but_lazy
2022/2023,4.1,69.1,AI101_K22_2022_2023_S1,Toán cho AI (Đại số & Giải tích) (K22),vuanhlinhbd22ai001@gmail.com,2.4,3.8,F,Khoa AI - Khóa 22,4.5,Vũ Anh Linh,1,BD22AI001,struggling
2022/2023,8.7,62.1,AI101_K22_2022_2023_S1,Toán cho AI (Đại số & Giải tích) (K22),đangquangminhbd22ai002@gmail.com,9.5,8.6,A,Khoa AI - Khóa 22,8.8,Đặng Quang Minh,1,BD22AI002,talented_but_lazy
2022/2023,9.4,99.2,AI101_K22_2022_2023_S1,Toán cho AI (Đại số & Giải tích) (K22),phanminhlinhbd22ai003@gmail.com,5.2,7.4,B,Khoa AI - Khóa 22,3.9,Phan Minh Linh,1,BD22AI003,diligent_but_low
2022/2023,9.5,99.8,AI101_K22_2022_2023_S1,Toán cho AI (Đại số & Giải tích) (K22),hođucphucbd22ai004@gmail.com,9.5,9.6,A,Khoa AI - Khóa 22,9.7,Hồ Đức Phúc,1,BD22AI004,excellent
2022/2023,9.8,97.6,AI101_K22_2022_2023_S1,Toán cho AI (Đại số & Giải tích) (K22),buikimtungbd22ai005@gmail.com,9.5,9.7,A,Khoa AI - Khóa 22,9.9,Bùi Kim Tùng,1,BD22AI005,excellent
2022/2023,9.5,98.4,AI101_K22_2022_2023_S1,Toán cho AI (Đại số & Giải tích) (K22),tranhaiminhbd22ai006@gmail.com,5.0,7.3,B,Khoa AI - Khóa 22,5.1,Trần Hải Minh,1,BD22AI006,diligent_but_low
2022/2023,9.6,96.9,AI101_K22_2022_2023_S1,Toán cho AI (Đại số & Giải tích) (K22),buihaiquanbd22ai007@gmail.com,9.5,9.6,A,Khoa AI - Khóa 22,9.4,Bùi Hải Quân,1,BD22AI007,excellent
2022/2023,9.8,99.7,AI101_K22_2022_2023_S1,Toán cho AI (Đại số & Giải tích) (K22),hothanhsonbd22ai008@gmail.com,9.2,9.5,A,Khoa AI - Khóa 22,9.4,Hồ Thanh Sơn,1,BD22AI008,excellent
2022/2023,9.8,96.0,AI101_K22_2022_2023_S1,Toán cho AI (Đại số & Giải tích) (K22),đangminhcuongbd22ai009@gmail.com,9.8,9.7,A,Khoa AI - Khóa 22,9.3,Đặng Minh Cường,1,BD22AI009,excellent
2022/2023,8.4,52.4,AI101_K22_2022_2023_S1,Toán cho AI (Đại số & Giải tích) (K22),vungocvinhbd22ai010@gmail.com,9.4,8.3,B,Khoa AI - Khóa 22,9.6,Vũ Ngọc Vinh,1,BD22AI010,talented_but_lazy
2022/2023,8.5,58.3,AI101_K22_2022_2023_S1,Toán cho AI (Đại số & Giải tích) (K22),duongtuanquanbd22ai011@gmail.com,9.5,8.5,A,Khoa AI - Khóa 22,9.8,Dương Tuấn Quân,1,BD22AI011,talented_but_lazy
2022/2023,3.7,64.9,AI101_K22_2022_2023_S1,Toán cho AI (Đại số & Giải tích) (K22),leminhdungbd22ai012@gmail.com,2.2,3.5,F,Khoa AI - Khóa 22,1.8,Lê Minh Dũng,1,BD22AI012,struggling
2022/2023,10.0,95.7,AI101_K22_2022_2023_S1,Toán cho AI (Đại số & Giải tích) (K22),hotuanhabd22ai013@gmail.com,9.1,9.5,A,Khoa AI - Khóa 22,9.7,Hồ Tuấn Hà,1,BD22AI013,excellent
2022/2023,9.6,99.6,AI101_K22_2022_2023_S1,Toán cho AI (Đại số & Giải tích) (K22),vuhuuhabd22ai014@gmail.com,10.0,9.8,A,Khoa AI - Khóa 22,9.0,Vũ Hữu Hà,1,BD22AI014,excellent
2022/2023,2.1,59.6,AI101_K22_2022_2023_S1,Toán cho AI (Đại số & Giải tích) (K22),đangthitungbd22ai015@gmail.com,1.0,2.3,F,Khoa AI - Khóa 22,3.8,Đặng Thị Tùng,1,BD22AI015,struggling
2022/2023,7.9,61.6,AI101_K22_2022_2023_S1,Toán cho AI (Đại số & Giải tích) (K22),hoangngoctungbd22ai016@gmail.com,9.7,8.5,A,Khoa AI - Khóa 22,8.9,Hoàng Ngọc Tùng,1,BD22AI016,talented_but_lazy
2022/2023,8.7,88.0,AI101_K22_2022_2023_S1,Toán cho AI (Đại số & Giải tích) (K22),hoquangquanbd22ai017@gmail.com,5.2,7.0,B,Khoa AI - Khóa 22,7.0,Hồ Quang Quân,1,BD22AI017,average
2022/2023,8.1,40.2,AI101_K22_2022_2023_S1,Toán cho AI (Đại số & Giải tích) (K22),huynhhaianbd22ai018@gmail.com,9.2,7.8,B,Khoa AI - Khóa 22,8.9,Huỳnh Hải An,1,BD22AI018,talented_but_lazy
2022/2023,9.8,98.9,AI101_K22_2022_2023_S1,Toán cho AI (Đại số & Giải tích) (K22),buituansonbd22ai019@gmail.com,9.7,9.8,A,Khoa AI - Khóa 22,9.7,Bùi Tuấn Sơn,1,BD22AI019,excellent
2022/2023,7.7,63.4,AI101_K22_2022_2023_S1,Toán cho AI (Đại số & Giải tích) (K22),đangđuckienbd22ai020@gmail.com,9.2,8.2,B,Khoa AI - Khóa 22,10.0,Đặng Đức Kiên,1,BD22AI020,talented_but_lazy
2022/2023,6.9,74.5,AI101_K22_2022_2023_S1,Toán cho AI (Đại số & Giải tích) (K22),ngohaihabd22ai021@gmail.com,7.4,7.3,B,Khoa AI - Khóa 22,6.2,Ngô Hải Hà,1,BD22AI021,average
2022/2023,9.4,95.4,AI101_K22_2022_2023_S1,Toán cho AI (Đại số & Giải tích) (K22),leanhphucbd22ai022@gmail.com,9.4,9.4,A,Khoa AI - Khóa 22,9.1,Lê Anh Phúc,1,BD22AI022,excellent
2022/2023,8.1,55.2,AI101_K22_2022_2023_S1,Toán cho AI (Đại số & Giải tích) (K22),nguyenminhtungbd22ai023@gmail.com,8.5,7.8,B,Khoa AI - Khóa 22,8.6,Nguyễn Minh Tùng,1,BD22AI023,talented_but_lazy
2022/2023,7.3,83.4,AI101_K22_2022_2023_S1,Toán cho AI (Đại số & Giải tích) (K22),nguyenngoclinhbd22ai024@gmail.com,6.3,7.0,B,Khoa AI - Khóa 22,6.0,Nguyễn Ngọc Linh,1,BD22AI024,average
2022/2023,8.5,49.7,AI101_K22_2022_2023_S1,Toán cho AI (Đại số & Giải tích) (K22),ngohuucuongbd22ai025@gmail.com,8.9,8.0,B,Khoa AI - Khóa 22,10.0,Ngô Hữu Cường,1,BD22AI025,talented_but_lazy
2022/2023,7.7,76.5,AI101_K22_2022_2023_S1,Toán cho AI (Đại số & Giải tích) (K22),đangtuanquanbd22ai026@gmail.com,5.9,6.8,C,Khoa AI - Khóa 22,6.6,Đặng Tuấn Quân,1,BD22AI026,average
2022/2023,7.4,77.9,AI101_K22_2022_2023_S1,Toán cho AI (Đại số & Giải tích) (K22),tranthinambd22ai027@gmail.com,5.1,6.3,C,Khoa AI - Khóa 22,7.7,Trần Thị Nam,1,BD22AI027,average
2022/2023,2.2,70.8,AI101_K22_2022_2023_S1,Toán cho AI (Đại số & Giải tích) (K22),buivanvinhbd22ai028@gmail.com,2.8,3.5,F,Khoa AI - Khóa 22,3.8,Bùi Văn Vinh,1,BD22AI028,struggling
2022/2023,9.9,97.1,AI101_K22_2022_2023_S1,Toán cho AI (Đại số & Giải tích) (K22),lehaitungbd22ai029@gmail.com,4.1,6.9,C,Khoa AI - Khóa 22,5.4,Lê Hải Tùng,1,BD22AI029,diligent_but_low
2022/2023,7.1,41.0,AI101_K22_2022_2023_S1,Toán cho AI (Đại số & Giải tích) (K22),lexuanhabd22ai030@gmail.com,8.7,7.3,B,Khoa AI - Khóa 22,8.9,Lê Xuân Hà,1,BD22AI030,talented_but_lazy
2022/2023,3.5,42.3,AI101_K22_2022_2023_S1,Toán cho AI (Đại số & Giải tích) (K22),lekimloibd22ai031@gmail.com,2.4,3.1,F,Khoa AI - Khóa 22,2.5,Lê Kim Lợi,1,BD22AI031,struggling
2022/2023,9.6,97.0,AI101_K22_2022_2023_S1,Toán cho AI (Đại số & Giải tích) (K22),vuvansonbd22ai032@gmail.com,5.1,7.4,B,Khoa AI - Khóa 22,5.5,Vũ Văn Sơn,1,BD22AI032,diligent_but_low
2022/2023,7.2,59.5,AI101_K22_2022_2023_S1,Toán cho AI (Đại số & Giải tích) (K22),lyhuuphucbd22ai033@gmail.com,9.7,8.2,B,Khoa AI - Khóa 22,9.0,Lý Hữu Phúc,1,BD22AI033,talented_but_lazy
2022/2023,8.1,49.9,AI101_K22_2022_2023_S1,Toán cho AI (Đại số & Giải tích) (K22),phankimtungbd22ai034@gmail.com,9.2,8.0,B,Khoa AI - Khóa 22,9.1,Phan Kim Tùng,1,BD22AI034,talented_but_lazy
2022/2023,7.3,78.6,AI101_K22_2022_2023_S1,Toán cho AI (Đại số & Giải tích) (K22),lexuannambd22ai035@gmail.com,7.2,7.4,B,Khoa AI - Khóa 22,5.8,Lê Xuân Nam,1,BD22AI035,average
2022/2023,9.6,99.3,AI101_K22_2022_2023_S1,Toán cho AI (Đại số & Giải tích) (K22),phamthiphucbd22ai036@gmail.com,4.8,7.3,B,Khoa AI - Khóa 22,3.8,Phạm Thị Phúc,1,BD22AI036,diligent_but_low
2022/2023,9.0,42.3,AI101_K22_2022_2023_S1,Toán cho AI (Đại số & Giải tích) (K22),lyngocquanbd22ai037@gmail.com,9.4,8.2,B,Khoa AI - Khóa 22,9.8,Lý Ngọc Quân,1,BD22AI037,talented_but_lazy
2022/2023,9.9,96.7,AI101_K22_2022_2023_S1,Toán cho AI (Đại số & Giải tích) (K22),đangngoctungbd22ai038@gmail.com,9.2,9.5,A,Khoa AI - Khóa 22,9.3,Đặng Ngọc Tùng,1,BD22AI038,excellent
2022/2023,9.5,99.1,AI101_K22_2022_2023_S1,Toán cho AI (Đại số & Giải tích) (K22),phanvanlinhbd22ai039@gmail.com,3.4,6.5,C,Khoa AI - Khóa 22,5.0,Phan Văn Linh,1,BD22AI039,diligent_but_low
2022/2023,9.9,98.8,AI101_K22_2022_2023_S1,Toán cho AI (Đại số & Giải tích) (K22),phanthanhlinhbd22ai040@gmail.com,4.6,7.3,B,Khoa AI - Khóa 22,3.5,Phan Thanh Linh,1,BD22AI040,diligent_but_low
2022/2023,3.2,58.0,AI102_K22_2022_2023_S1,Xác suất & Thống kê ứng dụng (K22),vuanhlinhbd22ai001@gmail.com,1.1,2.6,F,Khoa AI - Khóa 22,3.0,Vũ Anh Linh,1,BD22AI001,struggling
2022/2023,7.8,53.1,AI102_K22_2022_2023_S1,Xác suất & Thống kê ứng dụng (K22),đangquangminhbd22ai002@gmail.com,9.5,8.2,B,Khoa AI - Khóa 22,9.7,Đặng Quang Minh,1,BD22AI002,talented_but_lazy
2022/2023,9.4,98.1,AI102_K22_2022_2023_S1,Xác suất & Thống kê ứng dụng (K22),phanminhlinhbd22ai003@gmail.com,3.8,6.7,C,Khoa AI - Khóa 22,4.5,Phan Minh Linh,1,BD22AI003,diligent_but_low
2022/2023,9.8,94.0,AI102_K22_2022_2023_S1,Xác suất & Thống kê ứng dụng (K22),hođucphucbd22ai004@gmail.com,9.8,9.7,A,Khoa AI - Khóa 22,9.8,Hồ Đức Phúc,1,BD22AI004,excellent
2022/2023,9.7,94.9,AI102_K22_2022_2023_S1,Xác suất & Thống kê ứng dụng (K22),buikimtungbd22ai005@gmail.com,9.2,9.4,A,Khoa AI - Khóa 22,9.6,Bùi Kim Tùng,1,BD22AI005,excellent
2022/2023,9.5,97.0,AI102_K22_2022_2023_S1,Xác suất & Thống kê ứng dụng (K22),tranhaiminhbd22ai006@gmail.com,4.0,6.8,C,Khoa AI - Khóa 22,4.6,Trần Hải Minh,1,BD22AI006,diligent_but_low
2022/2023,9.8,97.2,AI102_K22_2022_2023_S1,Xác suất & Thống kê ứng dụng (K22),buihaiquanbd22ai007@gmail.com,9.2,9.5,A,Khoa AI - Khóa 22,9.9,Bùi Hải Quân,1,BD22AI007,excellent
2022/2023,9.4,96.9,AI102_K22_2022_2023_S1,Xác suất & Thống kê ứng dụng (K22),hothanhsonbd22ai008@gmail.com,9.4,9.5,A,Khoa AI - Khóa 22,10.0,Hồ Thanh Sơn,1,BD22AI008,excellent
2022/2023,9.8,98.6,AI102_K22_2022_2023_S1,Xác suất & Thống kê ứng dụng (K22),đangminhcuongbd22ai009@gmail.com,9.7,9.8,A,Khoa AI - Khóa 22,9.5,Đặng Minh Cường,1,BD22AI009,excellent
2022/2023,9.1,45.4,AI102_K22_2022_2023_S1,Xác suất & Thống kê ứng dụng (K22),vungocvinhbd22ai010@gmail.com,9.8,8.5,A,Khoa AI - Khóa 22,8.7,Vũ Ngọc Vinh,1,BD22AI010,talented_but_lazy
2022/2023,7.6,58.0,AI102_K22_2022_2023_S1,Xác suất & Thống kê ứng dụng (K22),duongtuanquanbd22ai011@gmail.com,9.5,8.2,B,Khoa AI - Khóa 22,8.8,Dương Tuấn Quân,1,BD22AI011,talented_but_lazy
2022/2023,4.7,51.7,AI102_K22_2022_2023_S1,Xác suất & Thống kê ứng dụng (K22),leminhdungbd22ai012@gmail.com,1.6,3.3,F,Khoa AI - Khóa 22,3.7,Lê Minh Dũng,1,BD22AI012,struggling
2022/2023,9.9,97.9,AI102_K22_2022_2023_S1,Xác suất & Thống kê ứng dụng (K22),hotuanhabd22ai013@gmail.com,9.5,9.7,A,Khoa AI - Khóa 22,9.2,Hồ Tuấn Hà,1,BD22AI013,excellent
2022/2023,9.7,97.9,AI102_K22_2022_2023_S1,Xác suất & Thống kê ứng dụng (K22),vuhuuhabd22ai014@gmail.com,9.1,9.4,A,Khoa AI - Khóa 22,9.9,Vũ Hữu Hà,1,BD22AI014,excellent
2022/2023,2.6,70.4,AI102_K22_2022_2023_S1,Xác suất & Thống kê ứng dụng (K22),đangthitungbd22ai015@gmail.com,2.9,3.6,F,Khoa AI - Khóa 22,3.3,Đặng Thị Tùng,1,BD22AI015,struggling
2022/2023,8.5,54.8,AI102_K22_2022_2023_S1,Xác suất & Thống kê ứng dụng (K22),hoangngoctungbd22ai016@gmail.com,9.3,8.3,B,Khoa AI - Khóa 22,8.8,Hoàng Ngọc Tùng,1,BD22AI016,talented_but_lazy
2022/2023,8.5,89.5,AI102_K22_2022_2023_S1,Xác suất & Thống kê ứng dụng (K22),hoquangquanbd22ai017@gmail.com,6.6,7.6,B,Khoa AI - Khóa 22,6.4,Hồ Quang Quân,1,BD22AI017,average
2022/2023,8.5,56.3,AI102_K22_2022_2023_S1,Xác suất & Thống kê ứng dụng (K22),huynhhaianbd22ai018@gmail.com,9.0,8.2,B,Khoa AI - Khóa 22,9.6,Huỳnh Hải An,1,BD22AI018,talented_but_lazy
2022/2023,9.9,94.4,AI102_K22_2022_2023_S1,Xác suất & Thống kê ứng dụng (K22),buituansonbd22ai019@gmail.com,9.1,9.4,A,Khoa AI - Khóa 22,9.5,Bùi Tuấn Sơn,1,BD22AI019,excellent
2022/2023,8.1,51.1,AI102_K22_2022_2023_S1,Xác suất & Thống kê ứng dụng (K22),đangđuckienbd22ai020@gmail.com,9.1,8.0,B,Khoa AI - Khóa 22,9.2,Đặng Đức Kiên,1,BD22AI020,talented_but_lazy
2022/2023,6.7,70.6,AI102_K22_2022_2023_S1,Xác suất & Thống kê ứng dụng (K22),ngohaihabd22ai021@gmail.com,7.3,7.1,B,Khoa AI - Khóa 22,5.9,Ngô Hải Hà,1,BD22AI021,average
2022/2023,9.5,99.7,AI102_K22_2022_2023_S1,Xác suất & Thống kê ứng dụng (K22),leanhphucbd22ai022@gmail.com,9.3,9.5,A,Khoa AI - Khóa 22,9.1,Lê Anh Phúc,1,BD22AI022,excellent
2022/2023,8.9,57.2,AI102_K22_2022_2023_S1,Xác suất & Thống kê ứng dụng (K22),nguyenminhtungbd22ai023@gmail.com,9.8,8.7,A,Khoa AI - Khóa 22,9.5,Nguyễn Minh Tùng,1,BD22AI023,talented_but_lazy
2022/2023,7.9,87.4,AI102_K22_2022_2023_S1,Xác suất & Thống kê ứng dụng (K22),nguyenngoclinhbd22ai024@gmail.com,6.5,7.4,B,Khoa AI - Khóa 22,7.8,Nguyễn Ngọc Linh,1,BD22AI024,average
2022/2023,7.0,41.3,AI102_K22_2022_2023_S1,Xác suất & Thống kê ứng dụng (K22),ngohuucuongbd22ai025@gmail.com,8.6,7.2,B,Khoa AI - Khóa 22,10.0,Ngô Hữu Cường,1,BD22AI025,talented_but_lazy
2022/2023,8.6,71.5,AI102_K22_2022_2023_S1,Xác suất & Thống kê ứng dụng (K22),đangtuanquanbd22ai026@gmail.com,5.9,7.0,B,Khoa AI - Khóa 22,6.1,Đặng Tuấn Quân,1,BD22AI026,average
2022/2023,8.5,91.2,AI102_K22_2022_2023_S1,Xác suất & Thống kê ứng dụng (K22),tranthinambd22ai027@gmail.com,5.6,7.2,B,Khoa AI - Khóa 22,7.7,Trần Thị Nam,1,BD22AI027,average
2022/2023,3.6,50.9,AI102_K22_2022_2023_S1,Xác suất & Thống kê ứng dụng (K22),buivanvinhbd22ai028@gmail.com,2.1,3.1,F,Khoa AI - Khóa 22,1.6,Bùi Văn Vinh,1,BD22AI028,struggling
2022/2023,9.6,99.3,AI102_K22_2022_2023_S1,Xác suất & Thống kê ứng dụng (K22),lehaitungbd22ai029@gmail.com,4.6,7.2,B,Khoa AI - Khóa 22,3.8,Lê Hải Tùng,1,BD22AI029,diligent_but_low
2022/2023,7.8,58.4,AI102_K22_2022_2023_S1,Xác suất & Thống kê ứng dụng (K22),lexuanhabd22ai030@gmail.com,9.9,8.5,A,Khoa AI - Khóa 22,9.1,Lê Xuân Hà,1,BD22AI030,talented_but_lazy
2022/2023,2.8,61.0,AI102_K22_2022_2023_S1,Xác suất & Thống kê ứng dụng (K22),lekimloibd22ai031@gmail.com,2.0,3.1,F,Khoa AI - Khóa 22,3.7,Lê Kim Lợi,1,BD22AI031,struggling
2022/2023,9.8,98.3,AI102_K22_2022_2023_S1,Xác suất & Thống kê ứng dụng (K22),vuvansonbd22ai032@gmail.com,3.0,6.4,C,Khoa AI - Khóa 22,3.1,Vũ Văn Sơn,1,BD22AI032,diligent_but_low
2022/2023,8.0,63.6,AI102_K22_2022_2023_S1,Xác suất & Thống kê ứng dụng (K22),lyhuuphucbd22ai033@gmail.com,9.9,8.6,A,Khoa AI - Khóa 22,9.1,Lý Hữu Phúc,1,BD22AI033,talented_but_lazy
2022/2023,7.7,40.5,AI102_K22_2022_2023_S1,Xác suất & Thống kê ứng dụng (K22),phankimtungbd22ai034@gmail.com,9.6,7.9,B,Khoa AI - Khóa 22,9.0,Phan Kim Tùng,1,BD22AI034,talented_but_lazy
2022/2023,8.3,87.8,AI102_K22_2022_2023_S1,Xác suất & Thống kê ứng dụng (K22),lexuannambd22ai035@gmail.com,8.0,8.2,B,Khoa AI - Khóa 22,7.5,Lê Xuân Nam,1,BD22AI035,average
2022/2023,9.3,97.4,AI102_K22_2022_2023_S1,Xác suất & Thống kê ứng dụng (K22),phamthiphucbd22ai036@gmail.com,3.1,6.3,C,Khoa AI - Khóa 22,3.3,Phạm Thị Phúc,1,BD22AI036,diligent_but_low
2022/2023,7.3,42.2,AI102_K22_2022_2023_S1,Xác suất & Thống kê ứng dụng (K22),lyngocquanbd22ai037@gmail.com,9.8,7.9,B,Khoa AI - Khóa 22,9.3,Lý Ngọc Quân,1,BD22AI037,talented_but_lazy
2022/2023,9.4,99.6,AI102_K22_2022_2023_S1,Xác suất & Thống kê ứng dụng (K22),đangngoctungbd22ai038@gmail.com,9.6,9.6,A,Khoa AI - Khóa 22,9.2,Đặng Ngọc Tùng,1,BD22AI038,excellent
2022/2023,9.7,99.0,AI102_K22_2022_2023_S1,Xác suất & Thống kê ứng dụng (K22),phanvanlinhbd22ai039@gmail.com,3.3,6.5,C,Khoa AI - Khóa 22,5.2,Phan Văn Linh,1,BD22AI039,diligent_but_low
2022/2023,9.1,98.6,AI102_K22_2022_2023_S1,Xác suất & Thống kê ứng dụng (K22),phanthanhlinhbd22ai040@gmail.com,5.1,7.3,B,Khoa AI - Khóa 22,3.8,Phan Thanh Linh,1,BD22AI040,diligent_but_low
2022/2023,3.2,46.2,AI103_K22_2022_2023_S2,Lập trình Python cho Khoa học dữ liệu (K22),vuanhlinhbd22ai001@gmail.com,1.2,2.5,F,Khoa AI - Khóa 22,4.2,Vũ Anh Linh,2,BD22AI001,struggling
2022/2023,9.0,49.0,AI103_K22_2022_2023_S2,Lập trình Python cho Khoa học dữ liệu (K22),đangquangminhbd22ai002@gmail.com,9.8,8.6,A,Khoa AI - Khóa 22,8.8,Đặng Quang Minh,2,BD22AI002,talented_but_lazy
2022/2023,9.5,97.7,AI103_K22_2022_2023_S2,Lập trình Python cho Khoa học dữ liệu (K22),phanminhlinhbd22ai003@gmail.com,4.3,6.9,C,Khoa AI - Khóa 22,5.2,Phan Minh Linh,2,BD22AI003,diligent_but_low
2022/2023,9.6,97.4,AI103_K22_2022_2023_S2,Lập trình Python cho Khoa học dữ liệu (K22),hođucphucbd22ai004@gmail.com,9.2,9.4,A,Khoa AI - Khóa 22,9.5,Hồ Đức Phúc,2,BD22AI004,excellent
2022/2023,9.4,97.3,AI103_K22_2022_2023_S2,Lập trình Python cho Khoa học dữ liệu (K22),buikimtungbd22ai005@gmail.com,9.5,9.5,A,Khoa AI - Khóa 22,9.5,Bùi Kim Tùng,2,BD22AI005,excellent
2022/2023,9.5,97.2,AI103_K22_2022_2023_S2,Lập trình Python cho Khoa học dữ liệu (K22),tranhaiminhbd22ai006@gmail.com,3.5,6.5,C,Khoa AI - Khóa 22,5.4,Trần Hải Minh,2,BD22AI006,diligent_but_low
2022/2023,9.6,98.0,AI103_K22_2022_2023_S2,Lập trình Python cho Khoa học dữ liệu (K22),buihaiquanbd22ai007@gmail.com,9.8,9.7,A,Khoa AI - Khóa 22,9.4,Bùi Hải Quân,2,BD22AI007,excellent
2022/2023,9.5,94.3,AI103_K22_2022_2023_S2,Lập trình Python cho Khoa học dữ liệu (K22),hothanhsonbd22ai008@gmail.com,9.8,9.6,A,Khoa AI - Khóa 22,9.1,Hồ Thanh Sơn,2,BD22AI008,excellent
2022/2023,9.5,95.8,AI103_K22_2022_2023_S2,Lập trình Python cho Khoa học dữ liệu (K22),đangminhcuongbd22ai009@gmail.com,9.9,9.7,A,Khoa AI - Khóa 22,9.1,Đặng Minh Cường,2,BD22AI009,excellent
2022/2023,8.9,63.9,AI103_K22_2022_2023_S2,Lập trình Python cho Khoa học dữ liệu (K22),vungocvinhbd22ai010@gmail.com,8.5,8.2,B,Khoa AI - Khóa 22,8.9,Vũ Ngọc Vinh,2,BD22AI010,talented_but_lazy
2022/2023,7.5,52.7,AI103_K22_2022_2023_S2,Lập trình Python cho Khoa học dữ liệu (K22),duongtuanquanbd22ai011@gmail.com,9.7,8.2,B,Khoa AI - Khóa 22,8.7,Dương Tuấn Quân,2,BD22AI011,talented_but_lazy
2022/2023,2.8,44.0,AI103_K22_2022_2023_S2,Lập trình Python cho Khoa học dữ liệu (K22),leminhdungbd22ai012@gmail.com,1.2,2.3,F,Khoa AI - Khóa 22,2.9,Lê Minh Dũng,2,BD22AI012,struggling
2022/2023,9.8,99.6,AI103_K22_2022_2023_S2,Lập trình Python cho Khoa học dữ liệu (K22),hotuanhabd22ai013@gmail.com,9.1,9.5,A,Khoa AI - Khóa 22,9.4,Hồ Tuấn Hà,2,BD22AI013,excellent
2022/2023,9.7,95.8,AI103_K22_2022_2023_S2,Lập trình Python cho Khoa học dữ liệu (K22),vuhuuhabd22ai014@gmail.com,9.3,9.4,A,Khoa AI - Khóa 22,9.7,Vũ Hữu Hà,2,BD22AI014,excellent
2022/2023,5.0,42.1,AI103_K22_2022_2023_S2,Lập trình Python cho Khoa học dữ liệu (K22),đangthitungbd22ai015@gmail.com,1.6,3.2,F,Khoa AI - Khóa 22,4.0,Đặng Thị Tùng,2,BD22AI015,struggling
2022/2023,8.3,49.6,AI103_K22_2022_2023_S2,Lập trình Python cho Khoa học dữ liệu (K22),hoangngoctungbd22ai016@gmail.com,9.1,8.0,B,Khoa AI - Khóa 22,8.8,Hoàng Ngọc Tùng,2,BD22AI016,talented_but_lazy
2022/2023,6.6,93.0,AI103_K22_2022_2023_S2,Lập trình Python cho Khoa học dữ liệu (K22),hoquangquanbd22ai017@gmail.com,5.1,6.4,C,Khoa AI - Khóa 22,5.9,Hồ Quang Quân,2,BD22AI017,average
2022/2023,8.7,44.1,AI103_K22_2022_2023_S2,Lập trình Python cho Khoa học dữ liệu (K22),huynhhaianbd22ai018@gmail.com,10.0,8.5,A,Khoa AI - Khóa 22,9.3,Huỳnh Hải An,2,BD22AI018,talented_but_lazy
2022/2023,10.0,95.4,AI103_K22_2022_2023_S2,Lập trình Python cho Khoa học dữ liệu (K22),buituansonbd22ai019@gmail.com,9.1,9.5,A,Khoa AI - Khóa 22,9.4,Bùi Tuấn Sơn,2,BD22AI019,excellent
2022/2023,9.1,46.3,AI103_K22_2022_2023_S2,Lập trình Python cho Khoa học dữ liệu (K22),đangđuckienbd22ai020@gmail.com,8.9,8.1,B,Khoa AI - Khóa 22,9.0,Đặng Đức Kiên,2,BD22AI020,talented_but_lazy
2022/2023,6.8,77.2,AI103_K22_2022_2023_S2,Lập trình Python cho Khoa học dữ liệu (K22),ngohaihabd22ai021@gmail.com,6.6,6.9,C,Khoa AI - Khóa 22,6.5,Ngô Hải Hà,2,BD22AI021,average
2022/2023,9.9,96.7,AI103_K22_2022_2023_S2,Lập trình Python cho Khoa học dữ liệu (K22),leanhphucbd22ai022@gmail.com,9.8,9.8,A,Khoa AI - Khóa 22,9.4,Lê Anh Phúc,2,BD22AI022,excellent
2022/2023,8.9,46.7,AI103_K22_2022_2023_S2,Lập trình Python cho Khoa học dữ liệu (K22),nguyenminhtungbd22ai023@gmail.com,9.0,8.1,B,Khoa AI - Khóa 22,8.7,Nguyễn Minh Tùng,2,BD22AI023,talented_but_lazy
2022/2023,8.8,84.5,AI103_K22_2022_2023_S2,Lập trình Python cho Khoa học dữ liệu (K22),nguyenngoclinhbd22ai024@gmail.com,6.4,7.5,B,Khoa AI - Khóa 22,6.2,Nguyễn Ngọc Linh,2,BD22AI024,average
2022/2023,8.6,61.1,AI103_K22_2022_2023_S2,Lập trình Python cho Khoa học dữ liệu (K22),ngohuucuongbd22ai025@gmail.com,9.9,8.8,A,Khoa AI - Khóa 22,8.6,Ngô Hữu Cường,2,BD22AI025,talented_but_lazy
2022/2023,6.6,92.8,AI103_K22_2022_2023_S2,Lập trình Python cho Khoa học dữ liệu (K22),đangtuanquanbd22ai026@gmail.com,6.8,7.2,B,Khoa AI - Khóa 22,7.4,Đặng Tuấn Quân,2,BD22AI026,average
2022/2023,8.3,74.2,AI103_K22_2022_2023_S2,Lập trình Python cho Khoa học dữ liệu (K22),tranthinambd22ai027@gmail.com,7.9,7.9,B,Khoa AI - Khóa 22,5.5,Trần Thị Nam,2,BD22AI027,average
2022/2023,4.5,51.1,AI103_K22_2022_2023_S2,Lập trình Python cho Khoa học dữ liệu (K22),buivanvinhbd22ai028@gmail.com,1.0,2.9,F,Khoa AI - Khóa 22,1.7,Bùi Văn Vinh,2,BD22AI028,struggling
2022/2023,9.6,97.8,AI103_K22_2022_2023_S2,Lập trình Python cho Khoa học dữ liệu (K22),lehaitungbd22ai029@gmail.com,4.2,6.9,C,Khoa AI - Khóa 22,5.1,Lê Hải Tùng,2,BD22AI029,diligent_but_low
2022/2023,7.6,57.2,AI103_K22_2022_2023_S2,Lập trình Python cho Khoa học dữ liệu (K22),lexuanhabd22ai030@gmail.com,9.6,8.2,B,Khoa AI - Khóa 22,9.4,Lê Xuân Hà,2,BD22AI030,talented_but_lazy
2022/2023,2.9,68.1,AI103_K22_2022_2023_S2,Lập trình Python cho Khoa học dữ liệu (K22),lekimloibd22ai031@gmail.com,2.2,3.3,F,Khoa AI - Khóa 22,4.4,Lê Kim Lợi,2,BD22AI031,struggling
2022/2023,9.6,99.5,AI103_K22_2022_2023_S2,Lập trình Python cho Khoa học dữ liệu (K22),vuvansonbd22ai032@gmail.com,5.3,7.5,B,Khoa AI - Khóa 22,4.8,Vũ Văn Sơn,2,BD22AI032,diligent_but_low
2022/2023,8.6,53.1,AI103_K22_2022_2023_S2,Lập trình Python cho Khoa học dữ liệu (K22),lyhuuphucbd22ai033@gmail.com,8.9,8.1,B,Khoa AI - Khóa 22,10.0,Lý Hữu Phúc,2,BD22AI033,talented_but_lazy
2022/2023,7.1,45.7,AI103_K22_2022_2023_S2,Lập trình Python cho Khoa học dữ liệu (K22),phankimtungbd22ai034@gmail.com,8.6,7.3,B,Khoa AI - Khóa 22,9.8,Phan Kim Tùng,2,BD22AI034,talented_but_lazy
2022/2023,6.7,89.0,AI103_K22_2022_2023_S2,Lập trình Python cho Khoa học dữ liệu (K22),lexuannambd22ai035@gmail.com,5.6,6.6,C,Khoa AI - Khóa 22,5.8,Lê Xuân Nam,2,BD22AI035,average
2022/2023,9.6,97.3,AI103_K22_2022_2023_S2,Lập trình Python cho Khoa học dữ liệu (K22),phamthiphucbd22ai036@gmail.com,3.1,6.4,C,Khoa AI - Khóa 22,3.3,Phạm Thị Phúc,2,BD22AI036,diligent_but_low
2022/2023,8.2,65.0,AI103_K22_2022_2023_S2,Lập trình Python cho Khoa học dữ liệu (K22),lyngocquanbd22ai037@gmail.com,9.0,8.3,B,Khoa AI - Khóa 22,8.7,Lý Ngọc Quân,2,BD22AI037,talented_but_lazy
2022/2023,9.5,94.1,AI103_K22_2022_2023_S2,Lập trình Python cho Khoa học dữ liệu (K22),đangngoctungbd22ai038@gmail.com,9.2,9.3,A,Khoa AI - Khóa 22,9.8,Đặng Ngọc Tùng,2,BD22AI038,excellent
2022/2023,9.8,98.2,AI103_K22_2022_2023_S2,Lập trình Python cho Khoa học dữ liệu (K22),phanvanlinhbd22ai039@gmail.com,3.5,6.7,C,Khoa AI - Khóa 22,5.2,Phan Văn Linh,2,BD22AI039,diligent_but_low
2022/2023,9.7,99.2,AI103_K22_2022_2023_S2,Lập trình Python cho Khoa học dữ liệu (K22),phanthanhlinhbd22ai040@gmail.com,5.2,7.5,B,Khoa AI - Khóa 22,3.2,Phan Thanh Linh,2,BD22AI040,diligent_but_low
2022/2023,4.0,52.3,AI104_K22_2022_2023_S2,Cấu trúc dữ liệu & Giải thuật (K22),vuanhlinhbd22ai001@gmail.com,1.7,3.1,F,Khoa AI - Khóa 22,4.2,Vũ Anh Linh,2,BD22AI001,struggling
2022/2023,8.9,54.2,AI104_K22_2022_2023_S2,Cấu trúc dữ liệu & Giải thuật (K22),đangquangminhbd22ai002@gmail.com,8.6,8.1,B,Khoa AI - Khóa 22,9.0,Đặng Quang Minh,2,BD22AI002,talented_but_lazy
2022/2023,9.2,97.5,AI104_K22_2022_2023_S2,Cấu trúc dữ liệu & Giải thuật (K22),phanminhlinhbd22ai003@gmail.com,5.1,7.3,B,Khoa AI - Khóa 22,5.2,Phan Minh Linh,2,BD22AI003,diligent_but_low
2022/2023,9.4,96.3,AI104_K22_2022_2023_S2,Cấu trúc dữ liệu & Giải thuật (K22),hođucphucbd22ai004@gmail.com,9.6,9.5,A,Khoa AI - Khóa 22,9.1,Hồ Đức Phúc,2,BD22AI004,excellent
2022/2023,9.8,97.3,AI104_K22_2022_2023_S2,Cấu trúc dữ liệu & Giải thuật (K22),buikimtungbd22ai005@gmail.com,10.0,9.9,A,Khoa AI - Khóa 22,9.3,Bùi Kim Tùng,2,BD22AI005,excellent
2022/2023,9.2,99.4,AI104_K22_2022_2023_S2,Cấu trúc dữ liệu & Giải thuật (K22),tranhaiminhbd22ai006@gmail.com,3.3,6.4,C,Khoa AI - Khóa 22,4.8,Trần Hải Minh,2,BD22AI006,diligent_but_low
2022/2023,9.6,96.4,AI104_K22_2022_2023_S2,Cấu trúc dữ liệu & Giải thuật (K22),buihaiquanbd22ai007@gmail.com,9.6,9.6,A,Khoa AI - Khóa 22,9.9,Bùi Hải Quân,2,BD22AI007,excellent
2022/2023,9.9,98.8,AI104_K22_2022_2023_S2,Cấu trúc dữ liệu & Giải thuật (K22),hothanhsonbd22ai008@gmail.com,9.4,9.7,A,Khoa AI - Khóa 22,9.3,Hồ Thanh Sơn,2,BD22AI008,excellent
2022/2023,9.8,95.2,AI104_K22_2022_2023_S2,Cấu trúc dữ liệu & Giải thuật (K22),đangminhcuongbd22ai009@gmail.com,9.5,9.6,A,Khoa AI - Khóa 22,9.0,Đặng Minh Cường,2,BD22AI009,excellent
2022/2023,7.8,52.9,AI104_K22_2022_2023_S2,Cấu trúc dữ liệu & Giải thuật (K22),vungocvinhbd22ai010@gmail.com,8.9,7.9,B,Khoa AI - Khóa 22,9.1,Vũ Ngọc Vinh,2,BD22AI010,talented_but_lazy
2022/2023,8.7,57.6,AI104_K22_2022_2023_S2,Cấu trúc dữ liệu & Giải thuật (K22),duongtuanquanbd22ai011@gmail.com,8.7,8.1,B,Khoa AI - Khóa 22,9.8,Dương Tuấn Quân,2,BD22AI011,talented_but_lazy
2022/2023,2.8,64.0,AI104_K22_2022_2023_S2,Cấu trúc dữ liệu & Giải thuật (K22),leminhdungbd22ai012@gmail.com,1.9,3.1,F,Khoa AI - Khóa 22,4.5,Lê Minh Dũng,2,BD22AI012,struggling
2022/2023,9.7,95.2,AI104_K22_2022_2023_S2,Cấu trúc dữ liệu & Giải thuật (K22),hotuanhabd22ai013@gmail.com,9.4,9.5,A,Khoa AI - Khóa 22,9.3,Hồ Tuấn Hà,2,BD22AI013,excellent
2022/2023,9.9,99.1,AI104_K22_2022_2023_S2,Cấu trúc dữ liệu & Giải thuật (K22),vuhuuhabd22ai014@gmail.com,9.5,9.7,A,Khoa AI - Khóa 22,9.9,Vũ Hữu Hà,2,BD22AI014,excellent
2022/2023,4.6,58.1,AI104_K22_2022_2023_S2,Cấu trúc dữ liệu & Giải thuật (K22),đangthitungbd22ai015@gmail.com,1.2,3.1,F,Khoa AI - Khóa 22,3.0,Đặng Thị Tùng,2,BD22AI015,struggling
2022/2023,7.7,47.9,AI104_K22_2022_2023_S2,Cấu trúc dữ liệu & Giải thuật (K22),hoangngoctungbd22ai016@gmail.com,8.6,7.6,B,Khoa AI - Khóa 22,9.6,Hoàng Ngọc Tùng,2,BD22AI016,talented_but_lazy
2022/2023,6.5,84.9,AI104_K22_2022_2023_S2,Cấu trúc dữ liệu & Giải thuật (K22),hoquangquanbd22ai017@gmail.com,5.7,6.5,C,Khoa AI - Khóa 22,5.8,Hồ Quang Quân,2,BD22AI017,average
2022/2023,7.8,57.4,AI104_K22_2022_2023_S2,Cấu trúc dữ liệu & Giải thuật (K22),huynhhaianbd22ai018@gmail.com,9.2,8.1,B,Khoa AI - Khóa 22,9.9,Huỳnh Hải An,2,BD22AI018,talented_but_lazy
2022/2023,9.8,95.2,AI104_K22_2022_2023_S2,Cấu trúc dữ liệu & Giải thuật (K22),buituansonbd22ai019@gmail.com,9.5,9.6,A,Khoa AI - Khóa 22,9.1,Bùi Tuấn Sơn,2,BD22AI019,excellent
2022/2023,7.9,54.8,AI104_K22_2022_2023_S2,Cấu trúc dữ liệu & Giải thuật (K22),đangđuckienbd22ai020@gmail.com,9.1,8.0,B,Khoa AI - Khóa 22,8.8,Đặng Đức Kiên,2,BD22AI020,talented_but_lazy
2022/2023,6.9,94.5,AI104_K22_2022_2023_S2,Cấu trúc dữ liệu & Giải thuật (K22),ngohaihabd22ai021@gmail.com,6.6,7.2,B,Khoa AI - Khóa 22,7.9,Ngô Hải Hà,2,BD22AI021,average
2022/2023,9.8,94.5,AI104_K22_2022_2023_S2,Cấu trúc dữ liệu & Giải thuật (K22),leanhphucbd22ai022@gmail.com,9.5,9.6,A,Khoa AI - Khóa 22,9.0,Lê Anh Phúc,2,BD22AI022,excellent
2022/2023,8.6,63.1,AI104_K22_2022_2023_S2,Cấu trúc dữ liệu & Giải thuật (K22),nguyenminhtungbd22ai023@gmail.com,8.8,8.2,B,Khoa AI - Khóa 22,9.5,Nguyễn Minh Tùng,2,BD22AI023,talented_but_lazy
2022/2023,6.7,78.4,AI104_K22_2022_2023_S2,Cấu trúc dữ liệu & Giải thuật (K22),nguyenngoclinhbd22ai024@gmail.com,5.7,6.4,C,Khoa AI - Khóa 22,6.4,Nguyễn Ngọc Linh,2,BD22AI024,average
2022/2023,7.0,46.7,AI104_K22_2022_2023_S2,Cấu trúc dữ liệu & Giải thuật (K22),ngohuucuongbd22ai025@gmail.com,8.8,7.4,B,Khoa AI - Khóa 22,9.3,Ngô Hữu Cường,2,BD22AI025,talented_but_lazy
2022/2023,8.4,76.3,AI104_K22_2022_2023_S2,Cấu trúc dữ liệu & Giải thuật (K22),đangtuanquanbd22ai026@gmail.com,7.9,8.0,B,Khoa AI - Khóa 22,6.3,Đặng Tuấn Quân,2,BD22AI026,average
2022/2023,7.3,85.7,AI104_K22_2022_2023_S2,Cấu trúc dữ liệu & Giải thuật (K22),tranthinambd22ai027@gmail.com,6.2,7.0,B,Khoa AI - Khóa 22,6.1,Trần Thị Nam,2,BD22AI027,average
2022/2023,4.1,51.6,AI104_K22_2022_2023_S2,Cấu trúc dữ liệu & Giải thuật (K22),buivanvinhbd22ai028@gmail.com,3.2,3.8,F,Khoa AI - Khóa 22,3.7,Bùi Văn Vinh,2,BD22AI028,struggling
2022/2023,9.4,99.7,AI104_K22_2022_2023_S2,Cấu trúc dữ liệu & Giải thuật (K22),lehaitungbd22ai029@gmail.com,4.1,6.8,C,Khoa AI - Khóa 22,3.9,Lê Hải Tùng,2,BD22AI029,diligent_but_low
2022/2023,8.5,64.7,AI104_K22_2022_2023_S2,Cấu trúc dữ liệu & Giải thuật (K22),lexuanhabd22ai030@gmail.com,9.8,8.7,A,Khoa AI - Khóa 22,9.7,Lê Xuân Hà,2,BD22AI030,talented_but_lazy
2022/2023,4.2,70.6,AI104_K22_2022_2023_S2,Cấu trúc dữ liệu & Giải thuật (K22),lekimloibd22ai031@gmail.com,3.2,4.3,D,Khoa AI - Khóa 22,2.4,Lê Kim Lợi,2,BD22AI031,struggling
2022/2023,9.5,97.8,AI104_K22_2022_2023_S2,Cấu trúc dữ liệu & Giải thuật (K22),vuvansonbd22ai032@gmail.com,5.0,7.3,B,Khoa AI - Khóa 22,3.7,Vũ Văn Sơn,2,BD22AI032,diligent_but_low
2022/2023,7.2,61.6,AI104_K22_2022_2023_S2,Cấu trúc dữ liệu & Giải thuật (K22),lyhuuphucbd22ai033@gmail.com,9.7,8.2,B,Khoa AI - Khóa 22,9.4,Lý Hữu Phúc,2,BD22AI033,talented_but_lazy
2022/2023,7.4,49.0,AI104_K22_2022_2023_S2,Cấu trúc dữ liệu & Giải thuật (K22),phankimtungbd22ai034@gmail.com,9.0,7.7,B,Khoa AI - Khóa 22,9.0,Phan Kim Tùng,2,BD22AI034,talented_but_lazy
2022/2023,6.7,74.2,AI104_K22_2022_2023_S2,Cấu trúc dữ liệu & Giải thuật (K22),lexuannambd22ai035@gmail.com,7.5,7.3,B,Khoa AI - Khóa 22,7.8,Lê Xuân Nam,2,BD22AI035,average
2022/2023,9.4,96.0,AI104_K22_2022_2023_S2,Cấu trúc dữ liệu & Giải thuật (K22),phamthiphucbd22ai036@gmail.com,5.5,7.5,B,Khoa AI - Khóa 22,3.6,Phạm Thị Phúc,2,BD22AI036,diligent_but_low
2022/2023,7.5,54.2,AI104_K22_2022_2023_S2,Cấu trúc dữ liệu & Giải thuật (K22),lyngocquanbd22ai037@gmail.com,8.9,7.8,B,Khoa AI - Khóa 22,9.1,Lý Ngọc Quân,2,BD22AI037,talented_but_lazy
2022/2023,9.6,99.9,AI104_K22_2022_2023_S2,Cấu trúc dữ liệu & Giải thuật (K22),đangngoctungbd22ai038@gmail.com,10.0,9.9,A,Khoa AI - Khóa 22,9.7,Đặng Ngọc Tùng,2,BD22AI038,excellent
2022/2023,9.7,96.9,AI104_K22_2022_2023_S2,Cấu trúc dữ liệu & Giải thuật (K22),phanvanlinhbd22ai039@gmail.com,5.3,7.5,B,Khoa AI - Khóa 22,5.0,Phan Văn Linh,2,BD22AI039,diligent_but_low
2022/2023,9.7,99.8,AI104_K22_2022_2023_S2,Cấu trúc dữ liệu & Giải thuật (K22),phanthanhlinhbd22ai040@gmail.com,3.2,6.5,C,Khoa AI - Khóa 22,5.4,Phan Thanh Linh,2,BD22AI040,diligent_but_low
2023/2024,7.4,41.7,AI301_K21_2023_2024_S1,Reinforcement Learning (K21),huynhxuankienbd21ai001@gmail.com,9.3,7.7,B,Khoa AI - Khóa 21,9.5,Huỳnh Xuân Kiên,1,BD21AI001,talented_but_lazy
2023/2024,10.0,99.4,AI301_K21_2023_2024_S1,Reinforcement Learning (K21),phamvanbinhbd21ai002@gmail.com,9.4,9.7,A,Khoa AI - Khóa 21,9.5,Phạm Văn Bình,1,BD21AI002,excellent
2023/2024,6.8,80.3,AI301_K21_2023_2024_S1,Reinforcement Learning (K21),đangvannambd21ai003@gmail.com,7.4,7.4,B,Khoa AI - Khóa 21,6.7,Đặng Văn Nam,1,BD21AI003,average
2023/2024,7.5,54.9,AI301_K21_2023_2024_S1,Reinforcement Learning (K21),tranngocanbd21ai004@gmail.com,9.3,8.0,B,Khoa AI - Khóa 21,9.3,Trần Ngọc An,1,BD21AI004,talented_but_lazy
2023/2024,9.6,96.8,AI301_K21_2023_2024_S1,Reinforcement Learning (K21),duongkimcuongbd21ai005@gmail.com,4.6,7.1,B,Khoa AI - Khóa 21,4.9,Dương Kim Cường,1,BD21AI005,diligent_but_low
2023/2024,9.8,98.3,AI301_K21_2023_2024_S1,Reinforcement Learning (K21),vukimsonbd21ai006@gmail.com,4.5,7.2,B,Khoa AI - Khóa 21,3.3,Vũ Kim Sơn,1,BD21AI006,diligent_but_low
2023/2024,9.1,53.9,AI301_K21_2023_2024_S1,Reinforcement Learning (K21),huynhđucdungbd21ai007@gmail.com,9.7,8.7,A,Khoa AI - Khóa 21,9.7,Huỳnh Đức Dũng,1,BD21AI007,talented_but_lazy
2023/2024,9.7,96.6,AI301_K21_2023_2024_S1,Reinforcement Learning (K21),tranquangquanbd21ai008@gmail.com,9.1,9.4,A,Khoa AI - Khóa 21,9.0,Trần Quang Quân,1,BD21AI008,excellent
2023/2024,8.4,93.2,AI301_K21_2023_2024_S1,Reinforcement Learning (K21),đohailoibd21ai009@gmail.com,7.6,8.2,B,Khoa AI - Khóa 21,7.1,Đỗ Hải Lợi,1,BD21AI009,average
2023/2024,7.2,48.3,AI301_K21_2023_2024_S1,Reinforcement Learning (K21),buithanhlinhbd21ai010@gmail.com,9.1,7.7,B,Khoa AI - Khóa 21,9.4,Bùi Thành Linh,1,BD21AI010,talented_but_lazy
2023/2024,4.9,48.3,AI301_K21_2023_2024_S1,Reinforcement Learning (K21),lyvanphucbd21ai011@gmail.com,3.2,4.0,D,Khoa AI - Khóa 21,2.9,Lý Văn Phúc,1,BD21AI011,struggling
2023/2024,9.8,98.7,AI301_K21_2023_2024_S1,Reinforcement Learning (K21),phanđucsonbd21ai012@gmail.com,9.4,9.6,A,Khoa AI - Khóa 21,9.7,Phan Đức Sơn,1,BD21AI012,excellent
2023/2024,9.2,98.3,AI301_K21_2023_2024_S1,Reinforcement Learning (K21),tranhuuloibd21ai013@gmail.com,4.5,7.0,B,Khoa AI - Khóa 21,3.2,Trần Hữu Lợi,1,BD21AI013,diligent_but_low
2023/2024,9.2,50.0,AI301_K21_2023_2024_S1,Reinforcement Learning (K21),leminhlinhbd21ai014@gmail.com,9.9,8.7,A,Khoa AI - Khóa 21,9.8,Lê Minh Linh,1,BD21AI014,talented_but_lazy
2023/2024,8.7,50.7,AI301_K21_2023_2024_S1,Reinforcement Learning (K21),duongthanhkienbd21ai015@gmail.com,9.5,8.4,B,Khoa AI - Khóa 21,8.6,Dương Thanh Kiên,1,BD21AI015,talented_but_lazy
2023/2024,9.9,99.9,AI301_K21_2023_2024_S1,Reinforcement Learning (K21),duongminhanbd21ai016@gmail.com,4.9,7.4,B,Khoa AI - Khóa 21,4.9,Dương Minh An,1,BD21AI016,diligent_but_low
2023/2024,7.5,48.3,AI301_K21_2023_2024_S1,Reinforcement Learning (K21),vuquangtungbd21ai017@gmail.com,8.8,7.6,B,Khoa AI - Khóa 21,9.5,Vũ Quang Tùng,1,BD21AI017,talented_but_lazy
2023/2024,7.9,46.1,AI301_K21_2023_2024_S1,Reinforcement Learning (K21),tranquangnambd21ai018@gmail.com,9.1,7.9,B,Khoa AI - Khóa 21,9.4,Trần Quang Nam,1,BD21AI018,talented_but_lazy
2023/2024,9.4,97.0,AI301_K21_2023_2024_S1,Reinforcement Learning (K21),đongoccuongbd21ai019@gmail.com,3.3,6.4,C,Khoa AI - Khóa 21,3.6,Đỗ Ngọc Cường,1,BD21AI019,diligent_but_low
2023/2024,9.9,98.9,AI301_K21_2023_2024_S1,Reinforcement Learning (K21),lythanhnambd21ai020@gmail.com,4.1,7.0,B,Khoa AI - Khóa 21,4.8,Lý Thanh Nam,1,BD21AI020,diligent_but_low
2023/2024,9.6,99.4,AI301_K21_2023_2024_S1,Reinforcement Learning (K21),duongkimloibd21ai021@gmail.com,3.3,6.5,C,Khoa AI - Khóa 21,5.3,Dương Kim Lợi,1,BD21AI021,diligent_but_low
2023/2024,9.6,98.2,AI301_K21_2023_2024_S1,Reinforcement Learning (K21),huynhquangdungbd21ai022@gmail.com,5.4,7.5,B,Khoa AI - Khóa 21,5.4,Huỳnh Quang Dũng,1,BD21AI022,diligent_but_low
2023/2024,9.8,95.3,AI301_K21_2023_2024_S1,Reinforcement Learning (K21),buithanhkienbd21ai023@gmail.com,9.6,9.7,A,Khoa AI - Khóa 21,9.1,Bùi Thành Kiên,1,BD21AI023,excellent
2023/2024,9.2,98.4,AI301_K21_2023_2024_S1,Reinforcement Learning (K21),vongocvinhbd21ai024@gmail.com,5.3,7.4,B,Khoa AI - Khóa 21,5.4,Võ Ngọc Vinh,1,BD21AI024,diligent_but_low
2023/2024,4.6,42.5,AI301_K21_2023_2024_S1,Reinforcement Learning (K21),buihuuhabd21ai025@gmail.com,3.7,4.1,D,Khoa AI - Khóa 21,2.7,Bùi Hữu Hà,1,BD21AI025,struggling
2023/2024,7.8,75.3,AI301_K21_2023_2024_S1,Reinforcement Learning (K21),duongtuancuongbd21ai026@gmail.com,5.9,6.8,C,Khoa AI - Khóa 21,6.3,Dương Tuấn Cường,1,BD21AI026,average
2023/2024,8.6,74.3,AI301_K21_2023_2024_S1,Reinforcement Learning (K21),buiquangsonbd21ai027@gmail.com,7.8,8.0,B,Khoa AI - Khóa 21,5.8,Bùi Quang Sơn,1,BD21AI027,average
2023/2024,9.5,96.8,AI301_K21_2023_2024_S1,Reinforcement Learning (K21),đangđucloibd21ai028@gmail.com,9.2,9.4,A,Khoa AI - Khóa 21,9.4,Đặng Đức Lợi,1,BD21AI028,excellent
2023/2024,9.6,95.0,AI301_K21_2023_2024_S1,Reinforcement Learning (K21),huynhthanhlinhbd21ai029@gmail.com,9.6,9.6,A,Khoa AI - Khóa 21,9.3,Huỳnh Thành Linh,1,BD21AI029,excellent
2023/2024,8.9,50.1,AI301_K21_2023_2024_S1,Reinforcement Learning (K21),nguyenhuukienbd21ai030@gmail.com,9.5,8.5,A,Khoa AI - Khóa 21,8.9,Nguyễn Hữu Kiên,1,BD21AI030,talented_but_lazy
2023/2024,9.4,98.8,AI301_K21_2023_2024_S1,Reinforcement Learning (K21),buivannambd21ai031@gmail.com,9.7,9.7,A,Khoa AI - Khóa 21,9.5,Bùi Văn Nam,1,BD21AI031,excellent
2023/2024,8.6,45.2,AI301_K21_2023_2024_S1,Reinforcement Learning (K21),hoangquangtungbd21ai032@gmail.com,9.1,8.0,B,Khoa AI - Khóa 21,9.9,Hoàng Quang Tùng,1,BD21AI032,talented_but_lazy
2023/2024,9.8,97.2,AI301_K21_2023_2024_S1,Reinforcement Learning (K21),đangngoctungbd21ai033@gmail.com,9.0,9.4,A,Khoa AI - Khóa 21,9.7,Đặng Ngọc Tùng,1,BD21AI033,excellent
2023/2024,9.3,98.5,AI301_K21_2023_2024_S1,Reinforcement Learning (K21),lyvantungbd21ai034@gmail.com,5.3,7.4,B,Khoa AI - Khóa 21,5.2,Lý Văn Tùng,1,BD21AI034,diligent_but_low
2023/2024,4.8,45.3,AI301_K21_2023_2024_S1,Reinforcement Learning (K21),buikimminhbd21ai035@gmail.com,3.8,4.3,D,Khoa AI - Khóa 21,2.7,Bùi Kim Minh,1,BD21AI035,struggling
2023/2024,9.5,96.5,AI301_K21_2023_2024_S1,Reinforcement Learning (K21),vođucanbd21ai036@gmail.com,5.3,7.4,B,Khoa AI - Khóa 21,3.4,Võ Đức An,1,BD21AI036,diligent_but_low
2023/2024,2.0,65.4,AI301_K21_2023_2024_S1,Reinforcement Learning (K21),duongngocsonbd21ai037@gmail.com,3.7,3.8,F,Khoa AI - Khóa 21,4.2,Dương Ngọc Sơn,1,BD21AI037,struggling
2023/2024,9.7,97.7,AI301_K21_2023_2024_S1,Reinforcement Learning (K21),tranhaiminhbd21ai038@gmail.com,5.2,7.5,B,Khoa AI - Khóa 21,3.3,Trần Hải Minh,1,BD21AI038,diligent_but_low
2023/2024,3.1,60.3,AI301_K21_2023_2024_S1,Reinforcement Learning (K21),ngoquangdungbd21ai039@gmail.com,3.1,3.7,F,Khoa AI - Khóa 21,3.5,Ngô Quang Dũng,1,BD21AI039,struggling
2023/2024,9.0,51.1,AI301_K21_2023_2024_S1,Reinforcement Learning (K21),tranđuctungbd21ai040@gmail.com,9.7,8.6,A,Khoa AI - Khóa 21,9.7,Trần Đức Tùng,1,BD21AI040,talented_but_lazy
2023/2024,8.9,47.9,AI302_K21_2023_2024_S2,Big Data & Cloud Computing (K21),huynhxuankienbd21ai001@gmail.com,9.9,8.6,A,Khoa AI - Khóa 21,9.8,Huỳnh Xuân Kiên,2,BD21AI001,talented_but_lazy
2023/2024,9.6,97.1,AI302_K21_2023_2024_S2,Big Data & Cloud Computing (K21),phamvanbinhbd21ai002@gmail.com,9.8,9.7,A,Khoa AI - Khóa 21,9.5,Phạm Văn Bình,2,BD21AI002,excellent
2023/2024,7.1,86.2,AI302_K21_2023_2024_S2,Big Data & Cloud Computing (K21),đangvannambd21ai003@gmail.com,7.2,7.5,B,Khoa AI - Khóa 21,7.7,Đặng Văn Nam,2,BD21AI003,average
2023/2024,7.7,46.3,AI302_K21_2023_2024_S2,Big Data & Cloud Computing (K21),tranngocanbd21ai004@gmail.com,8.5,7.5,B,Khoa AI - Khóa 21,8.8,Trần Ngọc An,2,BD21AI004,talented_but_lazy
2023/2024,9.9,97.1,AI302_K21_2023_2024_S2,Big Data & Cloud Computing (K21),duongkimcuongbd21ai005@gmail.com,3.7,6.7,C,Khoa AI - Khóa 21,4.2,Dương Kim Cường,2,BD21AI005,diligent_but_low
2023/2024,9.0,98.4,AI302_K21_2023_2024_S2,Big Data & Cloud Computing (K21),vukimsonbd21ai006@gmail.com,3.7,6.5,C,Khoa AI - Khóa 21,4.7,Vũ Kim Sơn,2,BD21AI006,diligent_but_low
2023/2024,8.8,59.3,AI302_K21_2023_2024_S2,Big Data & Cloud Computing (K21),huynhđucdungbd21ai007@gmail.com,9.8,8.7,A,Khoa AI - Khóa 21,9.1,Huỳnh Đức Dũng,2,BD21AI007,talented_but_lazy
2023/2024,9.8,94.4,AI302_K21_2023_2024_S2,Big Data & Cloud Computing (K21),tranquangquanbd21ai008@gmail.com,9.4,9.5,A,Khoa AI - Khóa 21,9.6,Trần Quang Quân,2,BD21AI008,excellent
2023/2024,7.0,81.5,AI302_K21_2023_2024_S2,Big Data & Cloud Computing (K21),đohailoibd21ai009@gmail.com,7.7,7.6,B,Khoa AI - Khóa 21,7.4,Đỗ Hải Lợi,2,BD21AI009,average
2023/2024,9.2,48.3,AI302_K21_2023_2024_S2,Big Data & Cloud Computing (K21),buithanhlinhbd21ai010@gmail.com,9.6,8.5,A,Khoa AI - Khóa 21,10.0,Bùi Thành Linh,2,BD21AI010,talented_but_lazy
2023/2024,2.6,43.5,AI302_K21_2023_2024_S2,Big Data & Cloud Computing (K21),lyvanphucbd21ai011@gmail.com,1.5,2.4,F,Khoa AI - Khóa 21,3.0,Lý Văn Phúc,2,BD21AI011,struggling
2023/2024,9.8,95.1,AI302_K21_2023_2024_S2,Big Data & Cloud Computing (K21),phanđucsonbd21ai012@gmail.com,9.4,9.5,A,Khoa AI - Khóa 21,9.0,Phan Đức Sơn,2,BD21AI012,excellent
2023/2024,9.0,98.9,AI302_K21_2023_2024_S2,Big Data & Cloud Computing (K21),tranhuuloibd21ai013@gmail.com,4.4,6.9,C,Khoa AI - Khóa 21,5.4,Trần Hữu Lợi,2,BD21AI013,diligent_but_low
2023/2024,7.6,47.2,AI302_K21_2023_2024_S2,Big Data & Cloud Computing (K21),leminhlinhbd21ai014@gmail.com,9.2,7.8,B,Khoa AI - Khóa 21,9.2,Lê Minh Linh,2,BD21AI014,talented_but_lazy
2023/2024,8.7,49.9,AI302_K21_2023_2024_S2,Big Data & Cloud Computing (K21),duongthanhkienbd21ai015@gmail.com,9.6,8.4,B,Khoa AI - Khóa 21,9.7,Dương Thanh Kiên,2,BD21AI015,talented_but_lazy
2023/2024,9.6,96.8,AI302_K21_2023_2024_S2,Big Data & Cloud Computing (K21),duongminhanbd21ai016@gmail.com,4.6,7.1,B,Khoa AI - Khóa 21,4.8,Dương Minh An,2,BD21AI016,diligent_but_low
2023/2024,8.4,49.6,AI302_K21_2023_2024_S2,Big Data & Cloud Computing (K21),vuquangtungbd21ai017@gmail.com,8.8,7.9,B,Khoa AI - Khóa 21,8.8,Vũ Quang Tùng,2,BD21AI017,talented_but_lazy
2023/2024,8.3,61.0,AI302_K21_2023_2024_S2,Big Data & Cloud Computing (K21),tranquangnambd21ai018@gmail.com,9.7,8.6,A,Khoa AI - Khóa 21,10.0,Trần Quang Nam,2,BD21AI018,talented_but_lazy
2023/2024,9.3,99.7,AI302_K21_2023_2024_S2,Big Data & Cloud Computing (K21),đongoccuongbd21ai019@gmail.com,4.1,6.9,C,Khoa AI - Khóa 21,3.6,Đỗ Ngọc Cường,2,BD21AI019,diligent_but_low
2023/2024,9.8,99.3,AI302_K21_2023_2024_S2,Big Data & Cloud Computing (K21),lythanhnambd21ai020@gmail.com,5.2,7.6,B,Khoa AI - Khóa 21,3.2,Lý Thanh Nam,2,BD21AI020,diligent_but_low
2023/2024,9.4,96.7,AI302_K21_2023_2024_S2,Big Data & Cloud Computing (K21),duongkimloibd21ai021@gmail.com,3.4,6.4,C,Khoa AI - Khóa 21,3.6,Dương Kim Lợi,2,BD21AI021,diligent_but_low
2023/2024,9.5,96.8,AI302_K21_2023_2024_S2,Big Data & Cloud Computing (K21),huynhquangdungbd21ai022@gmail.com,3.4,6.5,C,Khoa AI - Khóa 21,3.6,Huỳnh Quang Dũng,2,BD21AI022,diligent_but_low
2023/2024,9.6,95.4,AI302_K21_2023_2024_S2,Big Data & Cloud Computing (K21),buithanhkienbd21ai023@gmail.com,9.1,9.3,A,Khoa AI - Khóa 21,9.3,Bùi Thành Kiên,2,BD21AI023,excellent
2023/2024,9.8,97.3,AI302_K21_2023_2024_S2,Big Data & Cloud Computing (K21),vongocvinhbd21ai024@gmail.com,4.3,7.1,B,Khoa AI - Khóa 21,4.2,Võ Ngọc Vinh,2,BD21AI024,diligent_but_low
2023/2024,2.2,67.1,AI302_K21_2023_2024_S2,Big Data & Cloud Computing (K21),buihuuhabd21ai025@gmail.com,2.3,3.2,F,Khoa AI - Khóa 21,4.2,Bùi Hữu Hà,2,BD21AI025,struggling
2023/2024,7.2,94.6,AI302_K21_2023_2024_S2,Big Data & Cloud Computing (K21),duongtuancuongbd21ai026@gmail.com,7.7,7.9,B,Khoa AI - Khóa 21,6.4,Dương Tuấn Cường,2,BD21AI026,average
2023/2024,7.9,78.2,AI302_K21_2023_2024_S2,Big Data & Cloud Computing (K21),buiquangsonbd21ai027@gmail.com,7.9,7.9,B,Khoa AI - Khóa 21,7.0,Bùi Quang Sơn,2,BD21AI027,average
2023/2024,9.9,95.6,AI302_K21_2023_2024_S2,Big Data & Cloud Computing (K21),đangđucloibd21ai028@gmail.com,9.3,9.5,A,Khoa AI - Khóa 21,9.3,Đặng Đức Lợi,2,BD21AI028,excellent
2023/2024,9.7,96.7,AI302_K21_2023_2024_S2,Big Data & Cloud Computing (K21),huynhthanhlinhbd21ai029@gmail.com,9.3,9.5,A,Khoa AI - Khóa 21,9.2,Huỳnh Thành Linh,2,BD21AI029,excellent
2023/2024,8.5,47.9,AI302_K21_2023_2024_S2,Big Data & Cloud Computing (K21),nguyenhuukienbd21ai030@gmail.com,9.1,8.0,B,Khoa AI - Khóa 21,8.6,Nguyễn Hữu Kiên,2,BD21AI030,talented_but_lazy
2023/2024,9.7,94.9,AI302_K21_2023_2024_S2,Big Data & Cloud Computing (K21),buivannambd21ai031@gmail.com,9.4,9.5,A,Khoa AI - Khóa 21,9.2,Bùi Văn Nam,2,BD21AI031,excellent
2023/2024,7.8,50.8,AI302_K21_2023_2024_S2,Big Data & Cloud Computing (K21),hoangquangtungbd21ai032@gmail.com,8.8,7.8,B,Khoa AI - Khóa 21,9.5,Hoàng Quang Tùng,2,BD21AI032,talented_but_lazy
2023/2024,9.7,95.6,AI302_K21_2023_2024_S2,Big Data & Cloud Computing (K21),đangngoctungbd21ai033@gmail.com,9.7,9.7,A,Khoa AI - Khóa 21,9.1,Đặng Ngọc Tùng,2,BD21AI033,excellent
2023/2024,10.0,99.9,AI302_K21_2023_2024_S2,Big Data & Cloud Computing (K21),lyvantungbd21ai034@gmail.com,5.0,7.5,B,Khoa AI - Khóa 21,5.3,Lý Văn Tùng,2,BD21AI034,diligent_but_low
2023/2024,5.0,55.3,AI302_K21_2023_2024_S2,Big Data & Cloud Computing (K21),buikimminhbd21ai035@gmail.com,2.6,3.9,F,Khoa AI - Khóa 21,2.1,Bùi Kim Minh,2,BD21AI035,struggling
2023/2024,9.3,99.0,AI302_K21_2023_2024_S2,Big Data & Cloud Computing (K21),vođucanbd21ai036@gmail.com,4.1,6.8,C,Khoa AI - Khóa 21,3.6,Võ Đức An,2,BD21AI036,diligent_but_low
2023/2024,3.7,63.1,AI302_K21_2023_2024_S2,Big Data & Cloud Computing (K21),duongngocsonbd21ai037@gmail.com,4.3,4.5,D,Khoa AI - Khóa 21,1.8,Dương Ngọc Sơn,2,BD21AI037,struggling
2023/2024,9.1,97.7,AI302_K21_2023_2024_S2,Big Data & Cloud Computing (K21),tranhaiminhbd21ai038@gmail.com,3.9,6.6,C,Khoa AI - Khóa 21,5.0,Trần Hải Minh,2,BD21AI038,diligent_but_low
2023/2024,2.9,52.0,AI302_K21_2023_2024_S2,Big Data & Cloud Computing (K21),ngoquangdungbd21ai039@gmail.com,2.5,3.1,F,Khoa AI - Khóa 21,3.4,Ngô Quang Dũng,2,BD21AI039,struggling
2023/2024,7.2,48.1,AI302_K21_2023_2024_S2,Big Data & Cloud Computing (K21),tranđuctungbd21ai040@gmail.com,10.0,8.1,B,Khoa AI - Khóa 21,8.8,Trần Đức Tùng,2,BD21AI040,talented_but_lazy
2023/2024,8.8,63.2,AI303_K21_2023_2024_S2,Đạo đức & Pháp luật trong AI (K21),huynhxuankienbd21ai001@gmail.com,10.0,8.9,A,Khoa AI - Khóa 21,9.2,Huỳnh Xuân Kiên,2,BD21AI001,talented_but_lazy
2023/2024,10.0,94.5,AI303_K21_2023_2024_S2,Đạo đức & Pháp luật trong AI (K21),phamvanbinhbd21ai002@gmail.com,9.9,9.8,A,Khoa AI - Khóa 21,9.3,Phạm Văn Bình,2,BD21AI002,excellent
2023/2024,8.7,72.8,AI303_K21_2023_2024_S2,Đạo đức & Pháp luật trong AI (K21),đangvannambd21ai003@gmail.com,6.1,7.1,B,Khoa AI - Khóa 21,6.6,Đặng Văn Nam,2,BD21AI003,average
2023/2024,7.7,60.5,AI303_K21_2023_2024_S2,Đạo đức & Pháp luật trong AI (K21),tranngocanbd21ai004@gmail.com,9.7,8.4,B,Khoa AI - Khóa 21,9.4,Trần Ngọc An,2,BD21AI004,talented_but_lazy
2023/2024,9.7,97.4,AI303_K21_2023_2024_S2,Đạo đức & Pháp luật trong AI (K21),duongkimcuongbd21ai005@gmail.com,3.0,6.4,C,Khoa AI - Khóa 21,3.0,Dương Kim Cường,2,BD21AI005,diligent_but_low
2023/2024,9.6,96.8,AI303_K21_2023_2024_S2,Đạo đức & Pháp luật trong AI (K21),vukimsonbd21ai006@gmail.com,4.8,7.2,B,Khoa AI - Khóa 21,5.4,Vũ Kim Sơn,2,BD21AI006,diligent_but_low
2023/2024,8.6,58.1,AI303_K21_2023_2024_S2,Đạo đức & Pháp luật trong AI (K21),huynhđucdungbd21ai007@gmail.com,9.3,8.4,B,Khoa AI - Khóa 21,9.4,Huỳnh Đức Dũng,2,BD21AI007,talented_but_lazy
2023/2024,9.6,96.0,AI303_K21_2023_2024_S2,Đạo đức & Pháp luật trong AI (K21),tranquangquanbd21ai008@gmail.com,9.0,9.3,A,Khoa AI - Khóa 21,9.0,Trần Quang Quân,2,BD21AI008,excellent
2023/2024,7.4,93.1,AI303_K21_2023_2024_S2,Đạo đức & Pháp luật trong AI (K21),đohailoibd21ai009@gmail.com,5.9,7.0,B,Khoa AI - Khóa 21,6.4,Đỗ Hải Lợi,2,BD21AI009,average
2023/2024,7.2,51.0,AI303_K21_2023_2024_S2,Đạo đức & Pháp luật trong AI (K21),buithanhlinhbd21ai010@gmail.com,8.9,7.6,B,Khoa AI - Khóa 21,9.5,Bùi Thành Linh,2,BD21AI010,talented_but_lazy
2023/2024,2.7,61.7,AI303_K21_2023_2024_S2,Đạo đức & Pháp luật trong AI (K21),lyvanphucbd21ai011@gmail.com,3.2,3.6,F,Khoa AI - Khóa 21,3.4,Lý Văn Phúc,2,BD21AI011,struggling
2023/2024,9.4,97.6,AI303_K21_2023_2024_S2,Đạo đức & Pháp luật trong AI (K21),phanđucsonbd21ai012@gmail.com,9.2,9.4,A,Khoa AI - Khóa 21,9.5,Phan Đức Sơn,2,BD21AI012,excellent
2023/2024,9.8,98.6,AI303_K21_2023_2024_S2,Đạo đức & Pháp luật trong AI (K21),tranhuuloibd21ai013@gmail.com,5.1,7.5,B,Khoa AI - Khóa 21,4.3,Trần Hữu Lợi,2,BD21AI013,diligent_but_low
2023/2024,7.8,61.8,AI303_K21_2023_2024_S2,Đạo đức & Pháp luật trong AI (K21),leminhlinhbd21ai014@gmail.com,9.2,8.2,B,Khoa AI - Khóa 21,9.0,Lê Minh Linh,2,BD21AI014,talented_but_lazy
2023/2024,7.6,55.9,AI303_K21_2023_2024_S2,Đạo đức & Pháp luật trong AI (K21),duongthanhkienbd21ai015@gmail.com,9.2,8.0,B,Khoa AI - Khóa 21,10.0,Dương Thanh Kiên,2,BD21AI015,talented_but_lazy
2023/2024,9.7,96.5,AI303_K21_2023_2024_S2,Đạo đức & Pháp luật trong AI (K21),duongminhanbd21ai016@gmail.com,4.5,7.1,B,Khoa AI - Khóa 21,4.6,Dương Minh An,2,BD21AI016,diligent_but_low
2023/2024,8.0,62.4,AI303_K21_2023_2024_S2,Đạo đức & Pháp luật trong AI (K21),vuquangtungbd21ai017@gmail.com,9.9,8.6,A,Khoa AI - Khóa 21,9.7,Vũ Quang Tùng,2,BD21AI017,talented_but_lazy
2023/2024,8.8,50.5,AI303_K21_2023_2024_S2,Đạo đức & Pháp luật trong AI (K21),tranquangnambd21ai018@gmail.com,9.9,8.6,A,Khoa AI - Khóa 21,9.7,Trần Quang Nam,2,BD21AI018,talented_but_lazy
2023/2024,9.4,98.1,AI303_K21_2023_2024_S2,Đạo đức & Pháp luật trong AI (K21),đongoccuongbd21ai019@gmail.com,4.9,7.2,B,Khoa AI - Khóa 21,5.2,Đỗ Ngọc Cường,2,BD21AI019,diligent_but_low
2023/2024,9.5,96.1,AI303_K21_2023_2024_S2,Đạo đức & Pháp luật trong AI (K21),lythanhnambd21ai020@gmail.com,3.4,6.5,C,Khoa AI - Khóa 21,4.1,Lý Thanh Nam,2,BD21AI020,diligent_but_low
2023/2024,9.8,97.0,AI303_K21_2023_2024_S2,Đạo đức & Pháp luật trong AI (K21),duongkimloibd21ai021@gmail.com,3.6,6.7,C,Khoa AI - Khóa 21,5.4,Dương Kim Lợi,2,BD21AI021,diligent_but_low
2023/2024,9.2,96.4,AI303_K21_2023_2024_S2,Đạo đức & Pháp luật trong AI (K21),huynhquangdungbd21ai022@gmail.com,4.5,6.9,C,Khoa AI - Khóa 21,3.6,Huỳnh Quang Dũng,2,BD21AI022,diligent_but_low
2023/2024,9.8,96.4,AI303_K21_2023_2024_S2,Đạo đức & Pháp luật trong AI (K21),buithanhkienbd21ai023@gmail.com,10.0,9.9,A,Khoa AI - Khóa 21,10.0,Bùi Thành Kiên,2,BD21AI023,excellent
2023/2024,9.1,96.6,AI303_K21_2023_2024_S2,Đạo đức & Pháp luật trong AI (K21),vongocvinhbd21ai024@gmail.com,3.6,6.5,C,Khoa AI - Khóa 21,4.5,Võ Ngọc Vinh,2,BD21AI024,diligent_but_low
2023/2024,2.4,55.6,AI303_K21_2023_2024_S2,Đạo đức & Pháp luật trong AI (K21),buihuuhabd21ai025@gmail.com,3.0,3.3,F,Khoa AI - Khóa 21,1.6,Bùi Hữu Hà,2,BD21AI025,struggling
2023/2024,8.0,74.6,AI303_K21_2023_2024_S2,Đạo đức & Pháp luật trong AI (K21),duongtuancuongbd21ai026@gmail.com,7.9,7.8,B,Khoa AI - Khóa 21,7.2,Dương Tuấn Cường,2,BD21AI026,average
2023/2024,8.3,74.1,AI303_K21_2023_2024_S2,Đạo đức & Pháp luật trong AI (K21),buiquangsonbd21ai027@gmail.com,7.4,7.7,B,Khoa AI - Khóa 21,6.7,Bùi Quang Sơn,2,BD21AI027,average
2023/2024,9.8,97.8,AI303_K21_2023_2024_S2,Đạo đức & Pháp luật trong AI (K21),đangđucloibd21ai028@gmail.com,9.2,9.5,A,Khoa AI - Khóa 21,9.1,Đặng Đức Lợi,2,BD21AI028,excellent
2023/2024,9.5,98.2,AI303_K21_2023_2024_S2,Đạo đức & Pháp luật trong AI (K21),huynhthanhlinhbd21ai029@gmail.com,9.1,9.4,A,Khoa AI - Khóa 21,9.3,Huỳnh Thành Linh,2,BD21AI029,excellent
2023/2024,7.3,58.0,AI303_K21_2023_2024_S2,Đạo đức & Pháp luật trong AI (K21),nguyenhuukienbd21ai030@gmail.com,8.5,7.6,B,Khoa AI - Khóa 21,8.9,Nguyễn Hữu Kiên,2,BD21AI030,talented_but_lazy
2023/2024,9.9,98.6,AI303_K21_2023_2024_S2,Đạo đức & Pháp luật trong AI (K21),buivannambd21ai031@gmail.com,9.3,9.6,A,Khoa AI - Khóa 21,9.9,Bùi Văn Nam,2,BD21AI031,excellent
2023/2024,8.5,47.3,AI303_K21_2023_2024_S2,Đạo đức & Pháp luật trong AI (K21),hoangquangtungbd21ai032@gmail.com,9.6,8.3,B,Khoa AI - Khóa 21,9.3,Hoàng Quang Tùng,2,BD21AI032,talented_but_lazy
2023/2024,9.9,94.5,AI303_K21_2023_2024_S2,Đạo đức & Pháp luật trong AI (K21),đangngoctungbd21ai033@gmail.com,9.8,9.7,A,Khoa AI - Khóa 21,9.8,Đặng Ngọc Tùng,2,BD21AI033,excellent
2023/2024,9.1,98.6,AI303_K21_2023_2024_S2,Đạo đức & Pháp luật trong AI (K21),lyvantungbd21ai034@gmail.com,4.7,7.0,B,Khoa AI - Khóa 21,4.8,Lý Văn Tùng,2,BD21AI034,diligent_but_low
2023/2024,3.1,73.3,AI303_K21_2023_2024_S2,Đạo đức & Pháp luật trong AI (K21),buikimminhbd21ai035@gmail.com,2.3,3.5,F,Khoa AI - Khóa 21,2.6,Bùi Kim Minh,2,BD21AI035,struggling
2023/2024,9.2,99.7,AI303_K21_2023_2024_S2,Đạo đức & Pháp luật trong AI (K21),vođucanbd21ai036@gmail.com,4.1,6.8,C,Khoa AI - Khóa 21,4.7,Võ Đức An,2,BD21AI036,diligent_but_low
2023/2024,4.8,62.9,AI303_K21_2023_2024_S2,Đạo đức & Pháp luật trong AI (K21),duongngocsonbd21ai037@gmail.com,3.7,4.5,D,Khoa AI - Khóa 21,2.5,Dương Ngọc Sơn,2,BD21AI037,struggling
2023/2024,9.1,96.6,AI303_K21_2023_2024_S2,Đạo đức & Pháp luật trong AI (K21),tranhaiminhbd21ai038@gmail.com,4.2,6.8,C,Khoa AI - Khóa 21,3.2,Trần Hải Minh,2,BD21AI038,diligent_but_low
2023/2024,4.0,54.9,AI303_K21_2023_2024_S2,Đạo đức & Pháp luật trong AI (K21),ngoquangdungbd21ai039@gmail.com,1.4,3.0,F,Khoa AI - Khóa 21,3.9,Ngô Quang Dũng,2,BD21AI039,struggling
2023/2024,8.9,43.6,AI303_K21_2023_2024_S2,Đạo đức & Pháp luật trong AI (K21),tranđuctungbd21ai040@gmail.com,9.4,8.2,B,Khoa AI - Khóa 21,9.8,Trần Đức Tùng,2,BD21AI040,talented_but_lazy
2023/2024,4.4,61.8,AI201_K22_2023_2024_S1,Machine Learning (Học máy) (K22),vuanhlinhbd22ai001@gmail.com,4.1,4.6,D,Khoa AI - Khóa 22,1.7,Vũ Anh Linh,1,BD22AI001,struggling
2023/2024,8.9,63.1,AI201_K22_2023_2024_S1,Machine Learning (Học máy) (K22),đangquangminhbd22ai002@gmail.com,9.6,8.7,A,Khoa AI - Khóa 22,9.4,Đặng Quang Minh,1,BD22AI002,talented_but_lazy
2023/2024,9.6,98.3,AI201_K22_2023_2024_S1,Machine Learning (Học máy) (K22),phanminhlinhbd22ai003@gmail.com,4.1,6.9,C,Khoa AI - Khóa 22,4.2,Phan Minh Linh,1,BD22AI003,diligent_but_low
2023/2024,9.4,99.6,AI201_K22_2023_2024_S1,Machine Learning (Học máy) (K22),hođucphucbd22ai004@gmail.com,9.6,9.6,A,Khoa AI - Khóa 22,9.4,Hồ Đức Phúc,1,BD22AI004,excellent
2023/2024,9.5,99.6,AI201_K22_2023_2024_S1,Machine Learning (Học máy) (K22),buikimtungbd22ai005@gmail.com,9.7,9.7,A,Khoa AI - Khóa 22,9.6,Bùi Kim Tùng,1,BD22AI005,excellent
2023/2024,10.0,99.4,AI201_K22_2023_2024_S1,Machine Learning (Học máy) (K22),tranhaiminhbd22ai006@gmail.com,3.9,6.9,C,Khoa AI - Khóa 22,3.1,Trần Hải Minh,1,BD22AI006,diligent_but_low
2023/2024,9.9,99.0,AI201_K22_2023_2024_S1,Machine Learning (Học máy) (K22),buihaiquanbd22ai007@gmail.com,9.3,9.6,A,Khoa AI - Khóa 22,9.1,Bùi Hải Quân,1,BD22AI007,excellent
2023/2024,9.6,99.6,AI201_K22_2023_2024_S1,Machine Learning (Học máy) (K22),hothanhsonbd22ai008@gmail.com,9.4,9.6,A,Khoa AI - Khóa 22,9.6,Hồ Thanh Sơn,1,BD22AI008,excellent
2023/2024,9.5,97.7,AI201_K22_2023_2024_S1,Machine Learning (Học máy) (K22),đangminhcuongbd22ai009@gmail.com,9.5,9.5,A,Khoa AI - Khóa 22,9.1,Đặng Minh Cường,1,BD22AI009,excellent
2023/2024,9.2,43.0,AI201_K22_2023_2024_S1,Machine Learning (Học máy) (K22),vungocvinhbd22ai010@gmail.com,9.1,8.2,B,Khoa AI - Khóa 22,9.6,Vũ Ngọc Vinh,1,BD22AI010,talented_but_lazy
2023/2024,9.1,45.9,AI201_K22_2023_2024_S1,Machine Learning (Học máy) (K22),duongtuanquanbd22ai011@gmail.com,9.5,8.4,B,Khoa AI - Khóa 22,8.6,Dương Tuấn Quân,1,BD22AI011,talented_but_lazy
2023/2024,2.5,51.2,AI201_K22_2023_2024_S1,Machine Learning (Học máy) (K22),leminhdungbd22ai012@gmail.com,2.4,3.0,F,Khoa AI - Khóa 22,2.0,Lê Minh Dũng,1,BD22AI012,struggling
2023/2024,9.9,99.8,AI201_K22_2023_2024_S1,Machine Learning (Học máy) (K22),hotuanhabd22ai013@gmail.com,9.5,9.7,A,Khoa AI - Khóa 22,9.5,Hồ Tuấn Hà,1,BD22AI013,excellent
2023/2024,9.5,97.8,AI201_K22_2023_2024_S1,Machine Learning (Học máy) (K22),vuhuuhabd22ai014@gmail.com,9.4,9.5,A,Khoa AI - Khóa 22,9.2,Vũ Hữu Hà,1,BD22AI014,excellent
2023/2024,3.4,63.5,AI201_K22_2023_2024_S1,Machine Learning (Học máy) (K22),đangthitungbd22ai015@gmail.com,3.5,4.0,D,Khoa AI - Khóa 22,2.9,Đặng Thị Tùng,1,BD22AI015,struggling
2023/2024,8.3,55.9,AI201_K22_2023_2024_S1,Machine Learning (Học máy) (K22),hoangngoctungbd22ai016@gmail.com,8.7,7.9,B,Khoa AI - Khóa 22,9.0,Hoàng Ngọc Tùng,1,BD22AI016,talented_but_lazy
2023/2024,8.0,83.4,AI201_K22_2023_2024_S1,Machine Learning (Học máy) (K22),hoquangquanbd22ai017@gmail.com,6.4,7.3,B,Khoa AI - Khóa 22,6.6,Hồ Quang Quân,1,BD22AI017,average
2023/2024,8.7,42.9,AI201_K22_2023_2024_S1,Machine Learning (Học máy) (K22),huynhhaianbd22ai018@gmail.com,8.6,7.8,B,Khoa AI - Khóa 22,9.9,Huỳnh Hải An,1,BD22AI018,talented_but_lazy
2023/2024,9.5,95.6,AI201_K22_2023_2024_S1,Machine Learning (Học máy) (K22),buituansonbd22ai019@gmail.com,9.3,9.4,A,Khoa AI - Khóa 22,9.2,Bùi Tuấn Sơn,1,BD22AI019,excellent
2023/2024,8.7,52.1,AI201_K22_2023_2024_S1,Machine Learning (Học máy) (K22),đangđuckienbd22ai020@gmail.com,9.4,8.4,B,Khoa AI - Khóa 22,8.9,Đặng Đức Kiên,1,BD22AI020,talented_but_lazy
2023/2024,7.8,79.0,AI201_K22_2023_2024_S1,Machine Learning (Học máy) (K22),ngohaihabd22ai021@gmail.com,7.6,7.7,B,Khoa AI - Khóa 22,5.7,Ngô Hải Hà,1,BD22AI021,average
2023/2024,9.9,94.6,AI201_K22_2023_2024_S1,Machine Learning (Học máy) (K22),leanhphucbd22ai022@gmail.com,9.9,9.8,A,Khoa AI - Khóa 22,9.6,Lê Anh Phúc,1,BD22AI022,excellent
2023/2024,8.0,42.7,AI201_K22_2023_2024_S1,Machine Learning (Học máy) (K22),nguyenminhtungbd22ai023@gmail.com,9.0,7.7,B,Khoa AI - Khóa 22,9.9,Nguyễn Minh Tùng,1,BD22AI023,talented_but_lazy
2023/2024,7.3,79.1,AI201_K22_2023_2024_S1,Machine Learning (Học máy) (K22),nguyenngoclinhbd22ai024@gmail.com,7.5,7.5,B,Khoa AI - Khóa 22,6.2,Nguyễn Ngọc Linh,1,BD22AI024,average
2023/2024,7.7,42.3,AI201_K22_2023_2024_S1,Machine Learning (Học máy) (K22),ngohuucuongbd22ai025@gmail.com,9.9,8.1,B,Khoa AI - Khóa 22,9.4,Ngô Hữu Cường,1,BD22AI025,talented_but_lazy
2023/2024,7.2,88.7,AI201_K22_2023_2024_S1,Machine Learning (Học máy) (K22),đangtuanquanbd22ai026@gmail.com,5.6,6.7,C,Khoa AI - Khóa 22,7.7,Đặng Tuấn Quân,1,BD22AI026,average
2023/2024,7.1,93.2,AI201_K22_2023_2024_S1,Machine Learning (Học máy) (K22),tranthinambd22ai027@gmail.com,5.1,6.5,C,Khoa AI - Khóa 22,6.0,Trần Thị Nam,1,BD22AI027,average
2023/2024,2.7,71.3,AI201_K22_2023_2024_S1,Machine Learning (Học máy) (K22),buivanvinhbd22ai028@gmail.com,3.4,3.9,F,Khoa AI - Khóa 22,4.2,Bùi Văn Vinh,1,BD22AI028,struggling
2023/2024,9.6,96.7,AI201_K22_2023_2024_S1,Machine Learning (Học máy) (K22),lehaitungbd22ai029@gmail.com,4.0,6.8,C,Khoa AI - Khóa 22,4.3,Lê Hải Tùng,1,BD22AI029,diligent_but_low
2023/2024,9.2,64.9,AI201_K22_2023_2024_S1,Machine Learning (Học máy) (K22),lexuanhabd22ai030@gmail.com,8.8,8.5,A,Khoa AI - Khóa 22,9.8,Lê Xuân Hà,1,BD22AI030,talented_but_lazy
2023/2024,4.2,46.8,AI201_K22_2023_2024_S1,Machine Learning (Học máy) (K22),lekimloibd22ai031@gmail.com,3.1,3.7,F,Khoa AI - Khóa 22,1.8,Lê Kim Lợi,1,BD22AI031,struggling
2023/2024,9.4,98.1,AI201_K22_2023_2024_S1,Machine Learning (Học máy) (K22),vuvansonbd22ai032@gmail.com,5.1,7.3,B,Khoa AI - Khóa 22,5.0,Vũ Văn Sơn,1,BD22AI032,diligent_but_low
2023/2024,8.5,40.3,AI201_K22_2023_2024_S1,Machine Learning (Học máy) (K22),lyhuuphucbd22ai033@gmail.com,9.7,8.2,B,Khoa AI - Khóa 22,9.6,Lý Hữu Phúc,1,BD22AI033,talented_but_lazy
2023/2024,7.4,44.9,AI201_K22_2023_2024_S1,Machine Learning (Học máy) (K22),phankimtungbd22ai034@gmail.com,10.0,8.1,B,Khoa AI - Khóa 22,9.7,Phan Kim Tùng,1,BD22AI034,talented_but_lazy
2023/2024,8.5,94.8,AI201_K22_2023_2024_S1,Machine Learning (Học máy) (K22),lexuannambd22ai035@gmail.com,7.7,8.3,B,Khoa AI - Khóa 22,6.6,Lê Xuân Nam,1,BD22AI035,average
2023/2024,9.4,98.7,AI201_K22_2023_2024_S1,Machine Learning (Học máy) (K22),phamthiphucbd22ai036@gmail.com,4.5,7.1,B,Khoa AI - Khóa 22,3.5,Phạm Thị Phúc,1,BD22AI036,diligent_but_low
2023/2024,9.1,53.6,AI201_K22_2023_2024_S1,Machine Learning (Học máy) (K22),lyngocquanbd22ai037@gmail.com,8.7,8.2,B,Khoa AI - Khóa 22,8.7,Lý Ngọc Quân,1,BD22AI037,talented_but_lazy
2023/2024,9.9,96.0,AI201_K22_2023_2024_S1,Machine Learning (Học máy) (K22),đangngoctungbd22ai038@gmail.com,9.9,9.9,A,Khoa AI - Khóa 22,9.2,Đặng Ngọc Tùng,1,BD22AI038,excellent
2023/2024,9.9,99.5,AI201_K22_2023_2024_S1,Machine Learning (Học máy) (K22),phanvanlinhbd22ai039@gmail.com,5.1,7.5,B,Khoa AI - Khóa 22,5.3,Phan Văn Linh,1,BD22AI039,diligent_but_low
2023/2024,9.2,98.0,AI201_K22_2023_2024_S1,Machine Learning (Học máy) (K22),phanthanhlinhbd22ai040@gmail.com,5.2,7.3,B,Khoa AI - Khóa 22,5.2,Phan Thanh Linh,1,BD22AI040,diligent_but_low
2023/2024,4.1,66.8,AI202_K22_2023_2024_S1,Deep Learning (Học sâu) (K22),vuanhlinhbd22ai001@gmail.com,4.1,4.6,D,Khoa AI - Khóa 22,2.7,Vũ Anh Linh,1,BD22AI001,struggling
2023/2024,8.1,62.6,AI202_K22_2023_2024_S1,Deep Learning (Học sâu) (K22),đangquangminhbd22ai002@gmail.com,9.1,8.2,B,Khoa AI - Khóa 22,9.0,Đặng Quang Minh,1,BD22AI002,talented_but_lazy
2023/2024,9.3,98.0,AI202_K22_2023_2024_S1,Deep Learning (Học sâu) (K22),phanminhlinhbd22ai003@gmail.com,5.2,7.3,B,Khoa AI - Khóa 22,4.0,Phan Minh Linh,1,BD22AI003,diligent_but_low
2023/2024,9.6,97.0,AI202_K22_2023_2024_S1,Deep Learning (Học sâu) (K22),hođucphucbd22ai004@gmail.com,9.3,9.5,A,Khoa AI - Khóa 22,9.2,Hồ Đức Phúc,1,BD22AI004,excellent
2023/2024,9.6,95.2,AI202_K22_2023_2024_S1,Deep Learning (Học sâu) (K22),buikimtungbd22ai005@gmail.com,9.9,9.7,A,Khoa AI - Khóa 22,9.0,Bùi Kim Tùng,1,BD22AI005,excellent
2023/2024,9.1,97.4,AI202_K22_2023_2024_S1,Deep Learning (Học sâu) (K22),tranhaiminhbd22ai006@gmail.com,4.3,6.8,C,Khoa AI - Khóa 22,4.2,Trần Hải Minh,1,BD22AI006,diligent_but_low
2023/2024,9.5,97.0,AI202_K22_2023_2024_S1,Deep Learning (Học sâu) (K22),buihaiquanbd22ai007@gmail.com,9.5,9.5,A,Khoa AI - Khóa 22,9.6,Bùi Hải Quân,1,BD22AI007,excellent
2023/2024,9.8,97.6,AI202_K22_2023_2024_S1,Deep Learning (Học sâu) (K22),hothanhsonbd22ai008@gmail.com,9.9,9.9,A,Khoa AI - Khóa 22,9.4,Hồ Thanh Sơn,1,BD22AI008,excellent
2023/2024,9.7,98.0,AI202_K22_2023_2024_S1,Deep Learning (Học sâu) (K22),đangminhcuongbd22ai009@gmail.com,9.6,9.7,A,Khoa AI - Khóa 22,10.0,Đặng Minh Cường,1,BD22AI009,excellent
2023/2024,8.9,56.6,AI202_K22_2023_2024_S1,Deep Learning (Học sâu) (K22),vungocvinhbd22ai010@gmail.com,9.9,8.8,A,Khoa AI - Khóa 22,9.0,Vũ Ngọc Vinh,1,BD22AI010,talented_but_lazy
2023/2024,8.9,57.3,AI202_K22_2023_2024_S1,Deep Learning (Học sâu) (K22),duongtuanquanbd22ai011@gmail.com,8.7,8.2,B,Khoa AI - Khóa 22,9.2,Dương Tuấn Quân,1,BD22AI011,talented_but_lazy
2023/2024,4.0,49.7,AI202_K22_2023_2024_S1,Deep Learning (Học sâu) (K22),leminhdungbd22ai012@gmail.com,3.6,4.0,D,Khoa AI - Khóa 22,1.7,Lê Minh Dũng,1,BD22AI012,struggling
2023/2024,9.5,95.3,AI202_K22_2023_2024_S1,Deep Learning (Học sâu) (K22),hotuanhabd22ai013@gmail.com,9.6,9.6,A,Khoa AI - Khóa 22,9.7,Hồ Tuấn Hà,1,BD22AI013,excellent
2023/2024,9.9,95.6,AI202_K22_2023_2024_S1,Deep Learning (Học sâu) (K22),vuhuuhabd22ai014@gmail.com,10.0,9.9,A,Khoa AI - Khóa 22,9.7,Vũ Hữu Hà,1,BD22AI014,excellent
2023/2024,2.4,66.0,AI202_K22_2023_2024_S1,Deep Learning (Học sâu) (K22),đangthitungbd22ai015@gmail.com,3.6,3.8,F,Khoa AI - Khóa 22,2.3,Đặng Thị Tùng,1,BD22AI015,struggling
2023/2024,8.2,58.1,AI202_K22_2023_2024_S1,Deep Learning (Học sâu) (K22),hoangngoctungbd22ai016@gmail.com,9.7,8.5,A,Khoa AI - Khóa 22,9.4,Hoàng Ngọc Tùng,1,BD22AI016,talented_but_lazy
2023/2024,7.1,81.9,AI202_K22_2023_2024_S1,Deep Learning (Học sâu) (K22),hoquangquanbd22ai017@gmail.com,5.8,6.7,C,Khoa AI - Khóa 22,7.7,Hồ Quang Quân,1,BD22AI017,average
2023/2024,9.0,41.0,AI202_K22_2023_2024_S1,Deep Learning (Học sâu) (K22),huynhhaianbd22ai018@gmail.com,9.3,8.2,B,Khoa AI - Khóa 22,9.1,Huỳnh Hải An,1,BD22AI018,talented_but_lazy
2023/2024,9.5,94.9,AI202_K22_2023_2024_S1,Deep Learning (Học sâu) (K22),buituansonbd22ai019@gmail.com,9.5,9.5,A,Khoa AI - Khóa 22,9.6,Bùi Tuấn Sơn,1,BD22AI019,excellent
2023/2024,7.7,53.1,AI202_K22_2023_2024_S1,Deep Learning (Học sâu) (K22),đangđuckienbd22ai020@gmail.com,8.9,7.8,B,Khoa AI - Khóa 22,8.9,Đặng Đức Kiên,1,BD22AI020,talented_but_lazy
2023/2024,8.7,72.2,AI202_K22_2023_2024_S1,Deep Learning (Học sâu) (K22),ngohaihabd22ai021@gmail.com,5.3,6.7,C,Khoa AI - Khóa 22,7.2,Ngô Hải Hà,1,BD22AI021,average
2023/2024,9.9,98.6,AI202_K22_2023_2024_S1,Deep Learning (Học sâu) (K22),leanhphucbd22ai022@gmail.com,9.1,9.5,A,Khoa AI - Khóa 22,9.2,Lê Anh Phúc,1,BD22AI022,excellent
2023/2024,8.4,59.1,AI202_K22_2023_2024_S1,Deep Learning (Học sâu) (K22),nguyenminhtungbd22ai023@gmail.com,8.6,8.0,B,Khoa AI - Khóa 22,8.9,Nguyễn Minh Tùng,1,BD22AI023,talented_but_lazy
2023/2024,7.4,89.5,AI202_K22_2023_2024_S1,Deep Learning (Học sâu) (K22),nguyenngoclinhbd22ai024@gmail.com,7.8,7.9,B,Khoa AI - Khóa 22,7.3,Nguyễn Ngọc Linh,1,BD22AI024,average
2023/2024,7.2,43.0,AI202_K22_2023_2024_S1,Deep Learning (Học sâu) (K22),ngohuucuongbd22ai025@gmail.com,10.0,8.0,B,Khoa AI - Khóa 22,8.6,Ngô Hữu Cường,1,BD22AI025,talented_but_lazy
2023/2024,8.4,84.9,AI202_K22_2023_2024_S1,Deep Learning (Học sâu) (K22),đangtuanquanbd22ai026@gmail.com,5.2,6.8,C,Khoa AI - Khóa 22,6.1,Đặng Tuấn Quân,1,BD22AI026,average
2023/2024,6.5,93.8,AI202_K22_2023_2024_S1,Deep Learning (Học sâu) (K22),tranthinambd22ai027@gmail.com,6.3,7.0,B,Khoa AI - Khóa 22,6.3,Trần Thị Nam,1,BD22AI027,average
2023/2024,3.9,65.9,AI202_K22_2023_2024_S1,Deep Learning (Học sâu) (K22),buivanvinhbd22ai028@gmail.com,3.3,4.1,D,Khoa AI - Khóa 22,3.2,Bùi Văn Vinh,1,BD22AI028,struggling
2023/2024,9.3,99.7,AI202_K22_2023_2024_S1,Deep Learning (Học sâu) (K22),lehaitungbd22ai029@gmail.com,5.1,7.4,B,Khoa AI - Khóa 22,3.9,Lê Hải Tùng,1,BD22AI029,diligent_but_low
2023/2024,8.6,43.3,AI202_K22_2023_2024_S1,Deep Learning (Học sâu) (K22),lexuanhabd22ai030@gmail.com,9.3,8.1,B,Khoa AI - Khóa 22,8.7,Lê Xuân Hà,1,BD22AI030,talented_but_lazy
2023/2024,3.9,74.7,AI202_K22_2023_2024_S1,Deep Learning (Học sâu) (K22),lekimloibd22ai031@gmail.com,3.8,4.6,D,Khoa AI - Khóa 22,1.7,Lê Kim Lợi,1,BD22AI031,struggling
2023/2024,9.9,99.5,AI202_K22_2023_2024_S1,Deep Learning (Học sâu) (K22),vuvansonbd22ai032@gmail.com,4.8,7.4,B,Khoa AI - Khóa 22,5.4,Vũ Văn Sơn,1,BD22AI032,diligent_but_low
2023/2024,8.7,49.1,AI202_K22_2023_2024_S1,Deep Learning (Học sâu) (K22),lyhuuphucbd22ai033@gmail.com,9.1,8.1,B,Khoa AI - Khóa 22,10.0,Lý Hữu Phúc,1,BD22AI033,talented_but_lazy
2023/2024,9.2,46.7,AI202_K22_2023_2024_S1,Deep Learning (Học sâu) (K22),phankimtungbd22ai034@gmail.com,9.6,8.5,A,Khoa AI - Khóa 22,9.3,Phan Kim Tùng,1,BD22AI034,talented_but_lazy
2023/2024,8.4,72.2,AI202_K22_2023_2024_S1,Deep Learning (Học sâu) (K22),lexuannambd22ai035@gmail.com,5.7,6.8,C,Khoa AI - Khóa 22,5.5,Lê Xuân Nam,1,BD22AI035,average
2023/2024,9.2,99.8,AI202_K22_2023_2024_S1,Deep Learning (Học sâu) (K22),phamthiphucbd22ai036@gmail.com,3.3,6.4,C,Khoa AI - Khóa 22,3.8,Phạm Thị Phúc,1,BD22AI036,diligent_but_low
2023/2024,8.8,42.0,AI202_K22_2023_2024_S1,Deep Learning (Học sâu) (K22),lyngocquanbd22ai037@gmail.com,9.1,8.1,B,Khoa AI - Khóa 22,8.7,Lý Ngọc Quân,1,BD22AI037,talented_but_lazy
2023/2024,10.0,97.3,AI202_K22_2023_2024_S1,Deep Learning (Học sâu) (K22),đangngoctungbd22ai038@gmail.com,9.7,9.8,A,Khoa AI - Khóa 22,9.1,Đặng Ngọc Tùng,1,BD22AI038,excellent
2023/2024,9.5,98.3,AI202_K22_2023_2024_S1,Deep Learning (Học sâu) (K22),phanvanlinhbd22ai039@gmail.com,4.2,6.9,C,Khoa AI - Khóa 22,4.6,Phan Văn Linh,1,BD22AI039,diligent_but_low
2023/2024,9.3,99.4,AI202_K22_2023_2024_S1,Deep Learning (Học sâu) (K22),phanthanhlinhbd22ai040@gmail.com,3.2,6.4,C,Khoa AI - Khóa 22,4.2,Phan Thanh Linh,1,BD22AI040,diligent_but_low
2023/2024,3.6,71.1,AI203_K22_2023_2024_S2,Computer Vision (Thị giác máy tính) (K22),vuanhlinhbd22ai001@gmail.com,4.4,4.7,D,Khoa AI - Khóa 22,3.3,Vũ Anh Linh,2,BD22AI001,struggling
2023/2024,7.3,55.0,AI203_K22_2023_2024_S2,Computer Vision (Thị giác máy tính) (K22),đangquangminhbd22ai002@gmail.com,8.6,7.6,B,Khoa AI - Khóa 22,9.4,Đặng Quang Minh,2,BD22AI002,talented_but_lazy
2023/2024,9.8,96.0,AI203_K22_2023_2024_S2,Computer Vision (Thị giác máy tính) (K22),phanminhlinhbd22ai003@gmail.com,3.3,6.5,C,Khoa AI - Khóa 22,5.1,Phan Minh Linh,2,BD22AI003,diligent_but_low
2023/2024,9.5,95.4,AI203_K22_2023_2024_S2,Computer Vision (Thị giác máy tính) (K22),hođucphucbd22ai004@gmail.com,9.5,9.5,A,Khoa AI - Khóa 22,9.2,Hồ Đức Phúc,2,BD22AI004,excellent
2023/2024,9.9,99.0,AI203_K22_2023_2024_S2,Computer Vision (Thị giác máy tính) (K22),buikimtungbd22ai005@gmail.com,9.8,9.9,A,Khoa AI - Khóa 22,9.7,Bùi Kim Tùng,2,BD22AI005,excellent
2023/2024,9.9,98.7,AI203_K22_2023_2024_S2,Computer Vision (Thị giác máy tính) (K22),tranhaiminhbd22ai006@gmail.com,5.1,7.5,B,Khoa AI - Khóa 22,3.7,Trần Hải Minh,2,BD22AI006,diligent_but_low
2023/2024,9.5,96.1,AI203_K22_2023_2024_S2,Computer Vision (Thị giác máy tính) (K22),buihaiquanbd22ai007@gmail.com,9.8,9.7,A,Khoa AI - Khóa 22,9.4,Bùi Hải Quân,2,BD22AI007,excellent
2023/2024,9.8,98.8,AI203_K22_2023_2024_S2,Computer Vision (Thị giác máy tính) (K22),hothanhsonbd22ai008@gmail.com,9.9,9.8,A,Khoa AI - Khóa 22,9.9,Hồ Thanh Sơn,2,BD22AI008,excellent
2023/2024,9.6,96.4,AI203_K22_2023_2024_S2,Computer Vision (Thị giác máy tính) (K22),đangminhcuongbd22ai009@gmail.com,9.5,9.6,A,Khoa AI - Khóa 22,9.9,Đặng Minh Cường,2,BD22AI009,excellent
2023/2024,8.2,45.5,AI203_K22_2023_2024_S2,Computer Vision (Thị giác máy tính) (K22),vungocvinhbd22ai010@gmail.com,8.6,7.7,B,Khoa AI - Khóa 22,9.2,Vũ Ngọc Vinh,2,BD22AI010,talented_but_lazy
2023/2024,8.4,50.8,AI203_K22_2023_2024_S2,Computer Vision (Thị giác máy tính) (K22),duongtuanquanbd22ai011@gmail.com,9.4,8.2,B,Khoa AI - Khóa 22,8.7,Dương Tuấn Quân,2,BD22AI011,talented_but_lazy
2023/2024,4.3,49.5,AI203_K22_2023_2024_S2,Computer Vision (Thị giác máy tính) (K22),leminhdungbd22ai012@gmail.com,4.3,4.4,D,Khoa AI - Khóa 22,3.6,Lê Minh Dũng,2,BD22AI012,struggling
2023/2024,9.5,98.2,AI203_K22_2023_2024_S2,Computer Vision (Thị giác máy tính) (K22),hotuanhabd22ai013@gmail.com,9.5,9.6,A,Khoa AI - Khóa 22,9.2,Hồ Tuấn Hà,2,BD22AI013,excellent
2023/2024,9.9,96.7,AI203_K22_2023_2024_S2,Computer Vision (Thị giác máy tính) (K22),vuhuuhabd22ai014@gmail.com,9.5,9.7,A,Khoa AI - Khóa 22,9.9,Vũ Hữu Hà,2,BD22AI014,excellent
2023/2024,2.8,52.1,AI203_K22_2023_2024_S2,Computer Vision (Thị giác máy tính) (K22),đangthitungbd22ai015@gmail.com,2.5,3.1,F,Khoa AI - Khóa 22,1.7,Đặng Thị Tùng,2,BD22AI015,struggling
2023/2024,8.6,54.7,AI203_K22_2023_2024_S2,Computer Vision (Thị giác máy tính) (K22),hoangngoctungbd22ai016@gmail.com,9.0,8.2,B,Khoa AI - Khóa 22,8.7,Hoàng Ngọc Tùng,2,BD22AI016,talented_but_lazy
2023/2024,8.7,83.7,AI203_K22_2023_2024_S2,Computer Vision (Thị giác máy tính) (K22),hoquangquanbd22ai017@gmail.com,6.2,7.4,B,Khoa AI - Khóa 22,5.6,Hồ Quang Quân,2,BD22AI017,average
2023/2024,8.8,54.3,AI203_K22_2023_2024_S2,Computer Vision (Thị giác máy tính) (K22),huynhhaianbd22ai018@gmail.com,10.0,8.7,A,Khoa AI - Khóa 22,9.2,Huỳnh Hải An,2,BD22AI018,talented_but_lazy
2023/2024,9.5,97.7,AI203_K22_2023_2024_S2,Computer Vision (Thị giác máy tính) (K22),buituansonbd22ai019@gmail.com,9.8,9.7,A,Khoa AI - Khóa 22,10.0,Bùi Tuấn Sơn,2,BD22AI019,excellent
2023/2024,7.5,40.3,AI203_K22_2023_2024_S2,Computer Vision (Thị giác máy tính) (K22),đangđuckienbd22ai020@gmail.com,8.7,7.4,B,Khoa AI - Khóa 22,9.9,Đặng Đức Kiên,2,BD22AI020,talented_but_lazy
2023/2024,8.1,88.5,AI203_K22_2023_2024_S2,Computer Vision (Thị giác máy tính) (K22),ngohaihabd22ai021@gmail.com,7.2,7.8,B,Khoa AI - Khóa 22,7.7,Ngô Hải Hà,2,BD22AI021,average
2023/2024,9.5,95.6,AI203_K22_2023_2024_S2,Computer Vision (Thị giác máy tính) (K22),leanhphucbd22ai022@gmail.com,9.8,9.7,A,Khoa AI - Khóa 22,9.1,Lê Anh Phúc,2,BD22AI022,excellent
2023/2024,8.1,55.2,AI203_K22_2023_2024_S2,Computer Vision (Thị giác máy tính) (K22),nguyenminhtungbd22ai023@gmail.com,9.0,8.0,B,Khoa AI - Khóa 22,9.7,Nguyễn Minh Tùng,2,BD22AI023,talented_but_lazy
2023/2024,6.8,76.8,AI203_K22_2023_2024_S2,Computer Vision (Thị giác máy tính) (K22),nguyenngoclinhbd22ai024@gmail.com,7.4,7.3,B,Khoa AI - Khóa 22,8.0,Nguyễn Ngọc Linh,2,BD22AI024,average
2023/2024,7.9,44.7,AI203_K22_2023_2024_S2,Computer Vision (Thị giác máy tính) (K22),ngohuucuongbd22ai025@gmail.com,9.8,8.2,B,Khoa AI - Khóa 22,9.2,Ngô Hữu Cường,2,BD22AI025,talented_but_lazy
2023/2024,7.1,86.3,AI203_K22_2023_2024_S2,Computer Vision (Thị giác máy tính) (K22),đangtuanquanbd22ai026@gmail.com,6.2,7.0,B,Khoa AI - Khóa 22,6.4,Đặng Tuấn Quân,2,BD22AI026,average
2023/2024,8.0,88.6,AI203_K22_2023_2024_S2,Computer Vision (Thị giác máy tính) (K22),tranthinambd22ai027@gmail.com,6.7,7.5,B,Khoa AI - Khóa 22,5.5,Trần Thị Nam,2,BD22AI027,average
2023/2024,4.0,69.5,AI203_K22_2023_2024_S2,Computer Vision (Thị giác máy tính) (K22),buivanvinhbd22ai028@gmail.com,1.2,3.2,F,Khoa AI - Khóa 22,2.6,Bùi Văn Vinh,2,BD22AI028,struggling
2023/2024,9.5,96.5,AI203_K22_2023_2024_S2,Computer Vision (Thị giác máy tính) (K22),lehaitungbd22ai029@gmail.com,4.2,6.9,C,Khoa AI - Khóa 22,4.5,Lê Hải Tùng,2,BD22AI029,diligent_but_low
2023/2024,7.2,64.9,AI203_K22_2023_2024_S2,Computer Vision (Thị giác máy tính) (K22),lexuanhabd22ai030@gmail.com,9.8,8.4,B,Khoa AI - Khóa 22,9.6,Lê Xuân Hà,2,BD22AI030,talented_but_lazy
2023/2024,3.7,72.0,AI203_K22_2023_2024_S2,Computer Vision (Thị giác máy tính) (K22),lekimloibd22ai031@gmail.com,1.0,3.1,F,Khoa AI - Khóa 22,2.5,Lê Kim Lợi,2,BD22AI031,struggling
2023/2024,9.4,98.2,AI203_K22_2023_2024_S2,Computer Vision (Thị giác máy tính) (K22),vuvansonbd22ai032@gmail.com,3.7,6.6,C,Khoa AI - Khóa 22,3.5,Vũ Văn Sơn,2,BD22AI032,diligent_but_low
2023/2024,8.5,57.4,AI203_K22_2023_2024_S2,Computer Vision (Thị giác máy tính) (K22),lyhuuphucbd22ai033@gmail.com,9.0,8.2,B,Khoa AI - Khóa 22,8.9,Lý Hữu Phúc,2,BD22AI033,talented_but_lazy
2023/2024,8.4,52.2,AI203_K22_2023_2024_S2,Computer Vision (Thị giác máy tính) (K22),phankimtungbd22ai034@gmail.com,9.6,8.4,B,Khoa AI - Khóa 22,9.6,Phan Kim Tùng,2,BD22AI034,talented_but_lazy
2023/2024,6.8,74.9,AI203_K22_2023_2024_S2,Computer Vision (Thị giác máy tính) (K22),lexuannambd22ai035@gmail.com,7.3,7.2,B,Khoa AI - Khóa 22,6.0,Lê Xuân Nam,2,BD22AI035,average
2023/2024,9.1,98.1,AI203_K22_2023_2024_S2,Computer Vision (Thị giác máy tính) (K22),phamthiphucbd22ai036@gmail.com,5.1,7.2,B,Khoa AI - Khóa 22,3.3,Phạm Thị Phúc,2,BD22AI036,diligent_but_low
2023/2024,7.7,61.2,AI203_K22_2023_2024_S2,Computer Vision (Thị giác máy tính) (K22),lyngocquanbd22ai037@gmail.com,9.2,8.1,B,Khoa AI - Khóa 22,9.2,Lý Ngọc Quân,2,BD22AI037,talented_but_lazy
2023/2024,9.8,95.9,AI203_K22_2023_2024_S2,Computer Vision (Thị giác máy tính) (K22),đangngoctungbd22ai038@gmail.com,9.8,9.7,A,Khoa AI - Khóa 22,9.0,Đặng Ngọc Tùng,2,BD22AI038,excellent
2023/2024,9.2,98.4,AI203_K22_2023_2024_S2,Computer Vision (Thị giác máy tính) (K22),phanvanlinhbd22ai039@gmail.com,4.5,7.0,B,Khoa AI - Khóa 22,4.8,Phan Văn Linh,2,BD22AI039,diligent_but_low
2023/2024,9.0,98.7,AI203_K22_2023_2024_S2,Computer Vision (Thị giác máy tính) (K22),phanthanhlinhbd22ai040@gmail.com,3.5,6.4,C,Khoa AI - Khóa 22,4.4,Phan Thanh Linh,2,BD22AI040,diligent_but_low
2023/2024,4.4,53.6,AI204_K22_2023_2024_S2,Natural Language Processing (NLP) (K22),vuanhlinhbd22ai001@gmail.com,2.3,3.6,F,Khoa AI - Khóa 22,1.9,Vũ Anh Linh,2,BD22AI001,struggling
2023/2024,7.5,52.2,AI204_K22_2023_2024_S2,Natural Language Processing (NLP) (K22),đangquangminhbd22ai002@gmail.com,8.6,7.6,B,Khoa AI - Khóa 22,9.5,Đặng Quang Minh,2,BD22AI002,talented_but_lazy
2023/2024,9.4,99.6,AI204_K22_2023_2024_S2,Natural Language Processing (NLP) (K22),phanminhlinhbd22ai003@gmail.com,4.5,7.0,B,Khoa AI - Khóa 22,3.3,Phan Minh Linh,2,BD22AI003,diligent_but_low
2023/2024,9.6,95.8,AI204_K22_2023_2024_S2,Natural Language Processing (NLP) (K22),hođucphucbd22ai004@gmail.com,9.6,9.6,A,Khoa AI - Khóa 22,9.9,Hồ Đức Phúc,2,BD22AI004,excellent
2023/2024,9.6,96.0,AI204_K22_2023_2024_S2,Natural Language Processing (NLP) (K22),buikimtungbd22ai005@gmail.com,9.5,9.6,A,Khoa AI - Khóa 22,9.6,Bùi Kim Tùng,2,BD22AI005,excellent
2023/2024,9.0,96.5,AI204_K22_2023_2024_S2,Natural Language Processing (NLP) (K22),tranhaiminhbd22ai006@gmail.com,3.9,6.6,C,Khoa AI - Khóa 22,5.4,Trần Hải Minh,2,BD22AI006,diligent_but_low
2023/2024,9.8,95.5,AI204_K22_2023_2024_S2,Natural Language Processing (NLP) (K22),buihaiquanbd22ai007@gmail.com,9.1,9.4,A,Khoa AI - Khóa 22,9.3,Bùi Hải Quân,2,BD22AI007,excellent
2023/2024,10.0,98.2,AI204_K22_2023_2024_S2,Natural Language Processing (NLP) (K22),hothanhsonbd22ai008@gmail.com,9.6,9.8,A,Khoa AI - Khóa 22,9.0,Hồ Thanh Sơn,2,BD22AI008,excellent
2023/2024,9.4,96.5,AI204_K22_2023_2024_S2,Natural Language Processing (NLP) (K22),đangminhcuongbd22ai009@gmail.com,9.8,9.6,A,Khoa AI - Khóa 22,9.6,Đặng Minh Cường,2,BD22AI009,excellent
2023/2024,8.4,50.6,AI204_K22_2023_2024_S2,Natural Language Processing (NLP) (K22),vungocvinhbd22ai010@gmail.com,9.2,8.1,B,Khoa AI - Khóa 22,9.0,Vũ Ngọc Vinh,2,BD22AI010,talented_but_lazy
2023/2024,7.8,55.9,AI204_K22_2023_2024_S2,Natural Language Processing (NLP) (K22),duongtuanquanbd22ai011@gmail.com,8.7,7.8,B,Khoa AI - Khóa 22,9.1,Dương Tuấn Quân,2,BD22AI011,talented_but_lazy
2023/2024,2.4,74.1,AI204_K22_2023_2024_S2,Natural Language Processing (NLP) (K22),leminhdungbd22ai012@gmail.com,3.7,4.0,D,Khoa AI - Khóa 22,3.8,Lê Minh Dũng,2,BD22AI012,struggling
2023/2024,9.9,98.9,AI204_K22_2023_2024_S2,Natural Language Processing (NLP) (K22),hotuanhabd22ai013@gmail.com,9.0,9.4,A,Khoa AI - Khóa 22,9.1,Hồ Tuấn Hà,2,BD22AI013,excellent
2023/2024,9.6,94.3,AI204_K22_2023_2024_S2,Natural Language Processing (NLP) (K22),vuhuuhabd22ai014@gmail.com,9.9,9.7,A,Khoa AI - Khóa 22,9.2,Vũ Hữu Hà,2,BD22AI014,excellent
2023/2024,3.9,66.7,AI204_K22_2023_2024_S2,Natural Language Processing (NLP) (K22),đangthitungbd22ai015@gmail.com,3.8,4.4,D,Khoa AI - Khóa 22,2.4,Đặng Thị Tùng,2,BD22AI015,struggling
2023/2024,8.4,46.6,AI204_K22_2023_2024_S2,Natural Language Processing (NLP) (K22),hoangngoctungbd22ai016@gmail.com,8.5,7.7,B,Khoa AI - Khóa 22,9.6,Hoàng Ngọc Tùng,2,BD22AI016,talented_but_lazy
2023/2024,6.8,81.9,AI204_K22_2023_2024_S2,Natural Language Processing (NLP) (K22),hoquangquanbd22ai017@gmail.com,7.6,7.4,B,Khoa AI - Khóa 22,5.8,Hồ Quang Quân,2,BD22AI017,average
2023/2024,8.2,63.2,AI204_K22_2023_2024_S2,Natural Language Processing (NLP) (K22),huynhhaianbd22ai018@gmail.com,9.9,8.6,A,Khoa AI - Khóa 22,8.7,Huỳnh Hải An,2,BD22AI018,talented_but_lazy
2023/2024,9.8,95.9,AI204_K22_2023_2024_S2,Natural Language Processing (NLP) (K22),buituansonbd22ai019@gmail.com,9.6,9.7,A,Khoa AI - Khóa 22,9.3,Bùi Tuấn Sơn,2,BD22AI019,excellent
2023/2024,9.1,46.7,AI204_K22_2023_2024_S2,Natural Language Processing (NLP) (K22),đangđuckienbd22ai020@gmail.com,9.2,8.3,B,Khoa AI - Khóa 22,9.0,Đặng Đức Kiên,2,BD22AI020,talented_but_lazy
2023/2024,6.5,87.0,AI204_K22_2023_2024_S2,Natural Language Processing (NLP) (K22),ngohaihabd22ai021@gmail.com,7.9,7.6,B,Khoa AI - Khóa 22,6.8,Ngô Hải Hà,2,BD22AI021,average
2023/2024,9.8,96.3,AI204_K22_2023_2024_S2,Natural Language Processing (NLP) (K22),leanhphucbd22ai022@gmail.com,9.2,9.5,A,Khoa AI - Khóa 22,9.7,Lê Anh Phúc,2,BD22AI022,excellent
2023/2024,7.6,60.2,AI204_K22_2023_2024_S2,Natural Language Processing (NLP) (K22),nguyenminhtungbd22ai023@gmail.com,9.0,8.0,B,Khoa AI - Khóa 22,10.0,Nguyễn Minh Tùng,2,BD22AI023,talented_but_lazy
2023/2024,8.0,88.4,AI204_K22_2023_2024_S2,Natural Language Processing (NLP) (K22),nguyenngoclinhbd22ai024@gmail.com,6.9,7.6,B,Khoa AI - Khóa 22,6.3,Nguyễn Ngọc Linh,2,BD22AI024,average
2023/2024,8.4,45.5,AI204_K22_2023_2024_S2,Natural Language Processing (NLP) (K22),ngohuucuongbd22ai025@gmail.com,10.0,8.4,B,Khoa AI - Khóa 22,8.9,Ngô Hữu Cường,2,BD22AI025,talented_but_lazy
2023/2024,7.9,74.3,AI204_K22_2023_2024_S2,Natural Language Processing (NLP) (K22),đangtuanquanbd22ai026@gmail.com,5.3,6.5,C,Khoa AI - Khóa 22,6.0,Đặng Tuấn Quân,2,BD22AI026,average
2023/2024,7.6,88.9,AI204_K22_2023_2024_S2,Natural Language Processing (NLP) (K22),tranthinambd22ai027@gmail.com,5.8,7.0,B,Khoa AI - Khóa 22,6.0,Trần Thị Nam,2,BD22AI027,average
2023/2024,4.2,71.5,AI204_K22_2023_2024_S2,Natural Language Processing (NLP) (K22),buivanvinhbd22ai028@gmail.com,4.0,4.7,D,Khoa AI - Khóa 22,3.3,Bùi Văn Vinh,2,BD22AI028,struggling
2023/2024,9.9,98.0,AI204_K22_2023_2024_S2,Natural Language Processing (NLP) (K22),lehaitungbd22ai029@gmail.com,3.4,6.6,C,Khoa AI - Khóa 22,3.6,Lê Hải Tùng,2,BD22AI029,diligent_but_low
2023/2024,7.1,50.2,AI204_K22_2023_2024_S2,Natural Language Processing (NLP) (K22),lexuanhabd22ai030@gmail.com,9.4,7.8,B,Khoa AI - Khóa 22,8.6,Lê Xuân Hà,2,BD22AI030,talented_but_lazy
2023/2024,2.5,69.4,AI204_K22_2023_2024_S2,Natural Language Processing (NLP) (K22),lekimloibd22ai031@gmail.com,1.6,3.0,F,Khoa AI - Khóa 22,2.4,Lê Kim Lợi,2,BD22AI031,struggling
2023/2024,9.6,99.0,AI204_K22_2023_2024_S2,Natural Language Processing (NLP) (K22),vuvansonbd22ai032@gmail.com,3.4,6.6,C,Khoa AI - Khóa 22,5.1,Vũ Văn Sơn,2,BD22AI032,diligent_but_low
2023/2024,8.6,64.8,AI204_K22_2023_2024_S2,Natural Language Processing (NLP) (K22),lyhuuphucbd22ai033@gmail.com,9.9,8.8,A,Khoa AI - Khóa 22,9.3,Lý Hữu Phúc,2,BD22AI033,talented_but_lazy
2023/2024,7.9,62.4,AI204_K22_2023_2024_S2,Natural Language Processing (NLP) (K22),phankimtungbd22ai034@gmail.com,9.5,8.4,B,Khoa AI - Khóa 22,9.2,Phan Kim Tùng,2,BD22AI034,talented_but_lazy
2023/2024,7.8,71.6,AI204_K22_2023_2024_S2,Natural Language Processing (NLP) (K22),lexuannambd22ai035@gmail.com,5.4,6.5,C,Khoa AI - Khóa 22,7.6,Lê Xuân Nam,2,BD22AI035,average
2023/2024,9.5,96.8,AI204_K22_2023_2024_S2,Natural Language Processing (NLP) (K22),phamthiphucbd22ai036@gmail.com,3.8,6.7,C,Khoa AI - Khóa 22,4.4,Phạm Thị Phúc,2,BD22AI036,diligent_but_low
2023/2024,8.7,57.6,AI204_K22_2023_2024_S2,Natural Language Processing (NLP) (K22),lyngocquanbd22ai037@gmail.com,9.9,8.7,A,Khoa AI - Khóa 22,9.1,Lý Ngọc Quân,2,BD22AI037,talented_but_lazy
2023/2024,9.6,99.8,AI204_K22_2023_2024_S2,Natural Language Processing (NLP) (K22),đangngoctungbd22ai038@gmail.com,9.1,9.4,A,Khoa AI - Khóa 22,9.1,Đặng Ngọc Tùng,2,BD22AI038,excellent
2023/2024,9.7,96.6,AI204_K22_2023_2024_S2,Natural Language Processing (NLP) (K22),phanvanlinhbd22ai039@gmail.com,3.3,6.5,C,Khoa AI - Khóa 22,4.5,Phan Văn Linh,2,BD22AI039,diligent_but_low
2023/2024,9.3,98.3,AI204_K22_2023_2024_S2,Natural Language Processing (NLP) (K22),phanthanhlinhbd22ai040@gmail.com,4.4,7.0,B,Khoa AI - Khóa 22,3.4,Phan Thanh Linh,2,BD22AI040,diligent_but_low
2023/2024,7.0,82.3,AI101_K23_2023_2024_S1,Toán cho AI (Đại số & Giải tích) (K23),lyhaibinhbd23ai001@gmail.com,6.5,7.0,B,Khoa AI - Khóa 23,7.8,Lý Hải Bình,1,BD23AI001,average
2023/2024,3.9,60.4,AI101_K23_2023_2024_S1,Toán cho AI (Đại số & Giải tích) (K23),vuthianbd23ai002@gmail.com,2.3,3.5,F,Khoa AI - Khóa 23,2.5,Vũ Thị An,1,BD23AI002,struggling
2023/2024,9.0,53.4,AI101_K23_2023_2024_S1,Toán cho AI (Đại số & Giải tích) (K23),đangngockienbd23ai003@gmail.com,9.1,8.3,B,Khoa AI - Khóa 23,9.9,Đặng Ngọc Kiên,1,BD23AI003,talented_but_lazy
2023/2024,8.8,54.2,AI101_K23_2023_2024_S1,Toán cho AI (Đại số & Giải tích) (K23),huynhtuanhabd23ai004@gmail.com,8.8,8.1,B,Khoa AI - Khóa 23,10.0,Huỳnh Tuấn Hà,1,BD23AI004,talented_but_lazy
2023/2024,4.6,59.0,AI101_K23_2023_2024_S1,Toán cho AI (Đại số & Giải tích) (K23),duongthicuongbd23ai005@gmail.com,2.4,3.8,F,Khoa AI - Khóa 23,4.2,Dương Thị Cường,1,BD23AI005,struggling
2023/2024,7.8,87.6,AI101_K23_2023_2024_S1,Toán cho AI (Đại số & Giải tích) (K23),duongkimtungbd23ai006@gmail.com,5.9,7.0,B,Khoa AI - Khóa 23,7.0,Dương Kim Tùng,1,BD23AI006,average
2023/2024,4.6,71.7,AI101_K23_2023_2024_S1,Toán cho AI (Đại số & Giải tích) (K23),đangtuansonbd23ai007@gmail.com,3.8,4.7,D,Khoa AI - Khóa 23,1.6,Đặng Tuấn Sơn,1,BD23AI007,struggling
2023/2024,9.5,96.7,AI101_K23_2023_2024_S1,Toán cho AI (Đại số & Giải tích) (K23),nguyenkimvinhbd23ai008@gmail.com,3.6,6.6,C,Khoa AI - Khóa 23,5.2,Nguyễn Kim Vinh,1,BD23AI008,diligent_but_low
2023/2024,4.9,42.4,AI101_K23_2023_2024_S1,Toán cho AI (Đại số & Giải tích) (K23),vokimhabd23ai009@gmail.com,3.5,4.1,D,Khoa AI - Khóa 23,3.0,Võ Kim Hà,1,BD23AI009,struggling
2023/2024,7.9,44.8,AI101_K23_2023_2024_S1,Toán cho AI (Đại số & Giải tích) (K23),phamngocminhbd23ai010@gmail.com,8.5,7.5,B,Khoa AI - Khóa 23,8.7,Phạm Ngọc Minh,1,BD23AI010,talented_but_lazy
2023/2024,7.1,43.4,AI101_K23_2023_2024_S1,Toán cho AI (Đại số & Giải tích) (K23),vothisonbd23ai011@gmail.com,8.8,7.4,B,Khoa AI - Khóa 23,9.9,Võ Thị Sơn,1,BD23AI011,talented_but_lazy
2023/2024,9.5,99.6,AI101_K23_2023_2024_S1,Toán cho AI (Đại số & Giải tích) (K23),đothanhcuongbd23ai012@gmail.com,3.7,6.7,C,Khoa AI - Khóa 23,4.0,Đỗ Thanh Cường,1,BD23AI012,diligent_but_low
2023/2024,8.0,91.7,AI101_K23_2023_2024_S1,Toán cho AI (Đại số & Giải tích) (K23),đangtuanvinhbd23ai013@gmail.com,5.4,7.0,B,Khoa AI - Khóa 23,7.7,Đặng Tuấn Vinh,1,BD23AI013,average
2023/2024,8.2,42.7,AI101_K23_2023_2024_S1,Toán cho AI (Đại số & Giải tích) (K23),tranhuuvinhbd23ai014@gmail.com,9.2,7.9,B,Khoa AI - Khóa 23,9.4,Trần Hữu Vinh,1,BD23AI014,talented_but_lazy
2023/2024,9.5,97.5,AI101_K23_2023_2024_S1,Toán cho AI (Đại số & Giải tích) (K23),lethanhanbd23ai015@gmail.com,4.3,7.0,B,Khoa AI - Khóa 23,4.6,Lê Thanh An,1,BD23AI015,diligent_but_low
2023/2024,4.3,51.5,AI101_K23_2023_2024_S1,Toán cho AI (Đại số & Giải tích) (K23),vuquanganbd23ai016@gmail.com,2.5,3.6,F,Khoa AI - Khóa 23,2.7,Vũ Quang An,1,BD23AI016,struggling
2023/2024,3.2,71.9,AI101_K23_2023_2024_S1,Toán cho AI (Đại số & Giải tích) (K23),vuminhkienbd23ai017@gmail.com,2.1,3.4,F,Khoa AI - Khóa 23,3.2,Vũ Minh Kiên,1,BD23AI017,struggling
2023/2024,3.8,56.4,AI101_K23_2023_2024_S1,Toán cho AI (Đại số & Giải tích) (K23),lyvancuongbd23ai018@gmail.com,3.6,4.1,D,Khoa AI - Khóa 23,4.1,Lý Văn Cường,1,BD23AI018,struggling
2023/2024,9.1,98.0,AI101_K23_2023_2024_S1,Toán cho AI (Đại số & Giải tích) (K23),tranhaisonbd23ai019@gmail.com,4.5,6.9,C,Khoa AI - Khóa 23,4.9,Trần Hải Sơn,1,BD23AI019,diligent_but_low
2023/2024,9.6,96.4,AI101_K23_2023_2024_S1,Toán cho AI (Đại số & Giải tích) (K23),huynhngocphucbd23ai020@gmail.com,3.0,6.3,C,Khoa AI - Khóa 23,4.2,Huỳnh Ngọc Phúc,1,BD23AI020,diligent_but_low
2023/2024,9.6,96.7,AI101_K23_2023_2024_S1,Toán cho AI (Đại số & Giải tích) (K23),voquangkienbd23ai021@gmail.com,9.3,9.5,A,Khoa AI - Khóa 23,9.8,Võ Quang Kiên,1,BD23AI021,excellent
2023/2024,2.7,72.5,AI101_K23_2023_2024_S1,Toán cho AI (Đại số & Giải tích) (K23),hokimhabd23ai022@gmail.com,1.1,2.8,F,Khoa AI - Khóa 23,2.2,Hồ Kim Hà,1,BD23AI022,struggling
2023/2024,5.0,71.5,AI101_K23_2023_2024_S1,Toán cho AI (Đại số & Giải tích) (K23),hoxuanquanbd23ai023@gmail.com,1.4,3.6,F,Khoa AI - Khóa 23,3.8,Hồ Xuân Quân,1,BD23AI023,struggling
2023/2024,7.0,71.7,AI101_K23_2023_2024_S1,Toán cho AI (Đại số & Giải tích) (K23),hođucvinhbd23ai024@gmail.com,5.0,6.0,C,Khoa AI - Khóa 23,6.8,Hồ Đức Vinh,1,BD23AI024,average
2023/2024,6.7,86.0,AI101_K23_2023_2024_S1,Toán cho AI (Đại số & Giải tích) (K23),phamquanganbd23ai025@gmail.com,6.9,7.2,B,Khoa AI - Khóa 23,5.8,Phạm Quang An,1,BD23AI025,average
2023/2024,8.2,70.4,AI101_K23_2023_2024_S1,Toán cho AI (Đại số & Giải tích) (K23),vođucloibd23ai026@gmail.com,6.9,7.3,B,Khoa AI - Khóa 23,6.6,Võ Đức Lợi,1,BD23AI026,average
2023/2024,7.4,46.6,AI101_K23_2023_2024_S1,Toán cho AI (Đại số & Giải tích) (K23),lythanhcuongbd23ai027@gmail.com,9.4,7.8,B,Khoa AI - Khóa 23,8.9,Lý Thanh Cường,1,BD23AI027,talented_but_lazy
2023/2024,4.8,64.3,AI101_K23_2023_2024_S1,Toán cho AI (Đại số & Giải tích) (K23),hoanghuuanbd23ai028@gmail.com,3.7,4.6,D,Khoa AI - Khóa 23,3.7,Hoàng Hữu An,1,BD23AI028,struggling
2023/2024,2.4,59.2,AI101_K23_2023_2024_S1,Toán cho AI (Đại số & Giải tích) (K23),lekimminhbd23ai029@gmail.com,1.7,2.8,F,Khoa AI - Khóa 23,3.9,Lê Kim Minh,1,BD23AI029,struggling
2023/2024,9.6,97.6,AI101_K23_2023_2024_S1,Toán cho AI (Đại số & Giải tích) (K23),đangvancuongbd23ai030@gmail.com,9.6,9.6,A,Khoa AI - Khóa 23,9.6,Đặng Văn Cường,1,BD23AI030,excellent
2023/2024,7.6,46.3,AI101_K23_2023_2024_S1,Toán cho AI (Đại số & Giải tích) (K23),nguyenkimcuongbd23ai031@gmail.com,9.1,7.8,B,Khoa AI - Khóa 23,8.8,Nguyễn Kim Cường,1,BD23AI031,talented_but_lazy
2023/2024,10.0,99.9,AI101_K23_2023_2024_S1,Toán cho AI (Đại số & Giải tích) (K23),hoangthanhquanbd23ai032@gmail.com,4.0,7.0,B,Khoa AI - Khóa 23,3.7,Hoàng Thanh Quân,1,BD23AI032,diligent_but_low
2023/2024,9.8,98.2,AI101_K23_2023_2024_S1,Toán cho AI (Đại số & Giải tích) (K23),phamhaisonbd23ai033@gmail.com,9.6,9.7,A,Khoa AI - Khóa 23,9.3,Phạm Hải Sơn,1,BD23AI033,excellent
2023/2024,9.4,99.5,AI101_K23_2023_2024_S1,Toán cho AI (Đại số & Giải tích) (K23),vungochabd23ai034@gmail.com,3.5,6.6,C,Khoa AI - Khóa 23,4.2,Vũ Ngọc Hà,1,BD23AI034,diligent_but_low
2023/2024,3.8,63.2,AI101_K23_2023_2024_S1,Toán cho AI (Đại số & Giải tích) (K23),hovansonbd23ai035@gmail.com,1.2,3.0,F,Khoa AI - Khóa 23,2.7,Hồ Văn Sơn,1,BD23AI035,struggling
2023/2024,9.9,96.4,AI101_K23_2023_2024_S1,Toán cho AI (Đại số & Giải tích) (K23),nguyenvanhungbd23ai036@gmail.com,9.2,9.5,A,Khoa AI - Khóa 23,9.4,Nguyễn Văn Hùng,1,BD23AI036,excellent
2023/2024,7.4,92.2,AI101_K23_2023_2024_S1,Toán cho AI (Đại số & Giải tích) (K23),hoangngocphucbd23ai037@gmail.com,6.5,7.3,B,Khoa AI - Khóa 23,5.6,Hoàng Ngọc Phúc,1,BD23AI037,average
2023/2024,7.8,42.2,AI101_K23_2023_2024_S1,Toán cho AI (Đại số & Giải tích) (K23),ngovankienbd23ai038@gmail.com,9.8,8.1,B,Khoa AI - Khóa 23,8.7,Ngô Văn Kiên,1,BD23AI038,talented_but_lazy
2023/2024,8.6,78.3,AI101_K23_2023_2024_S1,Toán cho AI (Đại số & Giải tích) (K23),vukimnambd23ai039@gmail.com,7.9,8.1,B,Khoa AI - Khóa 23,6.7,Vũ Kim Nam,1,BD23AI039,average
2023/2024,8.5,52.9,AI101_K23_2023_2024_S1,Toán cho AI (Đại số & Giải tích) (K23),đangtuanhabd23ai040@gmail.com,10.0,8.6,A,Khoa AI - Khóa 23,9.5,Đặng Tuấn Hà,1,BD23AI040,talented_but_lazy
2023/2024,7.1,73.7,AI102_K23_2023_2024_S1,Xác suất & Thống kê ứng dụng (K23),lyhaibinhbd23ai001@gmail.com,6.1,6.7,C,Khoa AI - Khóa 23,6.1,Lý Hải Bình,1,BD23AI001,average
2023/2024,3.4,63.9,AI102_K23_2023_2024_S1,Xác suất & Thống kê ứng dụng (K23),vuthianbd23ai002@gmail.com,1.6,3.1,F,Khoa AI - Khóa 23,2.6,Vũ Thị An,1,BD23AI002,struggling
2023/2024,7.1,53.2,AI102_K23_2023_2024_S1,Xác suất & Thống kê ứng dụng (K23),đangngockienbd23ai003@gmail.com,9.9,8.2,B,Khoa AI - Khóa 23,9.9,Đặng Ngọc Kiên,1,BD23AI003,talented_but_lazy
2023/2024,7.8,55.1,AI102_K23_2023_2024_S1,Xác suất & Thống kê ứng dụng (K23),huynhtuanhabd23ai004@gmail.com,9.9,8.4,B,Khoa AI - Khóa 23,8.9,Huỳnh Tuấn Hà,1,BD23AI004,talented_but_lazy
2023/2024,3.4,44.9,AI102_K23_2023_2024_S1,Xác suất & Thống kê ứng dụng (K23),duongthicuongbd23ai005@gmail.com,1.1,2.5,F,Khoa AI - Khóa 23,4.1,Dương Thị Cường,1,BD23AI005,struggling
2023/2024,6.9,87.7,AI102_K23_2023_2024_S1,Xác suất & Thống kê ứng dụng (K23),duongkimtungbd23ai006@gmail.com,5.7,6.7,C,Khoa AI - Khóa 23,7.1,Dương Kim Tùng,1,BD23AI006,average
2023/2024,2.3,72.7,AI102_K23_2023_2024_S1,Xác suất & Thống kê ứng dụng (K23),đangtuansonbd23ai007@gmail.com,2.2,3.3,F,Khoa AI - Khóa 23,4.4,Đặng Tuấn Sơn,1,BD23AI007,struggling
2023/2024,9.3,99.3,AI102_K23_2023_2024_S1,Xác suất & Thống kê ứng dụng (K23),nguyenkimvinhbd23ai008@gmail.com,4.6,7.1,B,Khoa AI - Khóa 23,4.5,Nguyễn Kim Vinh,1,BD23AI008,diligent_but_low
2023/2024,3.4,66.1,AI102_K23_2023_2024_S1,Xác suất & Thống kê ứng dụng (K23),vokimhabd23ai009@gmail.com,1.2,3.0,F,Khoa AI - Khóa 23,3.5,Võ Kim Hà,1,BD23AI009,struggling
2023/2024,7.3,42.8,AI102_K23_2023_2024_S1,Xác suất & Thống kê ứng dụng (K23),phamngocminhbd23ai010@gmail.com,9.2,7.6,B,Khoa AI - Khóa 23,9.8,Phạm Ngọc Minh,1,BD23AI010,talented_but_lazy
2023/2024,7.2,57.2,AI102_K23_2023_2024_S1,Xác suất & Thống kê ứng dụng (K23),vothisonbd23ai011@gmail.com,8.6,7.6,B,Khoa AI - Khóa 23,9.5,Võ Thị Sơn,1,BD23AI011,talented_but_lazy
2023/2024,9.4,98.4,AI102_K23_2023_2024_S1,Xác suất & Thống kê ứng dụng (K23),đothanhcuongbd23ai012@gmail.com,5.4,7.5,B,Khoa AI - Khóa 23,3.4,Đỗ Thanh Cường,1,BD23AI012,diligent_but_low
2023/2024,8.7,91.7,AI102_K23_2023_2024_S1,Xác suất & Thống kê ứng dụng (K23),đangtuanvinhbd23ai013@gmail.com,6.2,7.5,B,Khoa AI - Khóa 23,7.5,Đặng Tuấn Vinh,1,BD23AI013,average
2023/2024,8.2,42.6,AI102_K23_2023_2024_S1,Xác suất & Thống kê ứng dụng (K23),tranhuuvinhbd23ai014@gmail.com,9.5,8.0,B,Khoa AI - Khóa 23,9.3,Trần Hữu Vinh,1,BD23AI014,talented_but_lazy
2023/2024,9.5,97.3,AI102_K23_2023_2024_S1,Xác suất & Thống kê ứng dụng (K23),lethanhanbd23ai015@gmail.com,3.7,6.7,C,Khoa AI - Khóa 23,4.7,Lê Thanh An,1,BD23AI015,diligent_but_low
2023/2024,4.9,69.9,AI102_K23_2023_2024_S1,Xác suất & Thống kê ứng dụng (K23),vuquanganbd23ai016@gmail.com,3.4,4.6,D,Khoa AI - Khóa 23,3.5,Vũ Quang An,1,BD23AI016,struggling
2023/2024,3.6,40.0,AI102_K23_2023_2024_S1,Xác suất & Thống kê ứng dụng (K23),vuminhkienbd23ai017@gmail.com,4.4,4.1,D,Khoa AI - Khóa 23,1.9,Vũ Minh Kiên,1,BD23AI017,struggling
2023/2024,5.0,64.9,AI102_K23_2023_2024_S1,Xác suất & Thống kê ứng dụng (K23),lyvancuongbd23ai018@gmail.com,4.1,4.8,D,Khoa AI - Khóa 23,4.4,Lý Văn Cường,1,BD23AI018,struggling
2023/2024,9.5,98.9,AI102_K23_2023_2024_S1,Xác suất & Thống kê ứng dụng (K23),tranhaisonbd23ai019@gmail.com,3.2,6.4,C,Khoa AI - Khóa 23,3.9,Trần Hải Sơn,1,BD23AI019,diligent_but_low
2023/2024,9.7,99.4,AI102_K23_2023_2024_S1,Xác suất & Thống kê ứng dụng (K23),huynhngocphucbd23ai020@gmail.com,4.4,7.1,B,Khoa AI - Khóa 23,4.1,Huỳnh Ngọc Phúc,1,BD23AI020,diligent_but_low
2023/2024,9.7,98.7,AI102_K23_2023_2024_S1,Xác suất & Thống kê ứng dụng (K23),voquangkienbd23ai021@gmail.com,9.8,9.8,A,Khoa AI - Khóa 23,9.8,Võ Quang Kiên,1,BD23AI021,excellent
2023/2024,3.5,49.9,AI102_K23_2023_2024_S1,Xác suất & Thống kê ứng dụng (K23),hokimhabd23ai022@gmail.com,1.1,2.6,F,Khoa AI - Khóa 23,2.4,Hồ Kim Hà,1,BD23AI022,struggling
2023/2024,4.2,44.5,AI102_K23_2023_2024_S1,Xác suất & Thống kê ứng dụng (K23),hoxuanquanbd23ai023@gmail.com,1.6,3.0,F,Khoa AI - Khóa 23,1.5,Hồ Xuân Quân,1,BD23AI023,struggling
2023/2024,7.4,73.3,AI102_K23_2023_2024_S1,Xác suất & Thống kê ứng dụng (K23),hođucvinhbd23ai024@gmail.com,6.5,6.9,C,Khoa AI - Khóa 23,6.5,Hồ Đức Vinh,1,BD23AI024,average
2023/2024,6.6,71.8,AI102_K23_2023_2024_S1,Xác suất & Thống kê ứng dụng (K23),phamquanganbd23ai025@gmail.com,5.7,6.3,C,Khoa AI - Khóa 23,7.4,Phạm Quang An,1,BD23AI025,average
2023/2024,7.5,85.0,AI102_K23_2023_2024_S1,Xác suất & Thống kê ứng dụng (K23),vođucloibd23ai026@gmail.com,7.6,7.8,B,Khoa AI - Khóa 23,5.7,Võ Đức Lợi,1,BD23AI026,average
2023/2024,8.9,57.8,AI102_K23_2023_2024_S1,Xác suất & Thống kê ứng dụng (K23),lythanhcuongbd23ai027@gmail.com,8.6,8.2,B,Khoa AI - Khóa 23,9.6,Lý Thanh Cường,1,BD23AI027,talented_but_lazy
2023/2024,4.0,63.6,AI102_K23_2023_2024_S1,Xác suất & Thống kê ứng dụng (K23),hoanghuuanbd23ai028@gmail.com,1.5,3.2,F,Khoa AI - Khóa 23,2.7,Hoàng Hữu An,1,BD23AI028,struggling
2023/2024,4.6,48.7,AI102_K23_2023_2024_S1,Xác suất & Thống kê ứng dụng (K23),lekimminhbd23ai029@gmail.com,2.2,3.4,F,Khoa AI - Khóa 23,4.0,Lê Kim Minh,1,BD23AI029,struggling
2023/2024,10.0,99.0,AI102_K23_2023_2024_S1,Xác suất & Thống kê ứng dụng (K23),đangvancuongbd23ai030@gmail.com,9.1,9.5,A,Khoa AI - Khóa 23,9.3,Đặng Văn Cường,1,BD23AI030,excellent
2023/2024,9.1,49.3,AI102_K23_2023_2024_S1,Xác suất & Thống kê ứng dụng (K23),nguyenkimcuongbd23ai031@gmail.com,9.5,8.5,A,Khoa AI - Khóa 23,9.3,Nguyễn Kim Cường,1,BD23AI031,talented_but_lazy
2023/2024,9.6,96.1,AI102_K23_2023_2024_S1,Xác suất & Thống kê ứng dụng (K23),hoangthanhquanbd23ai032@gmail.com,3.3,6.5,C,Khoa AI - Khóa 23,4.4,Hoàng Thanh Quân,1,BD23AI032,diligent_but_low
2023/2024,9.7,96.7,AI102_K23_2023_2024_S1,Xác suất & Thống kê ứng dụng (K23),phamhaisonbd23ai033@gmail.com,9.1,9.4,A,Khoa AI - Khóa 23,9.5,Phạm Hải Sơn,1,BD23AI033,excellent
2023/2024,9.8,98.5,AI102_K23_2023_2024_S1,Xác suất & Thống kê ứng dụng (K23),vungochabd23ai034@gmail.com,3.5,6.7,C,Khoa AI - Khóa 23,5.3,Vũ Ngọc Hà,1,BD23AI034,diligent_but_low
2023/2024,2.3,57.3,AI102_K23_2023_2024_S1,Xác suất & Thống kê ứng dụng (K23),hovansonbd23ai035@gmail.com,3.3,3.5,F,Khoa AI - Khóa 23,3.5,Hồ Văn Sơn,1,BD23AI035,struggling
2023/2024,9.4,94.8,AI102_K23_2023_2024_S1,Xác suất & Thống kê ứng dụng (K23),nguyenvanhungbd23ai036@gmail.com,9.7,9.6,A,Khoa AI - Khóa 23,9.7,Nguyễn Văn Hùng,1,BD23AI036,excellent
2023/2024,6.8,78.7,AI102_K23_2023_2024_S1,Xác suất & Thống kê ứng dụng (K23),hoangngocphucbd23ai037@gmail.com,5.4,6.3,C,Khoa AI - Khóa 23,5.9,Hoàng Ngọc Phúc,1,BD23AI037,average
2023/2024,8.0,64.1,AI102_K23_2023_2024_S1,Xác suất & Thống kê ứng dụng (K23),ngovankienbd23ai038@gmail.com,9.0,8.2,B,Khoa AI - Khóa 23,10.0,Ngô Văn Kiên,1,BD23AI038,talented_but_lazy
2023/2024,7.9,92.7,AI102_K23_2023_2024_S1,Xác suất & Thống kê ứng dụng (K23),vukimnambd23ai039@gmail.com,5.7,7.1,B,Khoa AI - Khóa 23,5.6,Vũ Kim Nam,1,BD23AI039,average
2023/2024,8.0,61.4,AI102_K23_2023_2024_S1,Xác suất & Thống kê ứng dụng (K23),đangtuanhabd23ai040@gmail.com,9.6,8.4,B,Khoa AI - Khóa 23,9.8,Đặng Tuấn Hà,1,BD23AI040,talented_but_lazy
2023/2024,8.4,92.7,AI103_K23_2023_2024_S2,Lập trình Python cho Khoa học dữ liệu (K23),lyhaibinhbd23ai001@gmail.com,7.5,8.1,B,Khoa AI - Khóa 23,7.7,Lý Hải Bình,2,BD23AI001,average
2023/2024,3.1,50.7,AI103_K23_2023_2024_S2,Lập trình Python cho Khoa học dữ liệu (K23),vuthianbd23ai002@gmail.com,3.8,3.9,F,Khoa AI - Khóa 23,2.2,Vũ Thị An,2,BD23AI002,struggling
2023/2024,9.0,63.5,AI103_K23_2023_2024_S2,Lập trình Python cho Khoa học dữ liệu (K23),đangngockienbd23ai003@gmail.com,8.6,8.3,B,Khoa AI - Khóa 23,9.9,Đặng Ngọc Kiên,2,BD23AI003,talented_but_lazy
2023/2024,7.3,62.3,AI103_K23_2023_2024_S2,Lập trình Python cho Khoa học dữ liệu (K23),huynhtuanhabd23ai004@gmail.com,9.2,8.0,B,Khoa AI - Khóa 23,8.7,Huỳnh Tuấn Hà,2,BD23AI004,talented_but_lazy
2023/2024,2.1,44.0,AI103_K23_2023_2024_S2,Lập trình Python cho Khoa học dữ liệu (K23),duongthicuongbd23ai005@gmail.com,3.3,3.2,F,Khoa AI - Khóa 23,3.9,Dương Thị Cường,2,BD23AI005,struggling
2023/2024,8.7,92.1,AI103_K23_2023_2024_S2,Lập trình Python cho Khoa học dữ liệu (K23),duongkimtungbd23ai006@gmail.com,5.3,7.1,B,Khoa AI - Khóa 23,7.3,Dương Kim Tùng,2,BD23AI006,average
2023/2024,4.4,47.3,AI103_K23_2023_2024_S2,Lập trình Python cho Khoa học dữ liệu (K23),đangtuansonbd23ai007@gmail.com,1.1,2.8,F,Khoa AI - Khóa 23,3.8,Đặng Tuấn Sơn,2,BD23AI007,struggling
2023/2024,9.1,99.3,AI103_K23_2023_2024_S2,Lập trình Python cho Khoa học dữ liệu (K23),nguyenkimvinhbd23ai008@gmail.com,5.4,7.4,B,Khoa AI - Khóa 23,4.7,Nguyễn Kim Vinh,2,BD23AI008,diligent_but_low
2023/2024,4.8,70.1,AI103_K23_2023_2024_S2,Lập trình Python cho Khoa học dữ liệu (K23),vokimhabd23ai009@gmail.com,1.7,3.7,F,Khoa AI - Khóa 23,3.5,Võ Kim Hà,2,BD23AI009,struggling
2023/2024,7.3,63.6,AI103_K23_2023_2024_S2,Lập trình Python cho Khoa học dữ liệu (K23),phamngocminhbd23ai010@gmail.com,9.9,8.4,B,Khoa AI - Khóa 23,9.8,Phạm Ngọc Minh,2,BD23AI010,talented_but_lazy
2023/2024,9.0,61.3,AI103_K23_2023_2024_S2,Lập trình Python cho Khoa học dữ liệu (K23),vothisonbd23ai011@gmail.com,9.4,8.6,A,Khoa AI - Khóa 23,8.7,Võ Thị Sơn,2,BD23AI011,talented_but_lazy
2023/2024,9.9,99.2,AI103_K23_2023_2024_S2,Lập trình Python cho Khoa học dữ liệu (K23),đothanhcuongbd23ai012@gmail.com,4.8,7.3,B,Khoa AI - Khóa 23,3.1,Đỗ Thanh Cường,2,BD23AI012,diligent_but_low
2023/2024,7.7,83.5,AI103_K23_2023_2024_S2,Lập trình Python cho Khoa học dữ liệu (K23),đangtuanvinhbd23ai013@gmail.com,7.8,7.9,B,Khoa AI - Khóa 23,7.3,Đặng Tuấn Vinh,2,BD23AI013,average
2023/2024,7.4,58.9,AI103_K23_2023_2024_S2,Lập trình Python cho Khoa học dữ liệu (K23),tranhuuvinhbd23ai014@gmail.com,9.1,7.9,B,Khoa AI - Khóa 23,8.6,Trần Hữu Vinh,2,BD23AI014,talented_but_lazy
2023/2024,9.4,98.4,AI103_K23_2023_2024_S2,Lập trình Python cho Khoa học dữ liệu (K23),lethanhanbd23ai015@gmail.com,3.7,6.6,C,Khoa AI - Khóa 23,5.3,Lê Thanh An,2,BD23AI015,diligent_but_low
2023/2024,3.3,47.6,AI103_K23_2023_2024_S2,Lập trình Python cho Khoa học dữ liệu (K23),vuquanganbd23ai016@gmail.com,4.4,4.1,D,Khoa AI - Khóa 23,4.1,Vũ Quang An,2,BD23AI016,struggling
2023/2024,2.8,47.9,AI103_K23_2023_2024_S2,Lập trình Python cho Khoa học dữ liệu (K23),vuminhkienbd23ai017@gmail.com,2.9,3.2,F,Khoa AI - Khóa 23,2.8,Vũ Minh Kiên,2,BD23AI017,struggling
2023/2024,2.8,55.9,AI103_K23_2023_2024_S2,Lập trình Python cho Khoa học dữ liệu (K23),lyvancuongbd23ai018@gmail.com,4.0,4.0,D,Khoa AI - Khóa 23,1.5,Lý Văn Cường,2,BD23AI018,struggling
2023/2024,9.8,96.7,AI103_K23_2023_2024_S2,Lập trình Python cho Khoa học dữ liệu (K23),tranhaisonbd23ai019@gmail.com,3.2,6.4,C,Khoa AI - Khóa 23,4.7,Trần Hải Sơn,2,BD23AI019,diligent_but_low
2023/2024,9.7,96.8,AI103_K23_2023_2024_S2,Lập trình Python cho Khoa học dữ liệu (K23),huynhngocphucbd23ai020@gmail.com,4.2,6.9,C,Khoa AI - Khóa 23,3.8,Huỳnh Ngọc Phúc,2,BD23AI020,diligent_but_low
2023/2024,9.8,98.6,AI103_K23_2023_2024_S2,Lập trình Python cho Khoa học dữ liệu (K23),voquangkienbd23ai021@gmail.com,9.5,9.7,A,Khoa AI - Khóa 23,9.9,Võ Quang Kiên,2,BD23AI021,excellent
2023/2024,2.7,40.9,AI103_K23_2023_2024_S2,Lập trình Python cho Khoa học dữ liệu (K23),hokimhabd23ai022@gmail.com,3.2,3.2,F,Khoa AI - Khóa 23,3.3,Hồ Kim Hà,2,BD23AI022,struggling
2023/2024,2.6,74.5,AI103_K23_2023_2024_S2,Lập trình Python cho Khoa học dữ liệu (K23),hoxuanquanbd23ai023@gmail.com,1.2,2.8,F,Khoa AI - Khóa 23,2.2,Hồ Xuân Quân,2,BD23AI023,struggling
2023/2024,8.5,87.1,AI103_K23_2023_2024_S2,Lập trình Python cho Khoa học dữ liệu (K23),hođucvinhbd23ai024@gmail.com,6.7,7.6,B,Khoa AI - Khóa 23,6.5,Hồ Đức Vinh,2,BD23AI024,average
2023/2024,7.7,87.3,AI103_K23_2023_2024_S2,Lập trình Python cho Khoa học dữ liệu (K23),phamquanganbd23ai025@gmail.com,7.8,7.9,B,Khoa AI - Khóa 23,6.4,Phạm Quang An,2,BD23AI025,average
2023/2024,7.9,91.0,AI103_K23_2023_2024_S2,Lập trình Python cho Khoa học dữ liệu (K23),vođucloibd23ai026@gmail.com,7.1,7.7,B,Khoa AI - Khóa 23,6.5,Võ Đức Lợi,2,BD23AI026,average
2023/2024,9.0,51.6,AI103_K23_2023_2024_S2,Lập trình Python cho Khoa học dữ liệu (K23),lythanhcuongbd23ai027@gmail.com,9.1,8.3,B,Khoa AI - Khóa 23,8.8,Lý Thanh Cường,2,BD23AI027,talented_but_lazy
2023/2024,2.2,42.5,AI103_K23_2023_2024_S2,Lập trình Python cho Khoa học dữ liệu (K23),hoanghuuanbd23ai028@gmail.com,4.2,3.6,F,Khoa AI - Khóa 23,2.0,Hoàng Hữu An,2,BD23AI028,struggling
2023/2024,4.9,49.2,AI103_K23_2023_2024_S2,Lập trình Python cho Khoa học dữ liệu (K23),lekimminhbd23ai029@gmail.com,2.6,3.7,F,Khoa AI - Khóa 23,3.3,Lê Kim Minh,2,BD23AI029,struggling
2023/2024,9.6,99.7,AI103_K23_2023_2024_S2,Lập trình Python cho Khoa học dữ liệu (K23),đangvancuongbd23ai030@gmail.com,9.1,9.4,A,Khoa AI - Khóa 23,9.4,Đặng Văn Cường,2,BD23AI030,excellent
2023/2024,7.2,58.3,AI103_K23_2023_2024_S2,Lập trình Python cho Khoa học dữ liệu (K23),nguyenkimcuongbd23ai031@gmail.com,8.8,7.7,B,Khoa AI - Khóa 23,9.6,Nguyễn Kim Cường,2,BD23AI031,talented_but_lazy
2023/2024,9.2,96.5,AI103_K23_2023_2024_S2,Lập trình Python cho Khoa học dữ liệu (K23),hoangthanhquanbd23ai032@gmail.com,3.7,6.6,C,Khoa AI - Khóa 23,4.9,Hoàng Thanh Quân,2,BD23AI032,diligent_but_low
2023/2024,9.6,96.6,AI103_K23_2023_2024_S2,Lập trình Python cho Khoa học dữ liệu (K23),phamhaisonbd23ai033@gmail.com,9.5,9.6,A,Khoa AI - Khóa 23,9.2,Phạm Hải Sơn,2,BD23AI033,excellent
2023/2024,9.7,99.0,AI103_K23_2023_2024_S2,Lập trình Python cho Khoa học dữ liệu (K23),vungochabd23ai034@gmail.com,5.2,7.5,B,Khoa AI - Khóa 23,3.3,Vũ Ngọc Hà,2,BD23AI034,diligent_but_low
2023/2024,4.2,53.7,AI103_K23_2023_2024_S2,Lập trình Python cho Khoa học dữ liệu (K23),hovansonbd23ai035@gmail.com,1.2,2.9,F,Khoa AI - Khóa 23,3.0,Hồ Văn Sơn,2,BD23AI035,struggling
2023/2024,9.9,98.6,AI103_K23_2023_2024_S2,Lập trình Python cho Khoa học dữ liệu (K23),nguyenvanhungbd23ai036@gmail.com,9.1,9.5,A,Khoa AI - Khóa 23,9.4,Nguyễn Văn Hùng,2,BD23AI036,excellent
2023/2024,7.4,91.7,AI103_K23_2023_2024_S2,Lập trình Python cho Khoa học dữ liệu (K23),hoangngocphucbd23ai037@gmail.com,5.4,6.8,C,Khoa AI - Khóa 23,5.7,Hoàng Ngọc Phúc,2,BD23AI037,average
2023/2024,8.0,50.7,AI103_K23_2023_2024_S2,Lập trình Python cho Khoa học dữ liệu (K23),ngovankienbd23ai038@gmail.com,8.6,7.7,B,Khoa AI - Khóa 23,9.1,Ngô Văn Kiên,2,BD23AI038,talented_but_lazy
2023/2024,8.7,79.0,AI103_K23_2023_2024_S2,Lập trình Python cho Khoa học dữ liệu (K23),vukimnambd23ai039@gmail.com,7.8,8.1,B,Khoa AI - Khóa 23,6.4,Vũ Kim Nam,2,BD23AI039,average
2023/2024,8.2,54.0,AI103_K23_2023_2024_S2,Lập trình Python cho Khoa học dữ liệu (K23),đangtuanhabd23ai040@gmail.com,8.6,7.8,B,Khoa AI - Khóa 23,9.3,Đặng Tuấn Hà,2,BD23AI040,talented_but_lazy
2023/2024,7.9,72.9,AI104_K23_2023_2024_S2,Cấu trúc dữ liệu & Giải thuật (K23),lyhaibinhbd23ai001@gmail.com,5.5,6.6,C,Khoa AI - Khóa 23,6.3,Lý Hải Bình,2,BD23AI001,average
2023/2024,3.1,68.5,AI104_K23_2023_2024_S2,Cấu trúc dữ liệu & Giải thuật (K23),vuthianbd23ai002@gmail.com,2.7,3.7,F,Khoa AI - Khóa 23,3.9,Vũ Thị An,2,BD23AI002,struggling
2023/2024,9.1,44.9,AI104_K23_2023_2024_S2,Cấu trúc dữ liệu & Giải thuật (K23),đangngockienbd23ai003@gmail.com,9.9,8.6,A,Khoa AI - Khóa 23,9.0,Đặng Ngọc Kiên,2,BD23AI003,talented_but_lazy
2023/2024,8.8,51.0,AI104_K23_2023_2024_S2,Cấu trúc dữ liệu & Giải thuật (K23),huynhtuanhabd23ai004@gmail.com,9.3,8.3,B,Khoa AI - Khóa 23,8.5,Huỳnh Tuấn Hà,2,BD23AI004,talented_but_lazy
2023/2024,3.8,43.2,AI104_K23_2023_2024_S2,Cấu trúc dữ liệu & Giải thuật (K23),duongthicuongbd23ai005@gmail.com,2.5,3.3,F,Khoa AI - Khóa 23,4.2,Dương Thị Cường,2,BD23AI005,struggling
2023/2024,8.7,81.9,AI104_K23_2023_2024_S2,Cấu trúc dữ liệu & Giải thuật (K23),duongkimtungbd23ai006@gmail.com,6.5,7.5,B,Khoa AI - Khóa 23,7.3,Dương Kim Tùng,2,BD23AI006,average
2023/2024,3.3,62.4,AI104_K23_2023_2024_S2,Cấu trúc dữ liệu & Giải thuật (K23),đangtuansonbd23ai007@gmail.com,2.0,3.2,F,Khoa AI - Khóa 23,2.0,Đặng Tuấn Sơn,2,BD23AI007,struggling
2023/2024,9.8,99.3,AI104_K23_2023_2024_S2,Cấu trúc dữ liệu & Giải thuật (K23),nguyenkimvinhbd23ai008@gmail.com,4.2,7.0,B,Khoa AI - Khóa 23,5.3,Nguyễn Kim Vinh,2,BD23AI008,diligent_but_low
2023/2024,3.6,72.3,AI104_K23_2023_2024_S2,Cấu trúc dữ liệu & Giải thuật (K23),vokimhabd23ai009@gmail.com,4.1,4.6,D,Khoa AI - Khóa 23,4.3,Võ Kim Hà,2,BD23AI009,struggling
2023/2024,8.0,58.5,AI104_K23_2023_2024_S2,Cấu trúc dữ liệu & Giải thuật (K23),phamngocminhbd23ai010@gmail.com,9.3,8.2,B,Khoa AI - Khóa 23,9.9,Phạm Ngọc Minh,2,BD23AI010,talented_but_lazy
2023/2024,8.6,51.0,AI104_K23_2023_2024_S2,Cấu trúc dữ liệu & Giải thuật (K23),vothisonbd23ai011@gmail.com,8.5,7.9,B,Khoa AI - Khóa 23,9.1,Võ Thị Sơn,2,BD23AI011,talented_but_lazy
2023/2024,9.0,97.9,AI104_K23_2023_2024_S2,Cấu trúc dữ liệu & Giải thuật (K23),đothanhcuongbd23ai012@gmail.com,5.3,7.3,B,Khoa AI - Khóa 23,4.4,Đỗ Thanh Cường,2,BD23AI012,diligent_but_low
2023/2024,8.6,82.1,AI104_K23_2023_2024_S2,Cấu trúc dữ liệu & Giải thuật (K23),đangtuanvinhbd23ai013@gmail.com,5.1,6.8,C,Khoa AI - Khóa 23,7.7,Đặng Tuấn Vinh,2,BD23AI013,average
2023/2024,8.0,54.6,AI104_K23_2023_2024_S2,Cấu trúc dữ liệu & Giải thuật (K23),tranhuuvinhbd23ai014@gmail.com,8.6,7.8,B,Khoa AI - Khóa 23,8.6,Trần Hữu Vinh,2,BD23AI014,talented_but_lazy
2023/2024,9.3,97.0,AI104_K23_2023_2024_S2,Cấu trúc dữ liệu & Giải thuật (K23),lethanhanbd23ai015@gmail.com,3.8,6.6,C,Khoa AI - Khóa 23,3.3,Lê Thanh An,2,BD23AI015,diligent_but_low
2023/2024,3.9,50.5,AI104_K23_2023_2024_S2,Cấu trúc dữ liệu & Giải thuật (K23),vuquanganbd23ai016@gmail.com,2.2,3.3,F,Khoa AI - Khóa 23,2.9,Vũ Quang An,2,BD23AI016,struggling
2023/2024,2.2,67.5,AI104_K23_2023_2024_S2,Cấu trúc dữ liệu & Giải thuật (K23),vuminhkienbd23ai017@gmail.com,2.9,3.5,F,Khoa AI - Khóa 23,4.5,Vũ Minh Kiên,2,BD23AI017,struggling
2023/2024,2.6,49.7,AI104_K23_2023_2024_S2,Cấu trúc dữ liệu & Giải thuật (K23),lyvancuongbd23ai018@gmail.com,1.6,2.6,F,Khoa AI - Khóa 23,4.2,Lý Văn Cường,2,BD23AI018,struggling
2023/2024,9.6,98.6,AI104_K23_2023_2024_S2,Cấu trúc dữ liệu & Giải thuật (K23),tranhaisonbd23ai019@gmail.com,3.1,6.4,C,Khoa AI - Khóa 23,4.9,Trần Hải Sơn,2,BD23AI019,diligent_but_low
2023/2024,9.7,97.9,AI104_K23_2023_2024_S2,Cấu trúc dữ liệu & Giải thuật (K23),huynhngocphucbd23ai020@gmail.com,3.2,6.5,C,Khoa AI - Khóa 23,4.6,Huỳnh Ngọc Phúc,2,BD23AI020,diligent_but_low
2023/2024,9.9,96.5,AI104_K23_2023_2024_S2,Cấu trúc dữ liệu & Giải thuật (K23),voquangkienbd23ai021@gmail.com,9.0,9.4,A,Khoa AI - Khóa 23,9.4,Võ Quang Kiên,2,BD23AI021,excellent
2023/2024,4.6,62.4,AI104_K23_2023_2024_S2,Cấu trúc dữ liệu & Giải thuật (K23),hokimhabd23ai022@gmail.com,2.9,4.1,D,Khoa AI - Khóa 23,2.5,Hồ Kim Hà,2,BD23AI022,struggling
2023/2024,2.1,49.6,AI104_K23_2023_2024_S2,Cấu trúc dữ liệu & Giải thuật (K23),hoxuanquanbd23ai023@gmail.com,3.8,3.5,F,Khoa AI - Khóa 23,2.2,Hồ Xuân Quân,2,BD23AI023,struggling
2023/2024,7.8,86.3,AI104_K23_2023_2024_S2,Cấu trúc dữ liệu & Giải thuật (K23),hođucvinhbd23ai024@gmail.com,7.6,7.9,B,Khoa AI - Khóa 23,8.0,Hồ Đức Vinh,2,BD23AI024,average
2023/2024,7.1,80.0,AI104_K23_2023_2024_S2,Cấu trúc dữ liệu & Giải thuật (K23),phamquanganbd23ai025@gmail.com,6.5,7.0,B,Khoa AI - Khóa 23,7.4,Phạm Quang An,2,BD23AI025,average
2023/2024,8.4,83.8,AI104_K23_2023_2024_S2,Cấu trúc dữ liệu & Giải thuật (K23),vođucloibd23ai026@gmail.com,5.8,7.1,B,Khoa AI - Khóa 23,5.7,Võ Đức Lợi,2,BD23AI026,average
2023/2024,9.2,61.6,AI104_K23_2023_2024_S2,Cấu trúc dữ liệu & Giải thuật (K23),lythanhcuongbd23ai027@gmail.com,9.6,8.8,A,Khoa AI - Khóa 23,8.7,Lý Thanh Cường,2,BD23AI027,talented_but_lazy
2023/2024,4.4,68.7,AI104_K23_2023_2024_S2,Cấu trúc dữ liệu & Giải thuật (K23),hoanghuuanbd23ai028@gmail.com,2.0,3.7,F,Khoa AI - Khóa 23,2.2,Hoàng Hữu An,2,BD23AI028,struggling
2023/2024,4.4,50.2,AI104_K23_2023_2024_S2,Cấu trúc dữ liệu & Giải thuật (K23),lekimminhbd23ai029@gmail.com,3.8,4.2,D,Khoa AI - Khóa 23,4.1,Lê Kim Minh,2,BD23AI029,struggling
2023/2024,10.0,98.7,AI104_K23_2023_2024_S2,Cấu trúc dữ liệu & Giải thuật (K23),đangvancuongbd23ai030@gmail.com,9.7,9.8,A,Khoa AI - Khóa 23,9.4,Đặng Văn Cường,2,BD23AI030,excellent
2023/2024,8.5,60.2,AI104_K23_2023_2024_S2,Cấu trúc dữ liệu & Giải thuật (K23),nguyenkimcuongbd23ai031@gmail.com,9.6,8.6,A,Khoa AI - Khóa 23,9.8,Nguyễn Kim Cường,2,BD23AI031,talented_but_lazy
2023/2024,9.6,97.2,AI104_K23_2023_2024_S2,Cấu trúc dữ liệu & Giải thuật (K23),hoangthanhquanbd23ai032@gmail.com,4.7,7.2,B,Khoa AI - Khóa 23,4.6,Hoàng Thanh Quân,2,BD23AI032,diligent_but_low
2023/2024,9.4,94.1,AI104_K23_2023_2024_S2,Cấu trúc dữ liệu & Giải thuật (K23),phamhaisonbd23ai033@gmail.com,9.7,9.5,A,Khoa AI - Khóa 23,9.7,Phạm Hải Sơn,2,BD23AI033,excellent
2023/2024,9.5,98.8,AI104_K23_2023_2024_S2,Cấu trúc dữ liệu & Giải thuật (K23),vungochabd23ai034@gmail.com,4.3,7.0,B,Khoa AI - Khóa 23,4.3,Vũ Ngọc Hà,2,BD23AI034,diligent_but_low
2023/2024,4.4,55.7,AI104_K23_2023_2024_S2,Cấu trúc dữ liệu & Giải thuật (K23),hovansonbd23ai035@gmail.com,2.6,3.7,F,Khoa AI - Khóa 23,4.2,Hồ Văn Sơn,2,BD23AI035,struggling
2023/2024,9.9,95.2,AI104_K23_2023_2024_S2,Cấu trúc dữ liệu & Giải thuật (K23),nguyenvanhungbd23ai036@gmail.com,9.5,9.6,A,Khoa AI - Khóa 23,9.2,Nguyễn Văn Hùng,2,BD23AI036,excellent
2023/2024,8.7,83.5,AI104_K23_2023_2024_S2,Cấu trúc dữ liệu & Giải thuật (K23),hoangngocphucbd23ai037@gmail.com,5.8,7.2,B,Khoa AI - Khóa 23,5.6,Hoàng Ngọc Phúc,2,BD23AI037,average
2023/2024,7.2,43.4,AI104_K23_2023_2024_S2,Cấu trúc dữ liệu & Giải thuật (K23),ngovankienbd23ai038@gmail.com,8.8,7.5,B,Khoa AI - Khóa 23,9.5,Ngô Văn Kiên,2,BD23AI038,talented_but_lazy
2023/2024,6.9,75.4,AI104_K23_2023_2024_S2,Cấu trúc dữ liệu & Giải thuật (K23),vukimnambd23ai039@gmail.com,5.2,6.2,C,Khoa AI - Khóa 23,6.2,Vũ Kim Nam,2,BD23AI039,average
2023/2024,7.9,44.4,AI104_K23_2023_2024_S2,Cấu trúc dữ liệu & Giải thuật (K23),đangtuanhabd23ai040@gmail.com,9.8,8.2,B,Khoa AI - Khóa 23,8.8,Đặng Tuấn Hà,2,BD23AI040,talented_but_lazy
2024/2025,8.6,41.1,AI401_K21_2024_2025_S2,Đồ án chuyên ngành AI (MLOps) (K21),huynhxuankienbd21ai001@gmail.com,8.8,7.8,B,Khoa AI - Khóa 21,9.5,Huỳnh Xuân Kiên,2,BD21AI001,talented_but_lazy
2024/2025,9.8,95.8,AI401_K21_2024_2025_S2,Đồ án chuyên ngành AI (MLOps) (K21),phamvanbinhbd21ai002@gmail.com,9.7,9.7,A,Khoa AI - Khóa 21,9.1,Phạm Văn Bình,2,BD21AI002,excellent
2024/2025,6.9,76.1,AI401_K21_2024_2025_S2,Đồ án chuyên ngành AI (MLOps) (K21),đangvannambd21ai003@gmail.com,6.3,6.7,C,Khoa AI - Khóa 21,6.4,Đặng Văn Nam,2,BD21AI003,average
2024/2025,8.8,51.7,AI401_K21_2024_2025_S2,Đồ án chuyên ngành AI (MLOps) (K21),tranngocanbd21ai004@gmail.com,9.8,8.6,A,Khoa AI - Khóa 21,9.8,Trần Ngọc An,2,BD21AI004,talented_but_lazy
2024/2025,9.9,99.3,AI401_K21_2024_2025_S2,Đồ án chuyên ngành AI (MLOps) (K21),duongkimcuongbd21ai005@gmail.com,4.8,7.4,B,Khoa AI - Khóa 21,5.1,Dương Kim Cường,2,BD21AI005,diligent_but_low
2024/2025,9.1,98.1,AI401_K21_2024_2025_S2,Đồ án chuyên ngành AI (MLOps) (K21),vukimsonbd21ai006@gmail.com,5.5,7.4,B,Khoa AI - Khóa 21,4.6,Vũ Kim Sơn,2,BD21AI006,diligent_but_low
2024/2025,7.8,49.2,AI401_K21_2024_2025_S2,Đồ án chuyên ngành AI (MLOps) (K21),huynhđucdungbd21ai007@gmail.com,9.0,7.8,B,Khoa AI - Khóa 21,9.2,Huỳnh Đức Dũng,2,BD21AI007,talented_but_lazy
2024/2025,9.4,95.6,AI401_K21_2024_2025_S2,Đồ án chuyên ngành AI (MLOps) (K21),tranquangquanbd21ai008@gmail.com,9.6,9.5,A,Khoa AI - Khóa 21,10.0,Trần Quang Quân,2,BD21AI008,excellent
2024/2025,7.2,82.0,AI401_K21_2024_2025_S2,Đồ án chuyên ngành AI (MLOps) (K21),đohailoibd21ai009@gmail.com,5.8,6.7,C,Khoa AI - Khóa 21,6.2,Đỗ Hải Lợi,2,BD21AI009,average
2024/2025,7.9,58.0,AI401_K21_2024_2025_S2,Đồ án chuyên ngành AI (MLOps) (K21),buithanhlinhbd21ai010@gmail.com,9.6,8.3,B,Khoa AI - Khóa 21,9.7,Bùi Thành Linh,2,BD21AI010,talented_but_lazy
2024/2025,2.1,40.9,AI401_K21_2024_2025_S2,Đồ án chuyên ngành AI (MLOps) (K21),lyvanphucbd21ai011@gmail.com,4.1,3.5,F,Khoa AI - Khóa 21,1.9,Lý Văn Phúc,2,BD21AI011,struggling
2024/2025,9.6,100.0,AI401_K21_2024_2025_S2,Đồ án chuyên ngành AI (MLOps) (K21),phanđucsonbd21ai012@gmail.com,9.7,9.7,A,Khoa AI - Khóa 21,9.7,Phan Đức Sơn,2,BD21AI012,excellent
2024/2025,9.7,97.3,AI401_K21_2024_2025_S2,Đồ án chuyên ngành AI (MLOps) (K21),tranhuuloibd21ai013@gmail.com,3.9,6.8,C,Khoa AI - Khóa 21,3.3,Trần Hữu Lợi,2,BD21AI013,diligent_but_low
2024/2025,7.3,51.5,AI401_K21_2024_2025_S2,Đồ án chuyên ngành AI (MLOps) (K21),leminhlinhbd21ai014@gmail.com,9.8,8.1,B,Khoa AI - Khóa 21,9.1,Lê Minh Linh,2,BD21AI014,talented_but_lazy
2024/2025,8.0,50.6,AI401_K21_2024_2025_S2,Đồ án chuyên ngành AI (MLOps) (K21),duongthanhkienbd21ai015@gmail.com,9.8,8.3,B,Khoa AI - Khóa 21,8.6,Dương Thanh Kiên,2,BD21AI015,talented_but_lazy
2024/2025,9.9,100.0,AI401_K21_2024_2025_S2,Đồ án chuyên ngành AI (MLOps) (K21),duongminhanbd21ai016@gmail.com,5.2,7.6,B,Khoa AI - Khóa 21,5.0,Dương Minh An,2,BD21AI016,diligent_but_low
2024/2025,8.3,45.0,AI401_K21_2024_2025_S2,Đồ án chuyên ngành AI (MLOps) (K21),vuquangtungbd21ai017@gmail.com,9.7,8.2,B,Khoa AI - Khóa 21,8.7,Vũ Quang Tùng,2,BD21AI017,talented_but_lazy
2024/2025,7.8,54.5,AI401_K21_2024_2025_S2,Đồ án chuyên ngành AI (MLOps) (K21),tranquangnambd21ai018@gmail.com,9.9,8.4,B,Khoa AI - Khóa 21,8.8,Trần Quang Nam,2,BD21AI018,talented_but_lazy
2024/2025,9.9,99.2,AI401_K21_2024_2025_S2,Đồ án chuyên ngành AI (MLOps) (K21),đongoccuongbd21ai019@gmail.com,4.2,7.1,B,Khoa AI - Khóa 21,5.2,Đỗ Ngọc Cường,2,BD21AI019,diligent_but_low
2024/2025,9.3,96.8,AI401_K21_2024_2025_S2,Đồ án chuyên ngành AI (MLOps) (K21),lythanhnambd21ai020@gmail.com,5.3,7.4,B,Khoa AI - Khóa 21,4.9,Lý Thanh Nam,2,BD21AI020,diligent_but_low
2024/2025,9.6,96.2,AI401_K21_2024_2025_S2,Đồ án chuyên ngành AI (MLOps) (K21),duongkimloibd21ai021@gmail.com,4.9,7.2,B,Khoa AI - Khóa 21,3.8,Dương Kim Lợi,2,BD21AI021,diligent_but_low
2024/2025,9.0,96.8,AI401_K21_2024_2025_S2,Đồ án chuyên ngành AI (MLOps) (K21),huynhquangdungbd21ai022@gmail.com,4.8,7.0,B,Khoa AI - Khóa 21,4.7,Huỳnh Quang Dũng,2,BD21AI022,diligent_but_low
2024/2025,9.9,97.4,AI401_K21_2024_2025_S2,Đồ án chuyên ngành AI (MLOps) (K21),buithanhkienbd21ai023@gmail.com,9.1,9.5,A,Khoa AI - Khóa 21,9.0,Bùi Thành Kiên,2,BD21AI023,excellent
2024/2025,9.7,99.1,AI401_K21_2024_2025_S2,Đồ án chuyên ngành AI (MLOps) (K21),vongocvinhbd21ai024@gmail.com,3.6,6.7,C,Khoa AI - Khóa 21,5.5,Võ Ngọc Vinh,2,BD21AI024,diligent_but_low
2024/2025,4.0,56.3,AI401_K21_2024_2025_S2,Đồ án chuyên ngành AI (MLOps) (K21),buihuuhabd21ai025@gmail.com,2.7,3.7,F,Khoa AI - Khóa 21,3.6,Bùi Hữu Hà,2,BD21AI025,struggling
2024/2025,7.4,86.5,AI401_K21_2024_2025_S2,Đồ án chuyên ngành AI (MLOps) (K21),duongtuancuongbd21ai026@gmail.com,5.9,6.9,C,Khoa AI - Khóa 21,5.6,Dương Tuấn Cường,2,BD21AI026,average
2024/2025,7.5,94.4,AI401_K21_2024_2025_S2,Đồ án chuyên ngành AI (MLOps) (K21),buiquangsonbd21ai027@gmail.com,6.6,7.4,B,Khoa AI - Khóa 21,7.5,Bùi Quang Sơn,2,BD21AI027,average
2024/2025,9.8,99.1,AI401_K21_2024_2025_S2,Đồ án chuyên ngành AI (MLOps) (K21),đangđucloibd21ai028@gmail.com,9.1,9.5,A,Khoa AI - Khóa 21,9.6,Đặng Đức Lợi,2,BD21AI028,excellent
2024/2025,9.8,94.5,AI401_K21_2024_2025_S2,Đồ án chuyên ngành AI (MLOps) (K21),huynhthanhlinhbd21ai029@gmail.com,9.8,9.7,A,Khoa AI - Khóa 21,9.0,Huỳnh Thành Linh,2,BD21AI029,excellent
2024/2025,8.5,55.9,AI401_K21_2024_2025_S2,Đồ án chuyên ngành AI (MLOps) (K21),nguyenhuukienbd21ai030@gmail.com,9.3,8.3,B,Khoa AI - Khóa 21,9.4,Nguyễn Hữu Kiên,2,BD21AI030,talented_but_lazy
2024/2025,9.6,98.0,AI401_K21_2024_2025_S2,Đồ án chuyên ngành AI (MLOps) (K21),buivannambd21ai031@gmail.com,9.1,9.4,A,Khoa AI - Khóa 21,9.0,Bùi Văn Nam,2,BD21AI031,excellent
2024/2025,8.4,44.0,AI401_K21_2024_2025_S2,Đồ án chuyên ngành AI (MLOps) (K21),hoangquangtungbd21ai032@gmail.com,9.4,8.1,B,Khoa AI - Khóa 21,9.6,Hoàng Quang Tùng,2,BD21AI032,talented_but_lazy
2024/2025,9.9,97.0,AI401_K21_2024_2025_S2,Đồ án chuyên ngành AI (MLOps) (K21),đangngoctungbd21ai033@gmail.com,9.3,9.5,A,Khoa AI - Khóa 21,9.2,Đặng Ngọc Tùng,2,BD21AI033,excellent
2024/2025,9.1,97.7,AI401_K21_2024_2025_S2,Đồ án chuyên ngành AI (MLOps) (K21),lyvantungbd21ai034@gmail.com,3.0,6.2,C,Khoa AI - Khóa 21,3.5,Lý Văn Tùng,2,BD21AI034,diligent_but_low
2024/2025,3.0,69.4,AI401_K21_2024_2025_S2,Đồ án chuyên ngành AI (MLOps) (K21),buikimminhbd21ai035@gmail.com,4.4,4.5,D,Khoa AI - Khóa 21,1.7,Bùi Kim Minh,2,BD21AI035,struggling
2024/2025,9.5,99.8,AI401_K21_2024_2025_S2,Đồ án chuyên ngành AI (MLOps) (K21),vođucanbd21ai036@gmail.com,5.5,7.6,B,Khoa AI - Khóa 21,3.7,Võ Đức An,2,BD21AI036,diligent_but_low
2024/2025,3.9,57.2,AI401_K21_2024_2025_S2,Đồ án chuyên ngành AI (MLOps) (K21),duongngocsonbd21ai037@gmail.com,3.8,4.2,D,Khoa AI - Khóa 21,4.1,Dương Ngọc Sơn,2,BD21AI037,struggling
2024/2025,9.9,99.4,AI401_K21_2024_2025_S2,Đồ án chuyên ngành AI (MLOps) (K21),tranhaiminhbd21ai038@gmail.com,3.3,6.6,C,Khoa AI - Khóa 21,5.5,Trần Hải Minh,2,BD21AI038,diligent_but_low
2024/2025,2.5,40.5,AI401_K21_2024_2025_S2,Đồ án chuyên ngành AI (MLOps) (K21),ngoquangdungbd21ai039@gmail.com,3.6,3.4,F,Khoa AI - Khóa 21,4.4,Ngô Quang Dũng,2,BD21AI039,struggling
2024/2025,8.4,49.3,AI401_K21_2024_2025_S2,Đồ án chuyên ngành AI (MLOps) (K21),tranđuctungbd21ai040@gmail.com,9.9,8.4,B,Khoa AI - Khóa 21,8.7,Trần Đức Tùng,2,BD21AI040,talented_but_lazy
2024/2025,2.4,58.5,AI301_K22_2024_2025_S1,Reinforcement Learning (K22),vuanhlinhbd22ai001@gmail.com,3.6,3.7,F,Khoa AI - Khóa 22,3.3,Vũ Anh Linh,1,BD22AI001,struggling
2024/2025,8.7,46.1,AI301_K22_2024_2025_S1,Reinforcement Learning (K22),đangquangminhbd22ai002@gmail.com,8.7,7.9,B,Khoa AI - Khóa 22,9.6,Đặng Quang Minh,1,BD22AI002,talented_but_lazy
2024/2025,9.6,99.2,AI301_K22_2024_2025_S1,Reinforcement Learning (K22),phanminhlinhbd22ai003@gmail.com,4.5,7.1,B,Khoa AI - Khóa 22,5.3,Phan Minh Linh,1,BD22AI003,diligent_but_low
2024/2025,9.8,97.7,AI301_K22_2024_2025_S1,Reinforcement Learning (K22),hođucphucbd22ai004@gmail.com,9.9,9.8,A,Khoa AI - Khóa 22,9.8,Hồ Đức Phúc,1,BD22AI004,excellent
2024/2025,9.9,99.7,AI301_K22_2024_2025_S1,Reinforcement Learning (K22),buikimtungbd22ai005@gmail.com,9.5,9.7,A,Khoa AI - Khóa 22,9.9,Bùi Kim Tùng,1,BD22AI005,excellent
2024/2025,10.0,97.4,AI301_K22_2024_2025_S1,Reinforcement Learning (K22),tranhaiminhbd22ai006@gmail.com,5.4,7.6,B,Khoa AI - Khóa 22,4.0,Trần Hải Minh,1,BD22AI006,diligent_but_low
2024/2025,9.6,94.7,AI301_K22_2024_2025_S1,Reinforcement Learning (K22),buihaiquanbd22ai007@gmail.com,9.5,9.5,A,Khoa AI - Khóa 22,9.5,Bùi Hải Quân,1,BD22AI007,excellent
2024/2025,9.9,95.8,AI301_K22_2024_2025_S1,Reinforcement Learning (K22),hothanhsonbd22ai008@gmail.com,9.3,9.5,A,Khoa AI - Khóa 22,9.7,Hồ Thanh Sơn,1,BD22AI008,excellent
2024/2025,9.7,98.7,AI301_K22_2024_2025_S1,Reinforcement Learning (K22),đangminhcuongbd22ai009@gmail.com,9.5,9.6,A,Khoa AI - Khóa 22,9.9,Đặng Minh Cường,1,BD22AI009,excellent
2024/2025,8.0,53.5,AI301_K22_2024_2025_S1,Reinforcement Learning (K22),vungocvinhbd22ai010@gmail.com,9.6,8.3,B,Khoa AI - Khóa 22,9.3,Vũ Ngọc Vinh,1,BD22AI010,talented_but_lazy
2024/2025,8.1,64.9,AI301_K22_2024_2025_S1,Reinforcement Learning (K22),duongtuanquanbd22ai011@gmail.com,9.4,8.4,B,Khoa AI - Khóa 22,9.5,Dương Tuấn Quân,1,BD22AI011,talented_but_lazy
2024/2025,4.1,49.1,AI301_K22_2024_2025_S1,Reinforcement Learning (K22),leminhdungbd22ai012@gmail.com,1.7,3.0,F,Khoa AI - Khóa 22,2.1,Lê Minh Dũng,1,BD22AI012,struggling
2024/2025,9.5,98.6,AI301_K22_2024_2025_S1,Reinforcement Learning (K22),hotuanhabd22ai013@gmail.com,9.2,9.4,A,Khoa AI - Khóa 22,9.1,Hồ Tuấn Hà,1,BD22AI013,excellent
2024/2025,9.5,96.6,AI301_K22_2024_2025_S1,Reinforcement Learning (K22),vuhuuhabd22ai014@gmail.com,9.8,9.7,A,Khoa AI - Khóa 22,9.5,Vũ Hữu Hà,1,BD22AI014,excellent
2024/2025,2.5,54.1,AI301_K22_2024_2025_S1,Reinforcement Learning (K22),đangthitungbd22ai015@gmail.com,3.0,3.4,F,Khoa AI - Khóa 22,4.2,Đặng Thị Tùng,1,BD22AI015,struggling
2024/2025,8.0,59.1,AI301_K22_2024_2025_S1,Reinforcement Learning (K22),hoangngoctungbd22ai016@gmail.com,9.3,8.3,B,Khoa AI - Khóa 22,9.3,Hoàng Ngọc Tùng,1,BD22AI016,talented_but_lazy
2024/2025,8.4,94.2,AI301_K22_2024_2025_S1,Reinforcement Learning (K22),hoquangquanbd22ai017@gmail.com,7.8,8.3,B,Khoa AI - Khóa 22,7.8,Hồ Quang Quân,1,BD22AI017,average
2024/2025,8.9,57.3,AI301_K22_2024_2025_S1,Reinforcement Learning (K22),huynhhaianbd22ai018@gmail.com,10.0,8.8,A,Khoa AI - Khóa 22,9.7,Huỳnh Hải An,1,BD22AI018,talented_but_lazy
2024/2025,9.5,97.8,AI301_K22_2024_2025_S1,Reinforcement Learning (K22),buituansonbd22ai019@gmail.com,10.0,9.8,A,Khoa AI - Khóa 22,10.0,Bùi Tuấn Sơn,1,BD22AI019,excellent
2024/2025,8.8,61.3,AI301_K22_2024_2025_S1,Reinforcement Learning (K22),đangđuckienbd22ai020@gmail.com,9.3,8.5,A,Khoa AI - Khóa 22,9.8,Đặng Đức Kiên,1,BD22AI020,talented_but_lazy
2024/2025,6.7,93.6,AI301_K22_2024_2025_S1,Reinforcement Learning (K22),ngohaihabd22ai021@gmail.com,6.6,7.2,B,Khoa AI - Khóa 22,6.0,Ngô Hải Hà,1,BD22AI021,average
2024/2025,9.8,99.6,AI301_K22_2024_2025_S1,Reinforcement Learning (K22),leanhphucbd22ai022@gmail.com,9.1,9.5,A,Khoa AI - Khóa 22,9.2,Lê Anh Phúc,1,BD22AI022,excellent
2024/2025,8.4,47.0,AI301_K22_2024_2025_S1,Reinforcement Learning (K22),nguyenminhtungbd22ai023@gmail.com,9.3,8.1,B,Khoa AI - Khóa 22,9.7,Nguyễn Minh Tùng,1,BD22AI023,talented_but_lazy
2024/2025,6.7,85.6,AI301_K22_2024_2025_S1,Reinforcement Learning (K22),nguyenngoclinhbd22ai024@gmail.com,6.2,6.8,C,Khoa AI - Khóa 22,6.5,Nguyễn Ngọc Linh,1,BD22AI024,average
2024/2025,8.6,53.2,AI301_K22_2024_2025_S1,Reinforcement Learning (K22),ngohuucuongbd22ai025@gmail.com,9.8,8.5,A,Khoa AI - Khóa 22,9.8,Ngô Hữu Cường,1,BD22AI025,talented_but_lazy
2024/2025,8.5,83.2,AI301_K22_2024_2025_S1,Reinforcement Learning (K22),đangtuanquanbd22ai026@gmail.com,6.0,7.2,B,Khoa AI - Khóa 22,7.9,Đặng Tuấn Quân,1,BD22AI026,average
2024/2025,6.6,80.6,AI301_K22_2024_2025_S1,Reinforcement Learning (K22),tranthinambd22ai027@gmail.com,7.4,7.3,B,Khoa AI - Khóa 22,6.3,Trần Thị Nam,1,BD22AI027,average
2024/2025,3.4,53.0,AI301_K22_2024_2025_S1,Reinforcement Learning (K22),buivanvinhbd22ai028@gmail.com,3.4,3.8,F,Khoa AI - Khóa 22,2.1,Bùi Văn Vinh,1,BD22AI028,struggling
2024/2025,9.4,99.2,AI301_K22_2024_2025_S1,Reinforcement Learning (K22),lehaitungbd22ai029@gmail.com,5.1,7.4,B,Khoa AI - Khóa 22,3.8,Lê Hải Tùng,1,BD22AI029,diligent_but_low
2024/2025,8.8,45.5,AI301_K22_2024_2025_S1,Reinforcement Learning (K22),lexuanhabd22ai030@gmail.com,9.5,8.3,B,Khoa AI - Khóa 22,9.9,Lê Xuân Hà,1,BD22AI030,talented_but_lazy
2024/2025,2.4,72.5,AI301_K22_2024_2025_S1,Reinforcement Learning (K22),lekimloibd22ai031@gmail.com,1.1,2.7,F,Khoa AI - Khóa 22,3.0,Lê Kim Lợi,1,BD22AI031,struggling
2024/2025,9.3,97.3,AI301_K22_2024_2025_S1,Reinforcement Learning (K22),vuvansonbd22ai032@gmail.com,4.1,6.8,C,Khoa AI - Khóa 22,3.6,Vũ Văn Sơn,1,BD22AI032,diligent_but_low
2024/2025,7.7,41.3,AI301_K22_2024_2025_S1,Reinforcement Learning (K22),lyhuuphucbd22ai033@gmail.com,8.5,7.4,B,Khoa AI - Khóa 22,8.7,Lý Hữu Phúc,1,BD22AI033,talented_but_lazy
2024/2025,7.2,42.9,AI301_K22_2024_2025_S1,Reinforcement Learning (K22),phankimtungbd22ai034@gmail.com,9.8,7.9,B,Khoa AI - Khóa 22,9.7,Phan Kim Tùng,1,BD22AI034,talented_but_lazy
2024/2025,7.0,80.4,AI301_K22_2024_2025_S1,Reinforcement Learning (K22),lexuannambd22ai035@gmail.com,7.4,7.4,B,Khoa AI - Khóa 22,7.4,Lê Xuân Nam,1,BD22AI035,average
2024/2025,9.6,98.8,AI301_K22_2024_2025_S1,Reinforcement Learning (K22),phamthiphucbd22ai036@gmail.com,4.7,7.2,B,Khoa AI - Khóa 22,4.9,Phạm Thị Phúc,1,BD22AI036,diligent_but_low
2024/2025,8.2,64.5,AI301_K22_2024_2025_S1,Reinforcement Learning (K22),lyngocquanbd22ai037@gmail.com,9.5,8.5,A,Khoa AI - Khóa 22,8.9,Lý Ngọc Quân,1,BD22AI037,talented_but_lazy
2024/2025,9.4,96.6,AI301_K22_2024_2025_S1,Reinforcement Learning (K22),đangngoctungbd22ai038@gmail.com,9.7,9.6,A,Khoa AI - Khóa 22,9.3,Đặng Ngọc Tùng,1,BD22AI038,excellent
2024/2025,9.9,97.5,AI301_K22_2024_2025_S1,Reinforcement Learning (K22),phanvanlinhbd22ai039@gmail.com,5.0,7.4,B,Khoa AI - Khóa 22,4.3,Phan Văn Linh,1,BD22AI039,diligent_but_low
2024/2025,9.6,97.9,AI301_K22_2024_2025_S1,Reinforcement Learning (K22),phanthanhlinhbd22ai040@gmail.com,4.2,6.9,C,Khoa AI - Khóa 22,5.2,Phan Thanh Linh,1,BD22AI040,diligent_but_low
2024/2025,2.3,44.5,AI302_K22_2024_2025_S2,Big Data & Cloud Computing (K22),vuanhlinhbd22ai001@gmail.com,4.3,3.7,F,Khoa AI - Khóa 22,1.6,Vũ Anh Linh,2,BD22AI001,struggling
2024/2025,8.9,51.7,AI302_K22_2024_2025_S2,Big Data & Cloud Computing (K22),đangquangminhbd22ai002@gmail.com,9.2,8.3,B,Khoa AI - Khóa 22,9.0,Đặng Quang Minh,2,BD22AI002,talented_but_lazy
2024/2025,9.1,98.2,AI302_K22_2024_2025_S2,Big Data & Cloud Computing (K22),phanminhlinhbd22ai003@gmail.com,4.0,6.7,C,Khoa AI - Khóa 22,4.4,Phan Minh Linh,2,BD22AI003,diligent_but_low
2024/2025,9.6,95.6,AI302_K22_2024_2025_S2,Big Data & Cloud Computing (K22),hođucphucbd22ai004@gmail.com,9.1,9.4,A,Khoa AI - Khóa 22,9.1,Hồ Đức Phúc,2,BD22AI004,excellent
2024/2025,9.9,95.2,AI302_K22_2024_2025_S2,Big Data & Cloud Computing (K22),buikimtungbd22ai005@gmail.com,9.6,9.6,A,Khoa AI - Khóa 22,9.9,Bùi Kim Tùng,2,BD22AI005,excellent
2024/2025,10.0,99.5,AI302_K22_2024_2025_S2,Big Data & Cloud Computing (K22),tranhaiminhbd22ai006@gmail.com,4.7,7.3,B,Khoa AI - Khóa 22,4.8,Trần Hải Minh,2,BD22AI006,diligent_but_low
2024/2025,9.8,94.3,AI302_K22_2024_2025_S2,Big Data & Cloud Computing (K22),buihaiquanbd22ai007@gmail.com,9.8,9.8,A,Khoa AI - Khóa 22,9.8,Bùi Hải Quân,2,BD22AI007,excellent
2024/2025,9.6,99.6,AI302_K22_2024_2025_S2,Big Data & Cloud Computing (K22),hothanhsonbd22ai008@gmail.com,10.0,9.9,A,Khoa AI - Khóa 22,9.4,Hồ Thanh Sơn,2,BD22AI008,excellent
2024/2025,9.4,95.0,AI302_K22_2024_2025_S2,Big Data & Cloud Computing (K22),đangminhcuongbd22ai009@gmail.com,9.2,9.3,A,Khoa AI - Khóa 22,9.6,Đặng Minh Cường,2,BD22AI009,excellent
2024/2025,7.1,57.5,AI302_K22_2024_2025_S2,Big Data & Cloud Computing (K22),vungocvinhbd22ai010@gmail.com,8.9,7.7,B,Khoa AI - Khóa 22,9.7,Vũ Ngọc Vinh,2,BD22AI010,talented_but_lazy
2024/2025,9.1,42.4,AI302_K22_2024_2025_S2,Big Data & Cloud Computing (K22),duongtuanquanbd22ai011@gmail.com,9.6,8.4,B,Khoa AI - Khóa 22,8.6,Dương Tuấn Quân,2,BD22AI011,talented_but_lazy
2024/2025,3.0,59.9,AI302_K22_2024_2025_S2,Big Data & Cloud Computing (K22),leminhdungbd22ai012@gmail.com,3.1,3.6,F,Khoa AI - Khóa 22,3.3,Lê Minh Dũng,2,BD22AI012,struggling
2024/2025,10.0,98.1,AI302_K22_2024_2025_S2,Big Data & Cloud Computing (K22),hotuanhabd22ai013@gmail.com,9.6,9.7,A,Khoa AI - Khóa 22,9.7,Hồ Tuấn Hà,2,BD22AI013,excellent
2024/2025,9.6,98.0,AI302_K22_2024_2025_S2,Big Data & Cloud Computing (K22),vuhuuhabd22ai014@gmail.com,9.7,9.7,A,Khoa AI - Khóa 22,9.2,Vũ Hữu Hà,2,BD22AI014,excellent
2024/2025,2.3,40.8,AI302_K22_2024_2025_S2,Big Data & Cloud Computing (K22),đangthitungbd22ai015@gmail.com,3.8,3.4,F,Khoa AI - Khóa 22,4.3,Đặng Thị Tùng,2,BD22AI015,struggling
2024/2025,8.9,54.3,AI302_K22_2024_2025_S2,Big Data & Cloud Computing (K22),hoangngoctungbd22ai016@gmail.com,9.9,8.7,A,Khoa AI - Khóa 22,9.4,Hoàng Ngọc Tùng,2,BD22AI016,talented_but_lazy
2024/2025,8.0,73.4,AI302_K22_2024_2025_S2,Big Data & Cloud Computing (K22),hoquangquanbd22ai017@gmail.com,7.5,7.6,B,Khoa AI - Khóa 22,6.5,Hồ Quang Quân,2,BD22AI017,average
2024/2025,9.1,63.1,AI302_K22_2024_2025_S2,Big Data & Cloud Computing (K22),huynhhaianbd22ai018@gmail.com,8.6,8.3,B,Khoa AI - Khóa 22,8.7,Huỳnh Hải An,2,BD22AI018,talented_but_lazy
2024/2025,9.8,98.8,AI302_K22_2024_2025_S2,Big Data & Cloud Computing (K22),buituansonbd22ai019@gmail.com,9.1,9.5,A,Khoa AI - Khóa 22,9.6,Bùi Tuấn Sơn,2,BD22AI019,excellent
2024/2025,7.5,44.6,AI302_K22_2024_2025_S2,Big Data & Cloud Computing (K22),đangđuckienbd22ai020@gmail.com,9.9,8.1,B,Khoa AI - Khóa 22,9.6,Đặng Đức Kiên,2,BD22AI020,talented_but_lazy
2024/2025,6.8,94.7,AI302_K22_2024_2025_S2,Big Data & Cloud Computing (K22),ngohaihabd22ai021@gmail.com,7.9,7.9,B,Khoa AI - Khóa 22,6.8,Ngô Hải Hà,2,BD22AI021,average
2024/2025,9.8,94.6,AI302_K22_2024_2025_S2,Big Data & Cloud Computing (K22),leanhphucbd22ai022@gmail.com,9.6,9.6,A,Khoa AI - Khóa 22,9.5,Lê Anh Phúc,2,BD22AI022,excellent
2024/2025,7.8,45.4,AI302_K22_2024_2025_S2,Big Data & Cloud Computing (K22),nguyenminhtungbd22ai023@gmail.com,8.8,7.7,B,Khoa AI - Khóa 22,8.9,Nguyễn Minh Tùng,2,BD22AI023,talented_but_lazy
2024/2025,7.0,85.5,AI302_K22_2024_2025_S2,Big Data & Cloud Computing (K22),nguyenngoclinhbd22ai024@gmail.com,7.5,7.6,B,Khoa AI - Khóa 22,7.8,Nguyễn Ngọc Linh,2,BD22AI024,average
2024/2025,7.0,50.6,AI302_K22_2024_2025_S2,Big Data & Cloud Computing (K22),ngohuucuongbd22ai025@gmail.com,9.4,7.8,B,Khoa AI - Khóa 22,8.8,Ngô Hữu Cường,2,BD22AI025,talented_but_lazy
2024/2025,6.8,74.8,AI302_K22_2024_2025_S2,Big Data & Cloud Computing (K22),đangtuanquanbd22ai026@gmail.com,7.5,7.3,B,Khoa AI - Khóa 22,5.5,Đặng Tuấn Quân,2,BD22AI026,average
2024/2025,8.8,85.0,AI302_K22_2024_2025_S2,Big Data & Cloud Computing (K22),tranthinambd22ai027@gmail.com,7.2,8.0,B,Khoa AI - Khóa 22,5.8,Trần Thị Nam,2,BD22AI027,average
2024/2025,3.2,65.5,AI302_K22_2024_2025_S2,Big Data & Cloud Computing (K22),buivanvinhbd22ai028@gmail.com,3.0,3.8,F,Khoa AI - Khóa 22,2.5,Bùi Văn Vinh,2,BD22AI028,struggling
2024/2025,9.4,99.7,AI302_K22_2024_2025_S2,Big Data & Cloud Computing (K22),lehaitungbd22ai029@gmail.com,4.3,7.0,B,Khoa AI - Khóa 22,3.2,Lê Hải Tùng,2,BD22AI029,diligent_but_low
2024/2025,7.6,43.5,AI302_K22_2024_2025_S2,Big Data & Cloud Computing (K22),lexuanhabd22ai030@gmail.com,9.0,7.6,B,Khoa AI - Khóa 22,8.6,Lê Xuân Hà,2,BD22AI030,talented_but_lazy
2024/2025,2.2,70.2,AI302_K22_2024_2025_S2,Big Data & Cloud Computing (K22),lekimloibd22ai031@gmail.com,2.5,3.3,F,Khoa AI - Khóa 22,4.0,Lê Kim Lợi,2,BD22AI031,struggling
2024/2025,9.0,99.5,AI302_K22_2024_2025_S2,Big Data & Cloud Computing (K22),vuvansonbd22ai032@gmail.com,5.1,7.2,B,Khoa AI - Khóa 22,4.7,Vũ Văn Sơn,2,BD22AI032,diligent_but_low
2024/2025,8.1,61.8,AI302_K22_2024_2025_S2,Big Data & Cloud Computing (K22),lyhuuphucbd22ai033@gmail.com,10.0,8.6,A,Khoa AI - Khóa 22,9.7,Lý Hữu Phúc,2,BD22AI033,talented_but_lazy
2024/2025,7.6,61.9,AI302_K22_2024_2025_S2,Big Data & Cloud Computing (K22),phankimtungbd22ai034@gmail.com,9.2,8.1,B,Khoa AI - Khóa 22,9.3,Phan Kim Tùng,2,BD22AI034,talented_but_lazy
2024/2025,6.8,80.1,AI302_K22_2024_2025_S2,Big Data & Cloud Computing (K22),lexuannambd22ai035@gmail.com,5.8,6.5,C,Khoa AI - Khóa 22,6.1,Lê Xuân Nam,2,BD22AI035,average
2024/2025,9.1,98.9,AI302_K22_2024_2025_S2,Big Data & Cloud Computing (K22),phamthiphucbd22ai036@gmail.com,5.3,7.4,B,Khoa AI - Khóa 22,4.2,Phạm Thị Phúc,2,BD22AI036,diligent_but_low
2024/2025,7.9,64.3,AI302_K22_2024_2025_S2,Big Data & Cloud Computing (K22),lyngocquanbd22ai037@gmail.com,9.4,8.4,B,Khoa AI - Khóa 22,9.5,Lý Ngọc Quân,2,BD22AI037,talented_but_lazy
2024/2025,9.6,96.1,AI302_K22_2024_2025_S2,Big Data & Cloud Computing (K22),đangngoctungbd22ai038@gmail.com,10.0,9.8,A,Khoa AI - Khóa 22,9.0,Đặng Ngọc Tùng,2,BD22AI038,excellent
2024/2025,9.6,97.9,AI302_K22_2024_2025_S2,Big Data & Cloud Computing (K22),phanvanlinhbd22ai039@gmail.com,4.0,6.8,C,Khoa AI - Khóa 22,3.5,Phan Văn Linh,2,BD22AI039,diligent_but_low
2024/2025,9.4,96.5,AI302_K22_2024_2025_S2,Big Data & Cloud Computing (K22),phanthanhlinhbd22ai040@gmail.com,3.6,6.5,C,Khoa AI - Khóa 22,5.3,Phan Thanh Linh,2,BD22AI040,diligent_but_low
2024/2025,3.8,74.7,AI303_K22_2024_2025_S2,Đạo đức & Pháp luật trong AI (K22),vuanhlinhbd22ai001@gmail.com,4.3,4.8,D,Khoa AI - Khóa 22,3.2,Vũ Anh Linh,2,BD22AI001,struggling
2024/2025,7.4,57.5,AI303_K22_2024_2025_S2,Đạo đức & Pháp luật trong AI (K22),đangquangminhbd22ai002@gmail.com,8.5,7.6,B,Khoa AI - Khóa 22,8.6,Đặng Quang Minh,2,BD22AI002,talented_but_lazy
2024/2025,9.3,98.8,AI303_K22_2024_2025_S2,Đạo đức & Pháp luật trong AI (K22),phanminhlinhbd22ai003@gmail.com,3.5,6.5,C,Khoa AI - Khóa 22,4.8,Phan Minh Linh,2,BD22AI003,diligent_but_low
2024/2025,9.7,97.6,AI303_K22_2024_2025_S2,Đạo đức & Pháp luật trong AI (K22),hođucphucbd22ai004@gmail.com,9.7,9.7,A,Khoa AI - Khóa 22,9.3,Hồ Đức Phúc,2,BD22AI004,excellent
2024/2025,9.9,99.2,AI303_K22_2024_2025_S2,Đạo đức & Pháp luật trong AI (K22),buikimtungbd22ai005@gmail.com,9.3,9.6,A,Khoa AI - Khóa 22,9.2,Bùi Kim Tùng,2,BD22AI005,excellent
2024/2025,9.7,97.5,AI303_K22_2024_2025_S2,Đạo đức & Pháp luật trong AI (K22),tranhaiminhbd22ai006@gmail.com,4.4,7.1,B,Khoa AI - Khóa 22,3.8,Trần Hải Minh,2,BD22AI006,diligent_but_low
2024/2025,9.8,98.1,AI303_K22_2024_2025_S2,Đạo đức & Pháp luật trong AI (K22),buihaiquanbd22ai007@gmail.com,9.3,9.5,A,Khoa AI - Khóa 22,9.7,Bùi Hải Quân,2,BD22AI007,excellent
2024/2025,9.8,97.0,AI303_K22_2024_2025_S2,Đạo đức & Pháp luật trong AI (K22),hothanhsonbd22ai008@gmail.com,9.5,9.6,A,Khoa AI - Khóa 22,9.9,Hồ Thanh Sơn,2,BD22AI008,excellent
2024/2025,9.6,95.7,AI303_K22_2024_2025_S2,Đạo đức & Pháp luật trong AI (K22),đangminhcuongbd22ai009@gmail.com,9.8,9.7,A,Khoa AI - Khóa 22,9.2,Đặng Minh Cường,2,BD22AI009,excellent
2024/2025,8.4,51.7,AI303_K22_2024_2025_S2,Đạo đức & Pháp luật trong AI (K22),vungocvinhbd22ai010@gmail.com,9.5,8.3,B,Khoa AI - Khóa 22,9.8,Vũ Ngọc Vinh,2,BD22AI010,talented_but_lazy
2024/2025,7.2,41.0,AI303_K22_2024_2025_S2,Đạo đức & Pháp luật trong AI (K22),duongtuanquanbd22ai011@gmail.com,9.1,7.5,B,Khoa AI - Khóa 22,9.1,Dương Tuấn Quân,2,BD22AI011,talented_but_lazy
2024/2025,3.2,61.1,AI303_K22_2024_2025_S2,Đạo đức & Pháp luật trong AI (K22),leminhdungbd22ai012@gmail.com,1.6,3.0,F,Khoa AI - Khóa 22,4.4,Lê Minh Dũng,2,BD22AI012,struggling
2024/2025,9.5,94.4,AI303_K22_2024_2025_S2,Đạo đức & Pháp luật trong AI (K22),hotuanhabd22ai013@gmail.com,9.8,9.7,A,Khoa AI - Khóa 22,9.4,Hồ Tuấn Hà,2,BD22AI013,excellent
2024/2025,9.9,95.8,AI303_K22_2024_2025_S2,Đạo đức & Pháp luật trong AI (K22),vuhuuhabd22ai014@gmail.com,9.5,9.6,A,Khoa AI - Khóa 22,9.2,Vũ Hữu Hà,2,BD22AI014,excellent
2024/2025,4.2,47.7,AI303_K22_2024_2025_S2,Đạo đức & Pháp luật trong AI (K22),đangthitungbd22ai015@gmail.com,3.1,3.8,F,Khoa AI - Khóa 22,2.2,Đặng Thị Tùng,2,BD22AI015,struggling
2024/2025,7.6,48.3,AI303_K22_2024_2025_S2,Đạo đức & Pháp luật trong AI (K22),hoangngoctungbd22ai016@gmail.com,9.8,8.2,B,Khoa AI - Khóa 22,8.7,Hoàng Ngọc Tùng,2,BD22AI016,talented_but_lazy
2024/2025,8.1,76.2,AI303_K22_2024_2025_S2,Đạo đức & Pháp luật trong AI (K22),hoquangquanbd22ai017@gmail.com,6.1,7.0,B,Khoa AI - Khóa 22,7.0,Hồ Quang Quân,2,BD22AI017,average
2024/2025,7.0,53.7,AI303_K22_2024_2025_S2,Đạo đức & Pháp luật trong AI (K22),huynhhaianbd22ai018@gmail.com,9.6,8.0,B,Khoa AI - Khóa 22,10.0,Huỳnh Hải An,2,BD22AI018,talented_but_lazy
2024/2025,9.7,97.5,AI303_K22_2024_2025_S2,Đạo đức & Pháp luật trong AI (K22),buituansonbd22ai019@gmail.com,9.8,9.8,A,Khoa AI - Khóa 22,9.1,Bùi Tuấn Sơn,2,BD22AI019,excellent
2024/2025,8.7,58.7,AI303_K22_2024_2025_S2,Đạo đức & Pháp luật trong AI (K22),đangđuckienbd22ai020@gmail.com,9.6,8.6,A,Khoa AI - Khóa 22,8.7,Đặng Đức Kiên,2,BD22AI020,talented_but_lazy
2024/2025,7.5,77.1,AI303_K22_2024_2025_S2,Đạo đức & Pháp luật trong AI (K22),ngohaihabd22ai021@gmail.com,7.6,7.6,B,Khoa AI - Khóa 22,6.6,Ngô Hải Hà,2,BD22AI021,average
2024/2025,9.4,94.3,AI303_K22_2024_2025_S2,Đạo đức & Pháp luật trong AI (K22),leanhphucbd22ai022@gmail.com,9.9,9.7,A,Khoa AI - Khóa 22,9.4,Lê Anh Phúc,2,BD22AI022,excellent
2024/2025,8.8,42.0,AI303_K22_2024_2025_S2,Đạo đức & Pháp luật trong AI (K22),nguyenminhtungbd22ai023@gmail.com,8.6,7.8,B,Khoa AI - Khóa 22,9.3,Nguyễn Minh Tùng,2,BD22AI023,talented_but_lazy
2024/2025,8.2,95.0,AI303_K22_2024_2025_S2,Đạo đức & Pháp luật trong AI (K22),nguyenngoclinhbd22ai024@gmail.com,6.8,7.8,B,Khoa AI - Khóa 22,7.7,Nguyễn Ngọc Linh,2,BD22AI024,average
2024/2025,7.4,58.3,AI303_K22_2024_2025_S2,Đạo đức & Pháp luật trong AI (K22),ngohuucuongbd22ai025@gmail.com,8.8,7.8,B,Khoa AI - Khóa 22,9.7,Ngô Hữu Cường,2,BD22AI025,talented_but_lazy
2024/2025,8.5,86.0,AI303_K22_2024_2025_S2,Đạo đức & Pháp luật trong AI (K22),đangtuanquanbd22ai026@gmail.com,5.1,6.8,C,Khoa AI - Khóa 22,6.9,Đặng Tuấn Quân,2,BD22AI026,average
2024/2025,6.6,78.6,AI303_K22_2024_2025_S2,Đạo đức & Pháp luật trong AI (K22),tranthinambd22ai027@gmail.com,7.6,7.4,B,Khoa AI - Khóa 22,6.6,Trần Thị Nam,2,BD22AI027,average
2024/2025,4.2,50.5,AI303_K22_2024_2025_S2,Đạo đức & Pháp luật trong AI (K22),buivanvinhbd22ai028@gmail.com,1.0,2.8,F,Khoa AI - Khóa 22,2.8,Bùi Văn Vinh,2,BD22AI028,struggling
2024/2025,9.9,98.3,AI303_K22_2024_2025_S2,Đạo đức & Pháp luật trong AI (K22),lehaitungbd22ai029@gmail.com,4.9,7.4,B,Khoa AI - Khóa 22,5.1,Lê Hải Tùng,2,BD22AI029,diligent_but_low
2024/2025,7.4,59.8,AI303_K22_2024_2025_S2,Đạo đức & Pháp luật trong AI (K22),lexuanhabd22ai030@gmail.com,9.6,8.2,B,Khoa AI - Khóa 22,9.5,Lê Xuân Hà,2,BD22AI030,talented_but_lazy
2024/2025,4.3,67.3,AI303_K22_2024_2025_S2,Đạo đức & Pháp luật trong AI (K22),lekimloibd22ai031@gmail.com,3.7,4.5,D,Khoa AI - Khóa 22,2.7,Lê Kim Lợi,2,BD22AI031,struggling
2024/2025,9.7,99.7,AI303_K22_2024_2025_S2,Đạo đức & Pháp luật trong AI (K22),vuvansonbd22ai032@gmail.com,4.7,7.3,B,Khoa AI - Khóa 22,5.1,Vũ Văn Sơn,2,BD22AI032,diligent_but_low
2024/2025,8.7,58.2,AI303_K22_2024_2025_S2,Đạo đức & Pháp luật trong AI (K22),lyhuuphucbd22ai033@gmail.com,8.8,8.2,B,Khoa AI - Khóa 22,9.8,Lý Hữu Phúc,2,BD22AI033,talented_but_lazy
2024/2025,8.3,58.3,AI303_K22_2024_2025_S2,Đạo đức & Pháp luật trong AI (K22),phankimtungbd22ai034@gmail.com,9.4,8.4,B,Khoa AI - Khóa 22,8.8,Phan Kim Tùng,2,BD22AI034,talented_but_lazy
2024/2025,8.8,86.6,AI303_K22_2024_2025_S2,Đạo đức & Pháp luật trong AI (K22),lexuannambd22ai035@gmail.com,7.5,8.1,B,Khoa AI - Khóa 22,6.4,Lê Xuân Nam,2,BD22AI035,average
2024/2025,9.4,97.0,AI303_K22_2024_2025_S2,Đạo đức & Pháp luật trong AI (K22),phamthiphucbd22ai036@gmail.com,3.0,6.3,C,Khoa AI - Khóa 22,4.7,Phạm Thị Phúc,2,BD22AI036,diligent_but_low
2024/2025,7.4,61.6,AI303_K22_2024_2025_S2,Đạo đức & Pháp luật trong AI (K22),lyngocquanbd22ai037@gmail.com,9.0,7.9,B,Khoa AI - Khóa 22,9.9,Lý Ngọc Quân,2,BD22AI037,talented_but_lazy
2024/2025,9.8,96.8,AI303_K22_2024_2025_S2,Đạo đức & Pháp luật trong AI (K22),đangngoctungbd22ai038@gmail.com,9.7,9.7,A,Khoa AI - Khóa 22,9.0,Đặng Ngọc Tùng,2,BD22AI038,excellent
2024/2025,9.2,98.1,AI303_K22_2024_2025_S2,Đạo đức & Pháp luật trong AI (K22),phanvanlinhbd22ai039@gmail.com,5.3,7.4,B,Khoa AI - Khóa 22,3.5,Phan Văn Linh,2,BD22AI039,diligent_but_low
2024/2025,9.5,97.1,AI303_K22_2024_2025_S2,Đạo đức & Pháp luật trong AI (K22),phanthanhlinhbd22ai040@gmail.com,3.1,6.4,C,Khoa AI - Khóa 22,4.9,Phan Thanh Linh,2,BD22AI040,diligent_but_low
2024/2025,7.3,81.3,AI201_K23_2024_2025_S1,Machine Learning (Học máy) (K23),lyhaibinhbd23ai001@gmail.com,8.0,7.8,B,Khoa AI - Khóa 23,6.6,Lý Hải Bình,1,BD23AI001,average
2024/2025,4.3,55.1,AI201_K23_2024_2025_S1,Machine Learning (Học máy) (K23),vuthianbd23ai002@gmail.com,4.1,4.5,D,Khoa AI - Khóa 23,2.3,Vũ Thị An,1,BD23AI002,struggling
2024/2025,7.4,58.4,AI201_K23_2024_2025_S1,Machine Learning (Học máy) (K23),đangngockienbd23ai003@gmail.com,9.3,8.0,B,Khoa AI - Khóa 23,9.1,Đặng Ngọc Kiên,1,BD23AI003,talented_but_lazy
2024/2025,8.5,42.5,AI201_K23_2024_2025_S1,Machine Learning (Học máy) (K23),huynhtuanhabd23ai004@gmail.com,8.9,7.8,B,Khoa AI - Khóa 23,8.9,Huỳnh Tuấn Hà,1,BD23AI004,talented_but_lazy
2024/2025,2.3,62.2,AI201_K23_2024_2025_S1,Machine Learning (Học máy) (K23),duongthicuongbd23ai005@gmail.com,4.1,4.0,D,Khoa AI - Khóa 23,2.7,Dương Thị Cường,1,BD23AI005,struggling
2024/2025,8.6,92.7,AI201_K23_2024_2025_S1,Machine Learning (Học máy) (K23),duongkimtungbd23ai006@gmail.com,5.8,7.3,B,Khoa AI - Khóa 23,7.4,Dương Kim Tùng,1,BD23AI006,average
2024/2025,4.0,42.9,AI201_K23_2024_2025_S1,Machine Learning (Học máy) (K23),đangtuansonbd23ai007@gmail.com,2.4,3.3,F,Khoa AI - Khóa 23,2.2,Đặng Tuấn Sơn,1,BD23AI007,struggling
2024/2025,9.7,99.2,AI201_K23_2024_2025_S1,Machine Learning (Học máy) (K23),nguyenkimvinhbd23ai008@gmail.com,5.3,7.6,B,Khoa AI - Khóa 23,4.0,Nguyễn Kim Vinh,1,BD23AI008,diligent_but_low
2024/2025,2.3,46.4,AI201_K23_2024_2025_S1,Machine Learning (Học máy) (K23),vokimhabd23ai009@gmail.com,1.2,2.2,F,Khoa AI - Khóa 23,3.9,Võ Kim Hà,1,BD23AI009,struggling
2024/2025,7.1,47.1,AI201_K23_2024_2025_S1,Machine Learning (Học máy) (K23),phamngocminhbd23ai010@gmail.com,8.5,7.3,B,Khoa AI - Khóa 23,9.4,Phạm Ngọc Minh,1,BD23AI010,talented_but_lazy
2024/2025,7.7,60.3,AI201_K23_2024_2025_S1,Machine Learning (Học máy) (K23),vothisonbd23ai011@gmail.com,8.7,7.9,B,Khoa AI - Khóa 23,8.9,Võ Thị Sơn,1,BD23AI011,talented_but_lazy
2024/2025,9.1,96.1,AI201_K23_2024_2025_S1,Machine Learning (Học máy) (K23),đothanhcuongbd23ai012@gmail.com,3.7,6.5,C,Khoa AI - Khóa 23,4.8,Đỗ Thanh Cường,1,BD23AI012,diligent_but_low
2024/2025,7.8,78.8,AI201_K23_2024_2025_S1,Machine Learning (Học máy) (K23),đangtuanvinhbd23ai013@gmail.com,6.9,7.4,B,Khoa AI - Khóa 23,7.2,Đặng Tuấn Vinh,1,BD23AI013,average
2024/2025,7.4,44.2,AI201_K23_2024_2025_S1,Machine Learning (Học máy) (K23),tranhuuvinhbd23ai014@gmail.com,9.4,7.8,B,Khoa AI - Khóa 23,10.0,Trần Hữu Vinh,1,BD23AI014,talented_but_lazy
2024/2025,10.0,98.8,AI201_K23_2024_2025_S1,Machine Learning (Học máy) (K23),lethanhanbd23ai015@gmail.com,3.8,6.9,C,Khoa AI - Khóa 23,3.3,Lê Thanh An,1,BD23AI015,diligent_but_low
2024/2025,4.0,58.6,AI201_K23_2024_2025_S1,Machine Learning (Học máy) (K23),vuquanganbd23ai016@gmail.com,4.2,4.5,D,Khoa AI - Khóa 23,2.0,Vũ Quang An,1,BD23AI016,struggling
2024/2025,3.8,53.2,AI201_K23_2024_2025_S1,Machine Learning (Học máy) (K23),vuminhkienbd23ai017@gmail.com,2.1,3.2,F,Khoa AI - Khóa 23,3.8,Vũ Minh Kiên,1,BD23AI017,struggling
2024/2025,3.1,74.7,AI201_K23_2024_2025_S1,Machine Learning (Học máy) (K23),lyvancuongbd23ai018@gmail.com,3.4,4.1,D,Khoa AI - Khóa 23,1.5,Lý Văn Cường,1,BD23AI018,struggling
2024/2025,9.3,96.7,AI201_K23_2024_2025_S1,Machine Learning (Học máy) (K23),tranhaisonbd23ai019@gmail.com,4.1,6.8,C,Khoa AI - Khóa 23,3.4,Trần Hải Sơn,1,BD23AI019,diligent_but_low
2024/2025,9.0,99.3,AI201_K23_2024_2025_S1,Machine Learning (Học máy) (K23),huynhngocphucbd23ai020@gmail.com,3.1,6.2,C,Khoa AI - Khóa 23,4.2,Huỳnh Ngọc Phúc,1,BD23AI020,diligent_but_low
2024/2025,9.9,99.3,AI201_K23_2024_2025_S1,Machine Learning (Học máy) (K23),voquangkienbd23ai021@gmail.com,9.4,9.7,A,Khoa AI - Khóa 23,9.3,Võ Quang Kiên,1,BD23AI021,excellent
2024/2025,4.9,58.8,AI201_K23_2024_2025_S1,Machine Learning (Học máy) (K23),hokimhabd23ai022@gmail.com,3.7,4.5,D,Khoa AI - Khóa 23,1.6,Hồ Kim Hà,1,BD23AI022,struggling
2024/2025,4.6,70.2,AI201_K23_2024_2025_S1,Machine Learning (Học máy) (K23),hoxuanquanbd23ai023@gmail.com,3.2,4.4,D,Khoa AI - Khóa 23,4.0,Hồ Xuân Quân,1,BD23AI023,struggling
2024/2025,8.1,92.3,AI201_K23_2024_2025_S1,Machine Learning (Học máy) (K23),hođucvinhbd23ai024@gmail.com,7.2,7.8,B,Khoa AI - Khóa 23,6.1,Hồ Đức Vinh,1,BD23AI024,average
2024/2025,8.4,78.7,AI201_K23_2024_2025_S1,Machine Learning (Học máy) (K23),phamquanganbd23ai025@gmail.com,6.2,7.2,B,Khoa AI - Khóa 23,6.0,Phạm Quang An,1,BD23AI025,average
2024/2025,8.2,84.8,AI201_K23_2024_2025_S1,Machine Learning (Học máy) (K23),vođucloibd23ai026@gmail.com,7.6,7.9,B,Khoa AI - Khóa 23,5.8,Võ Đức Lợi,1,BD23AI026,average
2024/2025,8.3,55.7,AI201_K23_2024_2025_S1,Machine Learning (Học máy) (K23),lythanhcuongbd23ai027@gmail.com,8.8,8.0,B,Khoa AI - Khóa 23,8.6,Lý Thanh Cường,1,BD23AI027,talented_but_lazy
2024/2025,4.4,69.6,AI201_K23_2024_2025_S1,Machine Learning (Học máy) (K23),hoanghuuanbd23ai028@gmail.com,1.1,3.3,F,Khoa AI - Khóa 23,1.7,Hoàng Hữu An,1,BD23AI028,struggling
2024/2025,2.9,74.0,AI201_K23_2024_2025_S1,Machine Learning (Học máy) (K23),lekimminhbd23ai029@gmail.com,2.6,3.7,F,Khoa AI - Khóa 23,4.5,Lê Kim Minh,1,BD23AI029,struggling
2024/2025,10.0,97.8,AI201_K23_2024_2025_S1,Machine Learning (Học máy) (K23),đangvancuongbd23ai030@gmail.com,9.3,9.6,A,Khoa AI - Khóa 23,9.4,Đặng Văn Cường,1,BD23AI030,excellent
2024/2025,7.6,59.0,AI201_K23_2024_2025_S1,Machine Learning (Học máy) (K23),nguyenkimcuongbd23ai031@gmail.com,9.9,8.4,B,Khoa AI - Khóa 23,9.0,Nguyễn Kim Cường,1,BD23AI031,talented_but_lazy
2024/2025,9.3,97.1,AI201_K23_2024_2025_S1,Machine Learning (Học máy) (K23),hoangthanhquanbd23ai032@gmail.com,4.3,6.9,C,Khoa AI - Khóa 23,3.2,Hoàng Thanh Quân,1,BD23AI032,diligent_but_low
2024/2025,9.9,94.1,AI201_K23_2024_2025_S1,Machine Learning (Học máy) (K23),phamhaisonbd23ai033@gmail.com,9.1,9.4,A,Khoa AI - Khóa 23,9.5,Phạm Hải Sơn,1,BD23AI033,excellent
2024/2025,9.1,97.3,AI201_K23_2024_2025_S1,Machine Learning (Học máy) (K23),vungochabd23ai034@gmail.com,4.1,6.7,C,Khoa AI - Khóa 23,3.5,Vũ Ngọc Hà,1,BD23AI034,diligent_but_low
2024/2025,4.9,61.0,AI201_K23_2024_2025_S1,Machine Learning (Học máy) (K23),hovansonbd23ai035@gmail.com,3.5,4.4,D,Khoa AI - Khóa 23,2.5,Hồ Văn Sơn,1,BD23AI035,struggling
2024/2025,9.4,96.8,AI201_K23_2024_2025_S1,Machine Learning (Học máy) (K23),nguyenvanhungbd23ai036@gmail.com,9.8,9.7,A,Khoa AI - Khóa 23,9.2,Nguyễn Văn Hùng,1,BD23AI036,excellent
2024/2025,8.4,89.3,AI201_K23_2024_2025_S1,Machine Learning (Học máy) (K23),hoangngocphucbd23ai037@gmail.com,7.9,8.2,B,Khoa AI - Khóa 23,6.5,Hoàng Ngọc Phúc,1,BD23AI037,average
2024/2025,7.2,53.2,AI201_K23_2024_2025_S1,Machine Learning (Học máy) (K23),ngovankienbd23ai038@gmail.com,8.9,7.7,B,Khoa AI - Khóa 23,9.3,Ngô Văn Kiên,1,BD23AI038,talented_but_lazy
2024/2025,7.0,92.2,AI201_K23_2024_2025_S1,Machine Learning (Học máy) (K23),vukimnambd23ai039@gmail.com,6.5,7.2,B,Khoa AI - Khóa 23,7.9,Vũ Kim Nam,1,BD23AI039,average
2024/2025,8.6,55.1,AI201_K23_2024_2025_S1,Machine Learning (Học máy) (K23),đangtuanhabd23ai040@gmail.com,9.9,8.6,A,Khoa AI - Khóa 23,9.0,Đặng Tuấn Hà,1,BD23AI040,talented_but_lazy
2024/2025,7.4,83.4,AI202_K23_2024_2025_S1,Deep Learning (Học sâu) (K23),lyhaibinhbd23ai001@gmail.com,5.2,6.5,C,Khoa AI - Khóa 23,6.3,Lý Hải Bình,1,BD23AI001,average
2024/2025,4.7,53.6,AI202_K23_2024_2025_S1,Deep Learning (Học sâu) (K23),vuthianbd23ai002@gmail.com,1.6,3.3,F,Khoa AI - Khóa 23,2.9,Vũ Thị An,1,BD23AI002,struggling
2024/2025,7.6,43.7,AI202_K23_2024_2025_S1,Deep Learning (Học sâu) (K23),đangngockienbd23ai003@gmail.com,8.5,7.4,B,Khoa AI - Khóa 23,8.6,Đặng Ngọc Kiên,1,BD23AI003,talented_but_lazy
2024/2025,9.0,58.1,AI202_K23_2024_2025_S1,Deep Learning (Học sâu) (K23),huynhtuanhabd23ai004@gmail.com,9.9,8.8,A,Khoa AI - Khóa 23,9.6,Huỳnh Tuấn Hà,1,BD23AI004,talented_but_lazy
2024/2025,4.6,41.7,AI202_K23_2024_2025_S1,Deep Learning (Học sâu) (K23),duongthicuongbd23ai005@gmail.com,3.9,4.1,D,Khoa AI - Khóa 23,2.7,Dương Thị Cường,1,BD23AI005,struggling
2024/2025,7.2,71.5,AI202_K23_2024_2025_S1,Deep Learning (Học sâu) (K23),duongkimtungbd23ai006@gmail.com,7.3,7.2,B,Khoa AI - Khóa 23,7.2,Dương Kim Tùng,1,BD23AI006,average
2024/2025,2.7,41.8,AI202_K23_2024_2025_S1,Deep Learning (Học sâu) (K23),đangtuansonbd23ai007@gmail.com,2.6,3.0,F,Khoa AI - Khóa 23,3.0,Đặng Tuấn Sơn,1,BD23AI007,struggling
2024/2025,9.1,98.0,AI202_K23_2024_2025_S1,Deep Learning (Học sâu) (K23),nguyenkimvinhbd23ai008@gmail.com,4.7,7.0,B,Khoa AI - Khóa 23,5.3,Nguyễn Kim Vinh,1,BD23AI008,diligent_but_low
2024/2025,4.9,64.7,AI202_K23_2024_2025_S1,Deep Learning (Học sâu) (K23),vokimhabd23ai009@gmail.com,1.8,3.7,F,Khoa AI - Khóa 23,1.6,Võ Kim Hà,1,BD23AI009,struggling
2024/2025,7.4,59.4,AI202_K23_2024_2025_S1,Deep Learning (Học sâu) (K23),phamngocminhbd23ai010@gmail.com,10.0,8.4,B,Khoa AI - Khóa 23,9.4,Phạm Ngọc Minh,1,BD23AI010,talented_but_lazy
2024/2025,7.6,46.8,AI202_K23_2024_2025_S1,Deep Learning (Học sâu) (K23),vothisonbd23ai011@gmail.com,8.6,7.5,B,Khoa AI - Khóa 23,9.8,Võ Thị Sơn,1,BD23AI011,talented_but_lazy
2024/2025,9.7,98.2,AI202_K23_2024_2025_S1,Deep Learning (Học sâu) (K23),đothanhcuongbd23ai012@gmail.com,5.0,7.4,B,Khoa AI - Khóa 23,4.8,Đỗ Thanh Cường,1,BD23AI012,diligent_but_low
2024/2025,8.3,73.0,AI202_K23_2024_2025_S1,Deep Learning (Học sâu) (K23),đangtuanvinhbd23ai013@gmail.com,6.8,7.4,B,Khoa AI - Khóa 23,5.6,Đặng Tuấn Vinh,1,BD23AI013,average
2024/2025,9.0,40.1,AI202_K23_2024_2025_S1,Deep Learning (Học sâu) (K23),tranhuuvinhbd23ai014@gmail.com,9.9,8.5,A,Khoa AI - Khóa 23,9.0,Trần Hữu Vinh,1,BD23AI014,talented_but_lazy
2024/2025,10.0,96.3,AI202_K23_2024_2025_S1,Deep Learning (Học sâu) (K23),lethanhanbd23ai015@gmail.com,5.5,7.6,B,Khoa AI - Khóa 23,3.0,Lê Thanh An,1,BD23AI015,diligent_but_low
2024/2025,3.5,58.5,AI202_K23_2024_2025_S1,Deep Learning (Học sâu) (K23),vuquanganbd23ai016@gmail.com,2.0,3.2,F,Khoa AI - Khóa 23,1.8,Vũ Quang An,1,BD23AI016,struggling
2024/2025,4.4,55.5,AI202_K23_2024_2025_S1,Deep Learning (Học sâu) (K23),vuminhkienbd23ai017@gmail.com,3.9,4.4,D,Khoa AI - Khóa 23,4.4,Vũ Minh Kiên,1,BD23AI017,struggling
2024/2025,2.2,53.1,AI202_K23_2024_2025_S1,Deep Learning (Học sâu) (K23),lyvancuongbd23ai018@gmail.com,3.3,3.4,F,Khoa AI - Khóa 23,4.1,Lý Văn Cường,1,BD23AI018,struggling
2024/2025,9.0,98.2,AI202_K23_2024_2025_S1,Deep Learning (Học sâu) (K23),tranhaisonbd23ai019@gmail.com,3.1,6.2,C,Khoa AI - Khóa 23,5.3,Trần Hải Sơn,1,BD23AI019,diligent_but_low
2024/2025,9.6,97.7,AI202_K23_2024_2025_S1,Deep Learning (Học sâu) (K23),huynhngocphucbd23ai020@gmail.com,3.2,6.4,C,Khoa AI - Khóa 23,4.1,Huỳnh Ngọc Phúc,1,BD23AI020,diligent_but_low
2024/2025,9.8,96.1,AI202_K23_2024_2025_S1,Deep Learning (Học sâu) (K23),voquangkienbd23ai021@gmail.com,9.7,9.7,A,Khoa AI - Khóa 23,9.3,Võ Quang Kiên,1,BD23AI021,excellent
2024/2025,2.9,59.3,AI202_K23_2024_2025_S1,Deep Learning (Học sâu) (K23),hokimhabd23ai022@gmail.com,1.6,2.9,F,Khoa AI - Khóa 23,2.2,Hồ Kim Hà,1,BD23AI022,struggling
2024/2025,4.4,62.6,AI202_K23_2024_2025_S1,Deep Learning (Học sâu) (K23),hoxuanquanbd23ai023@gmail.com,1.9,3.5,F,Khoa AI - Khóa 23,4.1,Hồ Xuân Quân,1,BD23AI023,struggling
2024/2025,7.3,76.5,AI202_K23_2024_2025_S1,Deep Learning (Học sâu) (K23),hođucvinhbd23ai024@gmail.com,6.3,6.8,C,Khoa AI - Khóa 23,6.8,Hồ Đức Vinh,1,BD23AI024,average
2024/2025,7.1,75.8,AI202_K23_2024_2025_S1,Deep Learning (Học sâu) (K23),phamquanganbd23ai025@gmail.com,7.7,7.5,B,Khoa AI - Khóa 23,6.9,Phạm Quang An,1,BD23AI025,average
2024/2025,7.1,88.0,AI202_K23_2024_2025_S1,Deep Learning (Học sâu) (K23),vođucloibd23ai026@gmail.com,6.4,7.1,B,Khoa AI - Khóa 23,6.7,Võ Đức Lợi,1,BD23AI026,average
2024/2025,8.8,55.3,AI202_K23_2024_2025_S1,Deep Learning (Học sâu) (K23),lythanhcuongbd23ai027@gmail.com,9.4,8.5,A,Khoa AI - Khóa 23,8.5,Lý Thanh Cường,1,BD23AI027,talented_but_lazy
2024/2025,2.2,65.7,AI202_K23_2024_2025_S1,Deep Learning (Học sâu) (K23),hoanghuuanbd23ai028@gmail.com,1.8,2.9,F,Khoa AI - Khóa 23,3.2,Hoàng Hữu An,1,BD23AI028,struggling
2024/2025,2.5,66.3,AI202_K23_2024_2025_S1,Deep Learning (Học sâu) (K23),lekimminhbd23ai029@gmail.com,1.3,2.7,F,Khoa AI - Khóa 23,4.3,Lê Kim Minh,1,BD23AI029,struggling
2024/2025,9.8,99.3,AI202_K23_2024_2025_S1,Deep Learning (Học sâu) (K23),đangvancuongbd23ai030@gmail.com,9.5,9.7,A,Khoa AI - Khóa 23,9.5,Đặng Văn Cường,1,BD23AI030,excellent
2024/2025,7.7,63.7,AI202_K23_2024_2025_S1,Deep Learning (Học sâu) (K23),nguyenkimcuongbd23ai031@gmail.com,9.6,8.4,B,Khoa AI - Khóa 23,8.8,Nguyễn Kim Cường,1,BD23AI031,talented_but_lazy
2024/2025,9.9,99.6,AI202_K23_2024_2025_S1,Deep Learning (Học sâu) (K23),hoangthanhquanbd23ai032@gmail.com,5.0,7.5,B,Khoa AI - Khóa 23,4.2,Hoàng Thanh Quân,1,BD23AI032,diligent_but_low
2024/2025,10.0,98.3,AI202_K23_2024_2025_S1,Deep Learning (Học sâu) (K23),phamhaisonbd23ai033@gmail.com,9.6,9.7,A,Khoa AI - Khóa 23,9.1,Phạm Hải Sơn,1,BD23AI033,excellent
2024/2025,9.2,97.3,AI202_K23_2024_2025_S1,Deep Learning (Học sâu) (K23),vungochabd23ai034@gmail.com,3.1,6.3,C,Khoa AI - Khóa 23,5.5,Vũ Ngọc Hà,1,BD23AI034,diligent_but_low
2024/2025,4.2,45.7,AI202_K23_2024_2025_S1,Deep Learning (Học sâu) (K23),hovansonbd23ai035@gmail.com,1.5,3.0,F,Khoa AI - Khóa 23,3.9,Hồ Văn Sơn,1,BD23AI035,struggling
2024/2025,9.6,98.0,AI202_K23_2024_2025_S1,Deep Learning (Học sâu) (K23),nguyenvanhungbd23ai036@gmail.com,9.4,9.5,A,Khoa AI - Khóa 23,9.6,Nguyễn Văn Hùng,1,BD23AI036,excellent
2024/2025,7.1,83.8,AI202_K23_2024_2025_S1,Deep Learning (Học sâu) (K23),hoangngocphucbd23ai037@gmail.com,5.9,6.7,C,Khoa AI - Khóa 23,5.9,Hoàng Ngọc Phúc,1,BD23AI037,average
2024/2025,7.6,50.7,AI202_K23_2024_2025_S1,Deep Learning (Học sâu) (K23),ngovankienbd23ai038@gmail.com,9.4,8.0,B,Khoa AI - Khóa 23,8.9,Ngô Văn Kiên,1,BD23AI038,talented_but_lazy
2024/2025,7.0,87.5,AI202_K23_2024_2025_S1,Deep Learning (Học sâu) (K23),vukimnambd23ai039@gmail.com,6.8,7.2,B,Khoa AI - Khóa 23,7.8,Vũ Kim Nam,1,BD23AI039,average
2024/2025,8.1,40.9,AI202_K23_2024_2025_S1,Deep Learning (Học sâu) (K23),đangtuanhabd23ai040@gmail.com,9.7,8.1,B,Khoa AI - Khóa 23,9.7,Đặng Tuấn Hà,1,BD23AI040,talented_but_lazy
2024/2025,7.7,77.2,AI203_K23_2024_2025_S2,Computer Vision (Thị giác máy tính) (K23),lyhaibinhbd23ai001@gmail.com,6.2,7.0,B,Khoa AI - Khóa 23,6.5,Lý Hải Bình,2,BD23AI001,average
2024/2025,4.9,56.9,AI203_K23_2024_2025_S2,Computer Vision (Thị giác máy tính) (K23),vuthianbd23ai002@gmail.com,3.0,4.1,D,Khoa AI - Khóa 23,3.5,Vũ Thị An,2,BD23AI002,struggling
2024/2025,8.2,57.3,AI203_K23_2024_2025_S2,Computer Vision (Thị giác máy tính) (K23),đangngockienbd23ai003@gmail.com,9.6,8.4,B,Khoa AI - Khóa 23,9.3,Đặng Ngọc Kiên,2,BD23AI003,talented_but_lazy
2024/2025,7.2,44.4,AI203_K23_2024_2025_S2,Computer Vision (Thị giác máy tính) (K23),huynhtuanhabd23ai004@gmail.com,9.6,7.9,B,Khoa AI - Khóa 23,9.9,Huỳnh Tuấn Hà,2,BD23AI004,talented_but_lazy
2024/2025,3.8,56.9,AI203_K23_2024_2025_S2,Computer Vision (Thị giác máy tính) (K23),duongthicuongbd23ai005@gmail.com,2.9,3.8,F,Khoa AI - Khóa 23,4.0,Dương Thị Cường,2,BD23AI005,struggling
2024/2025,8.0,94.2,AI203_K23_2024_2025_S2,Computer Vision (Thị giác máy tính) (K23),duongkimtungbd23ai006@gmail.com,5.8,7.2,B,Khoa AI - Khóa 23,6.1,Dương Kim Tùng,2,BD23AI006,average
2024/2025,2.7,72.4,AI203_K23_2024_2025_S2,Computer Vision (Thị giác máy tính) (K23),đangtuansonbd23ai007@gmail.com,1.9,3.2,F,Khoa AI - Khóa 23,1.6,Đặng Tuấn Sơn,2,BD23AI007,struggling
2024/2025,9.6,97.5,AI203_K23_2024_2025_S2,Computer Vision (Thị giác máy tính) (K23),nguyenkimvinhbd23ai008@gmail.com,3.6,6.6,C,Khoa AI - Khóa 23,5.1,Nguyễn Kim Vinh,2,BD23AI008,diligent_but_low
2024/2025,2.4,41.0,AI203_K23_2024_2025_S2,Computer Vision (Thị giác máy tính) (K23),vokimhabd23ai009@gmail.com,2.1,2.6,F,Khoa AI - Khóa 23,4.4,Võ Kim Hà,2,BD23AI009,struggling
2024/2025,7.5,41.9,AI203_K23_2024_2025_S2,Computer Vision (Thị giác máy tính) (K23),phamngocminhbd23ai010@gmail.com,9.4,7.8,B,Khoa AI - Khóa 23,9.9,Phạm Ngọc Minh,2,BD23AI010,talented_but_lazy
2024/2025,7.3,44.3,AI203_K23_2024_2025_S2,Computer Vision (Thị giác máy tính) (K23),vothisonbd23ai011@gmail.com,9.6,7.9,B,Khoa AI - Khóa 23,8.9,Võ Thị Sơn,2,BD23AI011,talented_but_lazy
2024/2025,9.7,97.3,AI203_K23_2024_2025_S2,Computer Vision (Thị giác máy tính) (K23),đothanhcuongbd23ai012@gmail.com,5.2,7.5,B,Khoa AI - Khóa 23,3.6,Đỗ Thanh Cường,2,BD23AI012,diligent_but_low
2024/2025,7.2,72.5,AI203_K23_2024_2025_S2,Computer Vision (Thị giác máy tính) (K23),đangtuanvinhbd23ai013@gmail.com,7.3,7.3,B,Khoa AI - Khóa 23,6.5,Đặng Tuấn Vinh,2,BD23AI013,average
2024/2025,7.1,48.9,AI203_K23_2024_2025_S2,Computer Vision (Thị giác máy tính) (K23),tranhuuvinhbd23ai014@gmail.com,9.7,7.9,B,Khoa AI - Khóa 23,9.2,Trần Hữu Vinh,2,BD23AI014,talented_but_lazy
2024/2025,9.1,98.7,AI203_K23_2024_2025_S2,Computer Vision (Thị giác máy tính) (K23),lethanhanbd23ai015@gmail.com,3.8,6.6,C,Khoa AI - Khóa 23,3.2,Lê Thanh An,2,BD23AI015,diligent_but_low
2024/2025,3.1,68.4,AI203_K23_2024_2025_S2,Computer Vision (Thị giác máy tính) (K23),vuquanganbd23ai016@gmail.com,1.7,3.1,F,Khoa AI - Khóa 23,4.2,Vũ Quang An,2,BD23AI016,struggling
2024/2025,4.0,63.0,AI203_K23_2024_2025_S2,Computer Vision (Thị giác máy tính) (K23),vuminhkienbd23ai017@gmail.com,2.2,3.6,F,Khoa AI - Khóa 23,1.9,Vũ Minh Kiên,2,BD23AI017,struggling
2024/2025,3.8,44.2,AI203_K23_2024_2025_S2,Computer Vision (Thị giác máy tính) (K23),lyvancuongbd23ai018@gmail.com,3.8,3.9,F,Khoa AI - Khóa 23,3.6,Lý Văn Cường,2,BD23AI018,struggling
2024/2025,9.6,100.0,AI203_K23_2024_2025_S2,Computer Vision (Thị giác máy tính) (K23),tranhaisonbd23ai019@gmail.com,5.5,7.6,B,Khoa AI - Khóa 23,3.1,Trần Hải Sơn,2,BD23AI019,diligent_but_low
2024/2025,9.8,98.4,AI203_K23_2024_2025_S2,Computer Vision (Thị giác máy tính) (K23),huynhngocphucbd23ai020@gmail.com,5.3,7.5,B,Khoa AI - Khóa 23,4.1,Huỳnh Ngọc Phúc,2,BD23AI020,diligent_but_low
2024/2025,9.7,96.0,AI203_K23_2024_2025_S2,Computer Vision (Thị giác máy tính) (K23),voquangkienbd23ai021@gmail.com,9.3,9.5,A,Khoa AI - Khóa 23,9.6,Võ Quang Kiên,2,BD23AI021,excellent
2024/2025,4.4,67.6,AI203_K23_2024_2025_S2,Computer Vision (Thị giác máy tính) (K23),hokimhabd23ai022@gmail.com,4.0,4.7,D,Khoa AI - Khóa 23,1.7,Hồ Kim Hà,2,BD23AI022,struggling
2024/2025,4.3,70.9,AI203_K23_2024_2025_S2,Computer Vision (Thị giác máy tính) (K23),hoxuanquanbd23ai023@gmail.com,2.4,3.9,F,Khoa AI - Khóa 23,4.3,Hồ Xuân Quân,2,BD23AI023,struggling
2024/2025,8.7,80.1,AI203_K23_2024_2025_S2,Computer Vision (Thị giác máy tính) (K23),hođucvinhbd23ai024@gmail.com,7.1,7.8,B,Khoa AI - Khóa 23,6.6,Hồ Đức Vinh,2,BD23AI024,average
2024/2025,6.9,81.6,AI203_K23_2024_2025_S2,Computer Vision (Thị giác máy tính) (K23),phamquanganbd23ai025@gmail.com,7.7,7.6,B,Khoa AI - Khóa 23,6.9,Phạm Quang An,2,BD23AI025,average
2024/2025,7.8,89.4,AI203_K23_2024_2025_S2,Computer Vision (Thị giác máy tính) (K23),vođucloibd23ai026@gmail.com,5.7,7.0,B,Khoa AI - Khóa 23,6.7,Võ Đức Lợi,2,BD23AI026,average
2024/2025,8.0,64.1,AI203_K23_2024_2025_S2,Computer Vision (Thị giác máy tính) (K23),lythanhcuongbd23ai027@gmail.com,9.3,8.3,B,Khoa AI - Khóa 23,9.7,Lý Thanh Cường,2,BD23AI027,talented_but_lazy
2024/2025,4.2,47.3,AI203_K23_2024_2025_S2,Computer Vision (Thị giác máy tính) (K23),hoanghuuanbd23ai028@gmail.com,1.5,3.0,F,Khoa AI - Khóa 23,1.6,Hoàng Hữu An,2,BD23AI028,struggling
2024/2025,4.8,61.1,AI203_K23_2024_2025_S2,Computer Vision (Thị giác máy tính) (K23),lekimminhbd23ai029@gmail.com,2.6,4.0,D,Khoa AI - Khóa 23,2.8,Lê Kim Minh,2,BD23AI029,struggling
2024/2025,9.8,97.2,AI203_K23_2024_2025_S2,Computer Vision (Thị giác máy tính) (K23),đangvancuongbd23ai030@gmail.com,9.4,9.6,A,Khoa AI - Khóa 23,9.7,Đặng Văn Cường,2,BD23AI030,excellent
2024/2025,8.7,63.5,AI203_K23_2024_2025_S2,Computer Vision (Thị giác máy tính) (K23),nguyenkimcuongbd23ai031@gmail.com,8.9,8.4,B,Khoa AI - Khóa 23,8.7,Nguyễn Kim Cường,2,BD23AI031,talented_but_lazy
2024/2025,9.2,96.6,AI203_K23_2024_2025_S2,Computer Vision (Thị giác máy tính) (K23),hoangthanhquanbd23ai032@gmail.com,5.0,7.2,B,Khoa AI - Khóa 23,3.0,Hoàng Thanh Quân,2,BD23AI032,diligent_but_low
2024/2025,9.8,99.0,AI203_K23_2024_2025_S2,Computer Vision (Thị giác máy tính) (K23),phamhaisonbd23ai033@gmail.com,9.2,9.5,A,Khoa AI - Khóa 23,9.9,Phạm Hải Sơn,2,BD23AI033,excellent
2024/2025,9.1,96.0,AI203_K23_2024_2025_S2,Computer Vision (Thị giác máy tính) (K23),vungochabd23ai034@gmail.com,5.1,7.2,B,Khoa AI - Khóa 23,5.2,Vũ Ngọc Hà,2,BD23AI034,diligent_but_low
2024/2025,2.9,53.5,AI203_K23_2024_2025_S2,Computer Vision (Thị giác máy tính) (K23),hovansonbd23ai035@gmail.com,3.2,3.5,F,Khoa AI - Khóa 23,4.3,Hồ Văn Sơn,2,BD23AI035,struggling
2024/2025,9.8,99.1,AI203_K23_2024_2025_S2,Computer Vision (Thị giác máy tính) (K23),nguyenvanhungbd23ai036@gmail.com,9.1,9.5,A,Khoa AI - Khóa 23,9.9,Nguyễn Văn Hùng,2,BD23AI036,excellent
2024/2025,8.5,80.1,AI203_K23_2024_2025_S2,Computer Vision (Thị giác máy tính) (K23),hoangngocphucbd23ai037@gmail.com,5.4,6.9,C,Khoa AI - Khóa 23,8.0,Hoàng Ngọc Phúc,2,BD23AI037,average
2024/2025,7.7,56.3,AI203_K23_2024_2025_S2,Computer Vision (Thị giác máy tính) (K23),ngovankienbd23ai038@gmail.com,8.9,7.9,B,Khoa AI - Khóa 23,8.9,Ngô Văn Kiên,2,BD23AI038,talented_but_lazy
2024/2025,7.9,77.4,AI203_K23_2024_2025_S2,Computer Vision (Thị giác máy tính) (K23),vukimnambd23ai039@gmail.com,6.0,6.9,C,Khoa AI - Khóa 23,7.4,Vũ Kim Nam,2,BD23AI039,average
2024/2025,9.1,40.3,AI203_K23_2024_2025_S2,Computer Vision (Thị giác máy tính) (K23),đangtuanhabd23ai040@gmail.com,9.5,8.3,B,Khoa AI - Khóa 23,9.4,Đặng Tuấn Hà,2,BD23AI040,talented_but_lazy
2024/2025,7.4,72.0,AI204_K23_2024_2025_S2,Natural Language Processing (NLP) (K23),lyhaibinhbd23ai001@gmail.com,5.7,6.5,C,Khoa AI - Khóa 23,7.1,Lý Hải Bình,2,BD23AI001,average
2024/2025,4.8,44.5,AI204_K23_2024_2025_S2,Natural Language Processing (NLP) (K23),vuthianbd23ai002@gmail.com,3.8,4.3,D,Khoa AI - Khóa 23,1.9,Vũ Thị An,2,BD23AI002,struggling
2024/2025,7.8,50.5,AI204_K23_2024_2025_S2,Natural Language Processing (NLP) (K23),đangngockienbd23ai003@gmail.com,9.7,8.2,B,Khoa AI - Khóa 23,10.0,Đặng Ngọc Kiên,2,BD23AI003,talented_but_lazy
2024/2025,8.3,62.6,AI204_K23_2024_2025_S2,Natural Language Processing (NLP) (K23),huynhtuanhabd23ai004@gmail.com,9.5,8.5,A,Khoa AI - Khóa 23,9.8,Huỳnh Tuấn Hà,2,BD23AI004,talented_but_lazy
2024/2025,3.9,61.5,AI204_K23_2024_2025_S2,Natural Language Processing (NLP) (K23),duongthicuongbd23ai005@gmail.com,2.4,3.6,F,Khoa AI - Khóa 23,2.1,Dương Thị Cường,2,BD23AI005,struggling
2024/2025,7.1,79.3,AI204_K23_2024_2025_S2,Natural Language Processing (NLP) (K23),duongkimtungbd23ai006@gmail.com,7.2,7.3,B,Khoa AI - Khóa 23,5.6,Dương Kim Tùng,2,BD23AI006,average
2024/2025,3.9,59.8,AI204_K23_2024_2025_S2,Natural Language Processing (NLP) (K23),đangtuansonbd23ai007@gmail.com,3.2,4.0,D,Khoa AI - Khóa 23,4.4,Đặng Tuấn Sơn,2,BD23AI007,struggling
2024/2025,9.6,96.2,AI204_K23_2024_2025_S2,Natural Language Processing (NLP) (K23),nguyenkimvinhbd23ai008@gmail.com,4.7,7.2,B,Khoa AI - Khóa 23,5.0,Nguyễn Kim Vinh,2,BD23AI008,diligent_but_low
2024/2025,3.9,65.0,AI204_K23_2024_2025_S2,Natural Language Processing (NLP) (K23),vokimhabd23ai009@gmail.com,1.3,3.1,F,Khoa AI - Khóa 23,2.6,Võ Kim Hà,2,BD23AI009,struggling
2024/2025,7.8,58.0,AI204_K23_2024_2025_S2,Natural Language Processing (NLP) (K23),phamngocminhbd23ai010@gmail.com,9.1,8.0,B,Khoa AI - Khóa 23,8.5,Phạm Ngọc Minh,2,BD23AI010,talented_but_lazy
2024/2025,8.0,45.6,AI204_K23_2024_2025_S2,Natural Language Processing (NLP) (K23),vothisonbd23ai011@gmail.com,9.6,8.1,B,Khoa AI - Khóa 23,9.6,Võ Thị Sơn,2,BD23AI011,talented_but_lazy
2024/2025,9.5,97.6,AI204_K23_2024_2025_S2,Natural Language Processing (NLP) (K23),đothanhcuongbd23ai012@gmail.com,3.2,6.4,C,Khoa AI - Khóa 23,3.7,Đỗ Thanh Cường,2,BD23AI012,diligent_but_low
2024/2025,8.2,74.2,AI204_K23_2024_2025_S2,Natural Language Processing (NLP) (K23),đangtuanvinhbd23ai013@gmail.com,7.6,7.7,B,Khoa AI - Khóa 23,6.2,Đặng Tuấn Vinh,2,BD23AI013,average
2024/2025,7.9,62.2,AI204_K23_2024_2025_S2,Natural Language Processing (NLP) (K23),tranhuuvinhbd23ai014@gmail.com,8.9,8.0,B,Khoa AI - Khóa 23,9.1,Trần Hữu Vinh,2,BD23AI014,talented_but_lazy
2024/2025,9.1,99.2,AI204_K23_2024_2025_S2,Natural Language Processing (NLP) (K23),lethanhanbd23ai015@gmail.com,4.4,6.9,C,Khoa AI - Khóa 23,5.5,Lê Thanh An,2,BD23AI015,diligent_but_low
2024/2025,2.7,48.3,AI204_K23_2024_2025_S2,Natural Language Processing (NLP) (K23),vuquanganbd23ai016@gmail.com,4.4,4.0,D,Khoa AI - Khóa 23,1.9,Vũ Quang An,2,BD23AI016,struggling
2024/2025,4.1,48.8,AI204_K23_2024_2025_S2,Natural Language Processing (NLP) (K23),vuminhkienbd23ai017@gmail.com,1.2,2.8,F,Khoa AI - Khóa 23,2.2,Vũ Minh Kiên,2,BD23AI017,struggling
2024/2025,4.0,60.7,AI204_K23_2024_2025_S2,Natural Language Processing (NLP) (K23),lyvancuongbd23ai018@gmail.com,2.3,3.6,F,Khoa AI - Khóa 23,3.2,Lý Văn Cường,2,BD23AI018,struggling
2024/2025,9.4,96.1,AI204_K23_2024_2025_S2,Natural Language Processing (NLP) (K23),tranhaisonbd23ai019@gmail.com,3.9,6.7,C,Khoa AI - Khóa 23,5.3,Trần Hải Sơn,2,BD23AI019,diligent_but_low
2024/2025,9.0,96.1,AI204_K23_2024_2025_S2,Natural Language Processing (NLP) (K23),huynhngocphucbd23ai020@gmail.com,5.0,7.1,B,Khoa AI - Khóa 23,5.4,Huỳnh Ngọc Phúc,2,BD23AI020,diligent_but_low
2024/2025,9.8,98.9,AI204_K23_2024_2025_S2,Natural Language Processing (NLP) (K23),voquangkienbd23ai021@gmail.com,9.9,9.9,A,Khoa AI - Khóa 23,9.2,Võ Quang Kiên,2,BD23AI021,excellent
2024/2025,2.8,66.2,AI204_K23_2024_2025_S2,Natural Language Processing (NLP) (K23),hokimhabd23ai022@gmail.com,3.4,3.8,F,Khoa AI - Khóa 23,2.7,Hồ Kim Hà,2,BD23AI022,struggling
2024/2025,2.9,48.0,AI204_K23_2024_2025_S2,Natural Language Processing (NLP) (K23),hoxuanquanbd23ai023@gmail.com,2.9,3.3,F,Khoa AI - Khóa 23,2.7,Hồ Xuân Quân,2,BD23AI023,struggling
2024/2025,8.6,86.7,AI204_K23_2024_2025_S2,Natural Language Processing (NLP) (K23),hođucvinhbd23ai024@gmail.com,5.9,7.2,B,Khoa AI - Khóa 23,5.6,Hồ Đức Vinh,2,BD23AI024,average
2024/2025,8.1,75.7,AI204_K23_2024_2025_S2,Natural Language Processing (NLP) (K23),phamquanganbd23ai025@gmail.com,7.1,7.5,B,Khoa AI - Khóa 23,7.6,Phạm Quang An,2,BD23AI025,average
2024/2025,6.9,93.7,AI204_K23_2024_2025_S2,Natural Language Processing (NLP) (K23),vođucloibd23ai026@gmail.com,5.6,6.7,C,Khoa AI - Khóa 23,6.1,Võ Đức Lợi,2,BD23AI026,average
2024/2025,8.3,46.9,AI204_K23_2024_2025_S2,Natural Language Processing (NLP) (K23),lythanhcuongbd23ai027@gmail.com,8.8,7.8,B,Khoa AI - Khóa 23,9.9,Lý Thanh Cường,2,BD23AI027,talented_but_lazy
2024/2025,2.2,45.6,AI204_K23_2024_2025_S2,Natural Language Processing (NLP) (K23),hoanghuuanbd23ai028@gmail.com,3.7,3.4,F,Khoa AI - Khóa 23,3.9,Hoàng Hữu An,2,BD23AI028,struggling
2024/2025,2.8,49.6,AI204_K23_2024_2025_S2,Natural Language Processing (NLP) (K23),lekimminhbd23ai029@gmail.com,1.2,2.4,F,Khoa AI - Khóa 23,1.8,Lê Kim Minh,2,BD23AI029,struggling
2024/2025,9.5,95.3,AI204_K23_2024_2025_S2,Natural Language Processing (NLP) (K23),đangvancuongbd23ai030@gmail.com,9.5,9.5,A,Khoa AI - Khóa 23,9.6,Đặng Văn Cường,2,BD23AI030,excellent
2024/2025,8.4,44.6,AI204_K23_2024_2025_S2,Natural Language Processing (NLP) (K23),nguyenkimcuongbd23ai031@gmail.com,10.0,8.4,B,Khoa AI - Khóa 23,9.9,Nguyễn Kim Cường,2,BD23AI031,talented_but_lazy
2024/2025,9.1,99.5,AI204_K23_2024_2025_S2,Natural Language Processing (NLP) (K23),hoangthanhquanbd23ai032@gmail.com,4.0,6.7,C,Khoa AI - Khóa 23,4.8,Hoàng Thanh Quân,2,BD23AI032,diligent_but_low
2024/2025,9.6,95.9,AI204_K23_2024_2025_S2,Natural Language Processing (NLP) (K23),phamhaisonbd23ai033@gmail.com,9.1,9.3,A,Khoa AI - Khóa 23,9.1,Phạm Hải Sơn,2,BD23AI033,excellent
2024/2025,9.4,99.4,AI204_K23_2024_2025_S2,Natural Language Processing (NLP) (K23),vungochabd23ai034@gmail.com,3.3,6.5,C,Khoa AI - Khóa 23,4.0,Vũ Ngọc Hà,2,BD23AI034,diligent_but_low
2024/2025,4.2,52.6,AI204_K23_2024_2025_S2,Natural Language Processing (NLP) (K23),hovansonbd23ai035@gmail.com,1.4,3.0,F,Khoa AI - Khóa 23,3.5,Hồ Văn Sơn,2,BD23AI035,struggling
2024/2025,9.9,94.2,AI204_K23_2024_2025_S2,Natural Language Processing (NLP) (K23),nguyenvanhungbd23ai036@gmail.com,9.7,9.7,A,Khoa AI - Khóa 23,9.9,Nguyễn Văn Hùng,2,BD23AI036,excellent
2024/2025,8.2,79.4,AI204_K23_2024_2025_S2,Natural Language Processing (NLP) (K23),hoangngocphucbd23ai037@gmail.com,5.3,6.7,C,Khoa AI - Khóa 23,6.9,Hoàng Ngọc Phúc,2,BD23AI037,average
2024/2025,7.4,44.6,AI204_K23_2024_2025_S2,Natural Language Processing (NLP) (K23),ngovankienbd23ai038@gmail.com,8.9,7.6,B,Khoa AI - Khóa 23,9.2,Ngô Văn Kiên,2,BD23AI038,talented_but_lazy
2024/2025,6.7,90.7,AI204_K23_2024_2025_S2,Natural Language Processing (NLP) (K23),vukimnambd23ai039@gmail.com,7.0,7.3,B,Khoa AI - Khóa 23,6.3,Vũ Kim Nam,2,BD23AI039,average
2024/2025,8.3,55.2,AI204_K23_2024_2025_S2,Natural Language Processing (NLP) (K23),đangtuanhabd23ai040@gmail.com,8.7,8.0,B,Khoa AI - Khóa 23,9.0,Đặng Tuấn Hà,2,BD23AI040,talented_but_lazy
2024/2025,4.4,44.2,AI101_K24_2024_2025_S1,Toán cho AI (Đại số & Giải tích) (K24),đangđuchabd24ai001@gmail.com,3.3,3.8,F,Khoa AI - Khóa 24,2.8,Đặng Đức Hà,1,BD24AI001,struggling
2024/2025,7.4,71.5,AI101_K24_2024_2025_S1,Toán cho AI (Đại số & Giải tích) (K24),hothicuongbd24ai002@gmail.com,7.8,7.5,B,Khoa AI - Khóa 24,6.8,Hồ Thị Cường,1,BD24AI002,average
2024/2025,8.1,55.2,AI101_K24_2024_2025_S1,Toán cho AI (Đại số & Giải tích) (K24),hotuanvinhbd24ai003@gmail.com,9.8,8.4,B,Khoa AI - Khóa 24,9.9,Hồ Tuấn Vinh,1,BD24AI003,talented_but_lazy
2024/2025,9.9,96.8,AI101_K24_2024_2025_S1,Toán cho AI (Đại số & Giải tích) (K24),hoxuansonbd24ai004@gmail.com,3.1,6.5,C,Khoa AI - Khóa 24,3.3,Hồ Xuân Sơn,1,BD24AI004,diligent_but_low
2024/2025,9.1,52.7,AI101_K24_2024_2025_S1,Toán cho AI (Đại số & Giải tích) (K24),hokimbinhbd24ai005@gmail.com,9.5,8.5,A,Khoa AI - Khóa 24,9.0,Hồ Kim Bình,1,BD24AI005,talented_but_lazy
2024/2025,9.2,97.0,AI101_K24_2024_2025_S1,Toán cho AI (Đại số & Giải tích) (K24),hohaitungbd24ai006@gmail.com,4.1,6.7,C,Khoa AI - Khóa 24,4.1,Hồ Hải Tùng,1,BD24AI006,diligent_but_low
2024/2025,6.8,91.4,AI101_K24_2024_2025_S1,Toán cho AI (Đại số & Giải tích) (K24),ngođucvinhbd24ai007@gmail.com,7.5,7.6,B,Khoa AI - Khóa 24,7.1,Ngô Đức Vinh,1,BD24AI007,average
2024/2025,9.5,98.2,AI101_K24_2024_2025_S1,Toán cho AI (Đại số & Giải tích) (K24),huynhngocbinhbd24ai008@gmail.com,9.9,9.8,A,Khoa AI - Khóa 24,9.6,Huỳnh Ngọc Bình,1,BD24AI008,excellent
2024/2025,10.0,100.0,AI101_K24_2024_2025_S1,Toán cho AI (Đại số & Giải tích) (K24),hotuanbinhbd24ai009@gmail.com,9.8,9.9,A,Khoa AI - Khóa 24,9.9,Hồ Tuấn Bình,1,BD24AI009,excellent
2024/2025,9.6,95.4,AI101_K24_2024_2025_S1,Toán cho AI (Đại số & Giải tích) (K24),trankimcuongbd24ai010@gmail.com,9.9,9.8,A,Khoa AI - Khóa 24,9.9,Trần Kim Cường,1,BD24AI010,excellent
2024/2025,4.6,73.4,AI101_K24_2024_2025_S1,Toán cho AI (Đại số & Giải tích) (K24),huynhanhminhbd24ai011@gmail.com,1.4,3.6,F,Khoa AI - Khóa 24,2.0,Huỳnh Anh Minh,1,BD24AI011,struggling
2024/2025,2.2,67.7,AI101_K24_2024_2025_S1,Toán cho AI (Đại số & Giải tích) (K24),huynhhailinhbd24ai012@gmail.com,3.7,3.9,F,Khoa AI - Khóa 24,3.8,Huỳnh Hải Linh,1,BD24AI012,struggling
2024/2025,4.5,62.7,AI101_K24_2024_2025_S1,Toán cho AI (Đại số & Giải tích) (K24),huynhquangminhbd24ai013@gmail.com,4.3,4.8,D,Khoa AI - Khóa 24,3.0,Huỳnh Quang Minh,1,BD24AI013,struggling
2024/2025,8.1,48.9,AI101_K24_2024_2025_S1,Toán cho AI (Đại số & Giải tích) (K24),voanhcuongbd24ai014@gmail.com,10.0,8.4,B,Khoa AI - Khóa 24,8.9,Võ Anh Cường,1,BD24AI014,talented_but_lazy
2024/2025,9.5,95.0,AI101_K24_2024_2025_S1,Toán cho AI (Đại số & Giải tích) (K24),lengocminhbd24ai015@gmail.com,9.3,9.4,A,Khoa AI - Khóa 24,9.1,Lê Ngọc Minh,1,BD24AI015,excellent
2024/2025,9.5,98.2,AI101_K24_2024_2025_S1,Toán cho AI (Đại số & Giải tích) (K24),huynhthanhsonbd24ai016@gmail.com,9.1,9.4,A,Khoa AI - Khóa 24,9.1,Huỳnh Thanh Sơn,1,BD24AI016,excellent
2024/2025,8.4,78.1,AI101_K24_2024_2025_S1,Toán cho AI (Đại số & Giải tích) (K24),lyhuuloibd24ai017@gmail.com,6.5,7.4,B,Khoa AI - Khóa 24,6.4,Lý Hữu Lợi,1,BD24AI017,average
2024/2025,7.4,85.1,AI101_K24_2024_2025_S1,Toán cho AI (Đại số & Giải tích) (K24),vuvannambd24ai018@gmail.com,5.1,6.5,C,Khoa AI - Khóa 24,7.8,Vũ Văn Nam,1,BD24AI018,average
2024/2025,9.3,97.8,AI101_K24_2024_2025_S1,Toán cho AI (Đại số & Giải tích) (K24),tranquanghungbd24ai019@gmail.com,3.2,6.4,C,Khoa AI - Khóa 24,3.5,Trần Quang Hùng,1,BD24AI019,diligent_but_low
2024/2025,9.7,96.4,AI101_K24_2024_2025_S1,Toán cho AI (Đại số & Giải tích) (K24),lyanhvinhbd24ai020@gmail.com,9.1,9.4,A,Khoa AI - Khóa 24,9.0,Lý Anh Vinh,1,BD24AI020,excellent
2024/2025,8.5,55.4,AI101_K24_2024_2025_S1,Toán cho AI (Đại số & Giải tích) (K24),hođucquanbd24ai021@gmail.com,8.8,8.1,B,Khoa AI - Khóa 24,9.0,Hồ Đức Quân,1,BD24AI021,talented_but_lazy
2024/2025,7.3,88.4,AI101_K24_2024_2025_S1,Toán cho AI (Đại số & Giải tích) (K24),vuanhphucbd24ai022@gmail.com,6.9,7.4,B,Khoa AI - Khóa 24,7.0,Vũ Anh Phúc,1,BD24AI022,average
2024/2025,8.3,90.4,AI101_K24_2024_2025_S1,Toán cho AI (Đại số & Giải tích) (K24),đominhcuongbd24ai023@gmail.com,5.8,7.2,B,Khoa AI - Khóa 24,6.6,Đỗ Minh Cường,1,BD24AI023,average
2024/2025,9.1,97.6,AI101_K24_2024_2025_S1,Toán cho AI (Đại số & Giải tích) (K24),trananhdungbd24ai024@gmail.com,3.5,6.4,C,Khoa AI - Khóa 24,3.0,Trần Anh Dũng,1,BD24AI024,diligent_but_low
2024/2025,8.8,91.4,AI101_K24_2024_2025_S1,Toán cho AI (Đại số & Giải tích) (K24),đangxuanlinhbd24ai025@gmail.com,5.2,7.1,B,Khoa AI - Khóa 24,7.7,Đặng Xuân Linh,1,BD24AI025,average
2024/2025,3.4,63.6,AI101_K24_2024_2025_S1,Toán cho AI (Đại số & Giải tích) (K24),vuvanminhbd24ai026@gmail.com,4.0,4.3,D,Khoa AI - Khóa 24,2.2,Vũ Văn Minh,1,BD24AI026,struggling
2024/2025,2.5,73.0,AI101_K24_2024_2025_S1,Toán cho AI (Đại số & Giải tích) (K24),ngohuulinhbd24ai027@gmail.com,3.7,4.1,D,Khoa AI - Khóa 24,2.0,Ngô Hữu Linh,1,BD24AI027,struggling
2024/2025,9.7,97.0,AI101_K24_2024_2025_S1,Toán cho AI (Đại số & Giải tích) (K24),voquangdungbd24ai028@gmail.com,3.9,6.8,C,Khoa AI - Khóa 24,5.3,Võ Quang Dũng,1,BD24AI028,diligent_but_low
2024/2025,4.4,48.2,AI101_K24_2024_2025_S1,Toán cho AI (Đại số & Giải tích) (K24),hoanghuulinhbd24ai029@gmail.com,3.0,3.8,F,Khoa AI - Khóa 24,3.2,Hoàng Hữu Linh,1,BD24AI029,struggling
2024/2025,7.9,76.7,AI101_K24_2024_2025_S1,Toán cho AI (Đại số & Giải tích) (K24),vungocnambd24ai030@gmail.com,5.0,6.4,C,Khoa AI - Khóa 24,7.9,Vũ Ngọc Nam,1,BD24AI030,average
2024/2025,9.7,98.8,AI101_K24_2024_2025_S1,Toán cho AI (Đại số & Giải tích) (K24),lytuannambd24ai031@gmail.com,9.1,9.5,A,Khoa AI - Khóa 24,9.1,Lý Tuấn Nam,1,BD24AI031,excellent
2024/2025,2.1,64.8,AI101_K24_2024_2025_S1,Toán cho AI (Đại số & Giải tích) (K24),duongkimhabd24ai032@gmail.com,4.2,4.0,D,Khoa AI - Khóa 24,4.2,Dương Kim Hà,1,BD24AI032,struggling
2024/2025,9.6,98.8,AI101_K24_2024_2025_S1,Toán cho AI (Đại số & Giải tích) (K24),lehuuminhbd24ai033@gmail.com,9.5,9.6,A,Khoa AI - Khóa 24,9.9,Lê Hữu Minh,1,BD24AI033,excellent
2024/2025,2.6,44.5,AI101_K24_2024_2025_S1,Toán cho AI (Đại số & Giải tích) (K24),nguyenvannambd24ai034@gmail.com,2.1,2.7,F,Khoa AI - Khóa 24,3.1,Nguyễn Văn Nam,1,BD24AI034,struggling
2024/2025,6.7,87.7,AI101_K24_2024_2025_S1,Toán cho AI (Đại số & Giải tích) (K24),đominhanbd24ai035@gmail.com,6.3,6.9,C,Khoa AI - Khóa 24,6.8,Đỗ Minh An,1,BD24AI035,average
2024/2025,9.0,98.1,AI101_K24_2024_2025_S1,Toán cho AI (Đại số & Giải tích) (K24),ngominhhabd24ai036@gmail.com,5.1,7.2,B,Khoa AI - Khóa 24,4.1,Ngô Minh Hà,1,BD24AI036,diligent_but_low
2024/2025,8.1,73.7,AI101_K24_2024_2025_S1,Toán cho AI (Đại số & Giải tích) (K24),duongthanhanbd24ai037@gmail.com,5.1,6.5,C,Khoa AI - Khóa 24,6.1,Dương Thanh An,1,BD24AI037,average
2024/2025,7.8,47.7,AI101_K24_2024_2025_S1,Toán cho AI (Đại số & Giải tích) (K24),duongđuccuongbd24ai038@gmail.com,9.9,8.3,B,Khoa AI - Khóa 24,8.7,Dương Đức Cường,1,BD24AI038,talented_but_lazy
2024/2025,7.6,89.7,AI101_K24_2024_2025_S1,Toán cho AI (Đại số & Giải tích) (K24),phamkimdungbd24ai039@gmail.com,6.2,7.2,B,Khoa AI - Khóa 24,7.8,Phạm Kim Dũng,1,BD24AI039,average
2024/2025,7.3,93.4,AI101_K24_2024_2025_S1,Toán cho AI (Đại số & Giải tích) (K24),vuvandungbd24ai040@gmail.com,6.4,7.2,B,Khoa AI - Khóa 24,7.2,Vũ Văn Dũng,1,BD24AI040,average
2024/2025,4.9,58.5,AI102_K24_2024_2025_S1,Xác suất & Thống kê ứng dụng (K24),đangđuchabd24ai001@gmail.com,3.8,4.5,D,Khoa AI - Khóa 24,1.5,Đặng Đức Hà,1,BD24AI001,struggling
2024/2025,8.3,72.2,AI102_K24_2024_2025_S1,Xác suất & Thống kê ứng dụng (K24),hothicuongbd24ai002@gmail.com,6.8,7.3,B,Khoa AI - Khóa 24,7.3,Hồ Thị Cường,1,BD24AI002,average
2024/2025,8.3,43.9,AI102_K24_2024_2025_S1,Xác suất & Thống kê ứng dụng (K24),hotuanvinhbd24ai003@gmail.com,9.9,8.3,B,Khoa AI - Khóa 24,8.5,Hồ Tuấn Vinh,1,BD24AI003,talented_but_lazy
2024/2025,9.5,99.5,AI102_K24_2024_2025_S1,Xác suất & Thống kê ứng dụng (K24),hoxuansonbd24ai004@gmail.com,3.5,6.6,C,Khoa AI - Khóa 24,3.4,Hồ Xuân Sơn,1,BD24AI004,diligent_but_low
2024/2025,9.0,64.9,AI102_K24_2024_2025_S1,Xác suất & Thống kê ứng dụng (K24),hokimbinhbd24ai005@gmail.com,9.1,8.5,A,Khoa AI - Khóa 24,8.5,Hồ Kim Bình,1,BD24AI005,talented_but_lazy
2024/2025,9.8,97.7,AI102_K24_2024_2025_S1,Xác suất & Thống kê ứng dụng (K24),hohaitungbd24ai006@gmail.com,4.6,7.2,B,Khoa AI - Khóa 24,3.8,Hồ Hải Tùng,1,BD24AI006,diligent_but_low
2024/2025,7.4,74.2,AI102_K24_2024_2025_S1,Xác suất & Thống kê ứng dụng (K24),ngođucvinhbd24ai007@gmail.com,7.9,7.7,B,Khoa AI - Khóa 24,7.5,Ngô Đức Vinh,1,BD24AI007,average
2024/2025,9.8,96.1,AI102_K24_2024_2025_S1,Xác suất & Thống kê ứng dụng (K24),huynhngocbinhbd24ai008@gmail.com,10.0,9.9,A,Khoa AI - Khóa 24,9.5,Huỳnh Ngọc Bình,1,BD24AI008,excellent
2024/2025,9.9,98.0,AI102_K24_2024_2025_S1,Xác suất & Thống kê ứng dụng (K24),hotuanbinhbd24ai009@gmail.com,9.6,9.7,A,Khoa AI - Khóa 24,9.5,Hồ Tuấn Bình,1,BD24AI009,excellent
2024/2025,9.7,98.6,AI102_K24_2024_2025_S1,Xác suất & Thống kê ứng dụng (K24),trankimcuongbd24ai010@gmail.com,9.7,9.7,A,Khoa AI - Khóa 24,9.5,Trần Kim Cường,1,BD24AI010,excellent
2024/2025,3.2,54.3,AI102_K24_2024_2025_S1,Xác suất & Thống kê ứng dụng (K24),huynhanhminhbd24ai011@gmail.com,4.3,4.2,D,Khoa AI - Khóa 24,2.3,Huỳnh Anh Minh,1,BD24AI011,struggling
2024/2025,4.1,74.2,AI102_K24_2024_2025_S1,Xác suất & Thống kê ứng dụng (K24),huynhhailinhbd24ai012@gmail.com,3.3,4.4,D,Khoa AI - Khóa 24,2.0,Huỳnh Hải Linh,1,BD24AI012,struggling
2024/2025,4.0,47.7,AI102_K24_2024_2025_S1,Xác suất & Thống kê ứng dụng (K24),huynhquangminhbd24ai013@gmail.com,4.3,4.3,D,Khoa AI - Khóa 24,4.0,Huỳnh Quang Minh,1,BD24AI013,struggling
2024/2025,8.7,56.5,AI102_K24_2024_2025_S1,Xác suất & Thống kê ứng dụng (K24),voanhcuongbd24ai014@gmail.com,9.5,8.5,A,Khoa AI - Khóa 24,9.5,Võ Anh Cường,1,BD24AI014,talented_but_lazy
2024/2025,9.7,96.0,AI102_K24_2024_2025_S1,Xác suất & Thống kê ứng dụng (K24),lengocminhbd24ai015@gmail.com,9.9,9.8,A,Khoa AI - Khóa 24,9.3,Lê Ngọc Minh,1,BD24AI015,excellent
2024/2025,9.8,97.8,AI102_K24_2024_2025_S1,Xác suất & Thống kê ứng dụng (K24),huynhthanhsonbd24ai016@gmail.com,9.4,9.6,A,Khoa AI - Khóa 24,9.0,Huỳnh Thanh Sơn,1,BD24AI016,excellent
2024/2025,7.6,83.3,AI102_K24_2024_2025_S1,Xác suất & Thống kê ứng dụng (K24),lyhuuloibd24ai017@gmail.com,5.7,6.8,C,Khoa AI - Khóa 24,6.6,Lý Hữu Lợi,1,BD24AI017,average
2024/2025,8.5,90.1,AI102_K24_2024_2025_S1,Xác suất & Thống kê ứng dụng (K24),vuvannambd24ai018@gmail.com,6.1,7.4,B,Khoa AI - Khóa 24,7.2,Vũ Văn Nam,1,BD24AI018,average
2024/2025,9.4,99.8,AI102_K24_2024_2025_S1,Xác suất & Thống kê ứng dụng (K24),tranquanghungbd24ai019@gmail.com,3.1,6.4,C,Khoa AI - Khóa 24,4.3,Trần Quang Hùng,1,BD24AI019,diligent_but_low
2024/2025,9.7,97.2,AI102_K24_2024_2025_S1,Xác suất & Thống kê ứng dụng (K24),lyanhvinhbd24ai020@gmail.com,9.4,9.6,A,Khoa AI - Khóa 24,9.0,Lý Anh Vinh,1,BD24AI020,excellent
2024/2025,9.2,56.8,AI102_K24_2024_2025_S1,Xác suất & Thống kê ứng dụng (K24),hođucquanbd24ai021@gmail.com,8.8,8.3,B,Khoa AI - Khóa 24,8.8,Hồ Đức Quân,1,BD24AI021,talented_but_lazy
2024/2025,8.8,82.6,AI102_K24_2024_2025_S1,Xác suất & Thống kê ứng dụng (K24),vuanhphucbd24ai022@gmail.com,5.0,6.8,C,Khoa AI - Khóa 24,7.4,Vũ Anh Phúc,1,BD24AI022,average
2024/2025,8.4,88.0,AI102_K24_2024_2025_S1,Xác suất & Thống kê ứng dụng (K24),đominhcuongbd24ai023@gmail.com,6.8,7.7,B,Khoa AI - Khóa 24,6.1,Đỗ Minh Cường,1,BD24AI023,average
2024/2025,9.1,97.0,AI102_K24_2024_2025_S1,Xác suất & Thống kê ứng dụng (K24),trananhdungbd24ai024@gmail.com,4.3,6.8,C,Khoa AI - Khóa 24,5.4,Trần Anh Dũng,1,BD24AI024,diligent_but_low
2024/2025,6.6,92.0,AI102_K24_2024_2025_S1,Xác suất & Thống kê ứng dụng (K24),đangxuanlinhbd24ai025@gmail.com,6.7,7.2,B,Khoa AI - Khóa 24,6.2,Đặng Xuân Linh,1,BD24AI025,average
2024/2025,4.3,46.6,AI102_K24_2024_2025_S1,Xác suất & Thống kê ứng dụng (K24),vuvanminhbd24ai026@gmail.com,3.8,4.1,D,Khoa AI - Khóa 24,2.2,Vũ Văn Minh,1,BD24AI026,struggling
2024/2025,3.6,41.0,AI102_K24_2024_2025_S1,Xác suất & Thống kê ứng dụng (K24),ngohuulinhbd24ai027@gmail.com,2.9,3.3,F,Khoa AI - Khóa 24,2.0,Ngô Hữu Linh,1,BD24AI027,struggling
2024/2025,9.5,96.7,AI102_K24_2024_2025_S1,Xác suất & Thống kê ứng dụng (K24),voquangdungbd24ai028@gmail.com,4.9,7.2,B,Khoa AI - Khóa 24,3.3,Võ Quang Dũng,1,BD24AI028,diligent_but_low
2024/2025,3.6,54.5,AI102_K24_2024_2025_S1,Xác suất & Thống kê ứng dụng (K24),hoanghuulinhbd24ai029@gmail.com,1.0,2.7,F,Khoa AI - Khóa 24,4.4,Hoàng Hữu Linh,1,BD24AI029,struggling
2024/2025,6.7,77.2,AI102_K24_2024_2025_S1,Xác suất & Thống kê ứng dụng (K24),vungocnambd24ai030@gmail.com,5.2,6.2,C,Khoa AI - Khóa 24,7.7,Vũ Ngọc Nam,1,BD24AI030,average
2024/2025,10.0,97.5,AI102_K24_2024_2025_S1,Xác suất & Thống kê ứng dụng (K24),lytuannambd24ai031@gmail.com,9.8,9.9,A,Khoa AI - Khóa 24,9.5,Lý Tuấn Nam,1,BD24AI031,excellent
2024/2025,4.5,69.0,AI102_K24_2024_2025_S1,Xác suất & Thống kê ứng dụng (K24),duongkimhabd24ai032@gmail.com,1.4,3.5,F,Khoa AI - Khóa 24,2.3,Dương Kim Hà,1,BD24AI032,struggling
2024/2025,9.7,96.7,AI102_K24_2024_2025_S1,Xác suất & Thống kê ứng dụng (K24),lehuuminhbd24ai033@gmail.com,9.5,9.6,A,Khoa AI - Khóa 24,9.8,Lê Hữu Minh,1,BD24AI033,excellent
2024/2025,2.3,57.4,AI102_K24_2024_2025_S1,Xác suất & Thống kê ứng dụng (K24),nguyenvannambd24ai034@gmail.com,3.0,3.4,F,Khoa AI - Khóa 24,3.3,Nguyễn Văn Nam,1,BD24AI034,struggling
2024/2025,7.4,91.8,AI102_K24_2024_2025_S1,Xác suất & Thống kê ứng dụng (K24),đominhanbd24ai035@gmail.com,6.4,7.3,B,Khoa AI - Khóa 24,5.7,Đỗ Minh An,1,BD24AI035,average
2024/2025,9.0,97.9,AI102_K24_2024_2025_S1,Xác suất & Thống kê ứng dụng (K24),ngominhhabd24ai036@gmail.com,4.5,6.9,C,Khoa AI - Khóa 24,3.6,Ngô Minh Hà,1,BD24AI036,diligent_but_low
2024/2025,8.5,70.4,AI102_K24_2024_2025_S1,Xác suất & Thống kê ứng dụng (K24),duongthanhanbd24ai037@gmail.com,5.1,6.5,C,Khoa AI - Khóa 24,6.9,Dương Thanh An,1,BD24AI037,average
2024/2025,9.1,41.8,AI102_K24_2024_2025_S1,Xác suất & Thống kê ứng dụng (K24),duongđuccuongbd24ai038@gmail.com,8.6,7.9,B,Khoa AI - Khóa 24,8.7,Dương Đức Cường,1,BD24AI038,talented_but_lazy
2024/2025,7.7,83.7,AI102_K24_2024_2025_S1,Xác suất & Thống kê ứng dụng (K24),phamkimdungbd24ai039@gmail.com,6.9,7.4,B,Khoa AI - Khóa 24,5.8,Phạm Kim Dũng,1,BD24AI039,average
2024/2025,7.9,91.6,AI102_K24_2024_2025_S1,Xác suất & Thống kê ứng dụng (K24),vuvandungbd24ai040@gmail.com,6.4,7.4,B,Khoa AI - Khóa 24,6.4,Vũ Văn Dũng,1,BD24AI040,average
2024/2025,4.9,51.5,AI103_K24_2024_2025_S2,Lập trình Python cho Khoa học dữ liệu (K24),đangđuchabd24ai001@gmail.com,4.2,4.6,D,Khoa AI - Khóa 24,3.0,Đặng Đức Hà,2,BD24AI001,struggling
2024/2025,8.5,76.4,AI103_K24_2024_2025_S2,Lập trình Python cho Khoa học dữ liệu (K24),hothicuongbd24ai002@gmail.com,7.6,7.9,B,Khoa AI - Khóa 24,6.7,Hồ Thị Cường,2,BD24AI002,average
2024/2025,8.9,64.7,AI103_K24_2024_2025_S2,Lập trình Python cho Khoa học dữ liệu (K24),hotuanvinhbd24ai003@gmail.com,9.6,8.7,A,Khoa AI - Khóa 24,9.6,Hồ Tuấn Vinh,2,BD24AI003,talented_but_lazy
2024/2025,9.1,99.8,AI103_K24_2024_2025_S2,Lập trình Python cho Khoa học dữ liệu (K24),hoxuansonbd24ai004@gmail.com,4.8,7.1,B,Khoa AI - Khóa 24,3.4,Hồ Xuân Sơn,2,BD24AI004,diligent_but_low
2024/2025,7.0,59.6,AI103_K24_2024_2025_S2,Lập trình Python cho Khoa học dữ liệu (K24),hokimbinhbd24ai005@gmail.com,9.3,8.0,B,Khoa AI - Khóa 24,8.7,Hồ Kim Bình,2,BD24AI005,talented_but_lazy
2024/2025,9.8,99.3,AI103_K24_2024_2025_S2,Lập trình Python cho Khoa học dữ liệu (K24),hohaitungbd24ai006@gmail.com,4.3,7.1,B,Khoa AI - Khóa 24,3.9,Hồ Hải Tùng,2,BD24AI006,diligent_but_low
2024/2025,7.5,90.5,AI103_K24_2024_2025_S2,Lập trình Python cho Khoa học dữ liệu (K24),ngođucvinhbd24ai007@gmail.com,5.7,6.9,C,Khoa AI - Khóa 24,6.3,Ngô Đức Vinh,2,BD24AI007,average
2024/2025,9.7,98.6,AI103_K24_2024_2025_S2,Lập trình Python cho Khoa học dữ liệu (K24),huynhngocbinhbd24ai008@gmail.com,9.6,9.7,A,Khoa AI - Khóa 24,9.5,Huỳnh Ngọc Bình,2,BD24AI008,excellent
2024/2025,9.7,95.5,AI103_K24_2024_2025_S2,Lập trình Python cho Khoa học dữ liệu (K24),hotuanbinhbd24ai009@gmail.com,9.4,9.5,A,Khoa AI - Khóa 24,9.2,Hồ Tuấn Bình,2,BD24AI009,excellent
2024/2025,9.8,97.0,AI103_K24_2024_2025_S2,Lập trình Python cho Khoa học dữ liệu (K24),trankimcuongbd24ai010@gmail.com,9.0,9.4,A,Khoa AI - Khóa 24,9.9,Trần Kim Cường,2,BD24AI010,excellent
2024/2025,3.1,41.9,AI103_K24_2024_2025_S2,Lập trình Python cho Khoa học dữ liệu (K24),huynhanhminhbd24ai011@gmail.com,3.1,3.3,F,Khoa AI - Khóa 24,3.3,Huỳnh Anh Minh,2,BD24AI011,struggling
2024/2025,2.2,66.5,AI103_K24_2024_2025_S2,Lập trình Python cho Khoa học dữ liệu (K24),huynhhailinhbd24ai012@gmail.com,3.6,3.8,F,Khoa AI - Khóa 24,3.3,Huỳnh Hải Linh,2,BD24AI012,struggling
2024/2025,2.8,63.4,AI103_K24_2024_2025_S2,Lập trình Python cho Khoa học dữ liệu (K24),huynhquangminhbd24ai013@gmail.com,3.2,3.7,F,Khoa AI - Khóa 24,2.2,Huỳnh Quang Minh,2,BD24AI013,struggling
2024/2025,7.5,45.0,AI103_K24_2024_2025_S2,Lập trình Python cho Khoa học dữ liệu (K24),voanhcuongbd24ai014@gmail.com,9.7,8.0,B,Khoa AI - Khóa 24,8.9,Võ Anh Cường,2,BD24AI014,talented_but_lazy
2024/2025,9.8,95.9,AI103_K24_2024_2025_S2,Lập trình Python cho Khoa học dữ liệu (K24),lengocminhbd24ai015@gmail.com,9.4,9.5,A,Khoa AI - Khóa 24,9.8,Lê Ngọc Minh,2,BD24AI015,excellent
2024/2025,9.7,97.0,AI103_K24_2024_2025_S2,Lập trình Python cho Khoa học dữ liệu (K24),huynhthanhsonbd24ai016@gmail.com,9.4,9.6,A,Khoa AI - Khóa 24,9.8,Huỳnh Thanh Sơn,2,BD24AI016,excellent
2024/2025,8.8,76.2,AI103_K24_2024_2025_S2,Lập trình Python cho Khoa học dữ liệu (K24),lyhuuloibd24ai017@gmail.com,6.7,7.5,B,Khoa AI - Khóa 24,7.9,Lý Hữu Lợi,2,BD24AI017,average
2024/2025,6.8,72.7,AI103_K24_2024_2025_S2,Lập trình Python cho Khoa học dữ liệu (K24),vuvannambd24ai018@gmail.com,7.5,7.2,B,Khoa AI - Khóa 24,5.6,Vũ Văn Nam,2,BD24AI018,average
2024/2025,9.9,96.9,AI103_K24_2024_2025_S2,Lập trình Python cho Khoa học dữ liệu (K24),tranquanghungbd24ai019@gmail.com,5.3,7.6,B,Khoa AI - Khóa 24,3.0,Trần Quang Hùng,2,BD24AI019,diligent_but_low
2024/2025,9.7,96.7,AI103_K24_2024_2025_S2,Lập trình Python cho Khoa học dữ liệu (K24),lyanhvinhbd24ai020@gmail.com,9.3,9.5,A,Khoa AI - Khóa 24,9.5,Lý Anh Vinh,2,BD24AI020,excellent
2024/2025,8.5,50.9,AI103_K24_2024_2025_S2,Lập trình Python cho Khoa học dữ liệu (K24),hođucquanbd24ai021@gmail.com,9.1,8.1,B,Khoa AI - Khóa 24,9.1,Hồ Đức Quân,2,BD24AI021,talented_but_lazy
2024/2025,6.9,84.9,AI103_K24_2024_2025_S2,Lập trình Python cho Khoa học dữ liệu (K24),vuanhphucbd24ai022@gmail.com,5.6,6.6,C,Khoa AI - Khóa 24,7.2,Vũ Anh Phúc,2,BD24AI022,average
2024/2025,8.7,86.3,AI103_K24_2024_2025_S2,Lập trình Python cho Khoa học dữ liệu (K24),đominhcuongbd24ai023@gmail.com,5.2,6.9,C,Khoa AI - Khóa 24,6.9,Đỗ Minh Cường,2,BD24AI023,average
2024/2025,9.5,96.2,AI103_K24_2024_2025_S2,Lập trình Python cho Khoa học dữ liệu (K24),trananhdungbd24ai024@gmail.com,5.3,7.4,B,Khoa AI - Khóa 24,3.3,Trần Anh Dũng,2,BD24AI024,diligent_but_low
2024/2025,7.0,71.2,AI103_K24_2024_2025_S2,Lập trình Python cho Khoa học dữ liệu (K24),đangxuanlinhbd24ai025@gmail.com,7.9,7.4,B,Khoa AI - Khóa 24,7.7,Đặng Xuân Linh,2,BD24AI025,average
2024/2025,2.8,55.8,AI103_K24_2024_2025_S2,Lập trình Python cho Khoa học dữ liệu (K24),vuvanminhbd24ai026@gmail.com,3.7,3.8,F,Khoa AI - Khóa 24,2.5,Vũ Văn Minh,2,BD24AI026,struggling
2024/2025,2.6,59.7,AI103_K24_2024_2025_S2,Lập trình Python cho Khoa học dữ liệu (K24),ngohuulinhbd24ai027@gmail.com,3.0,3.5,F,Khoa AI - Khóa 24,2.5,Ngô Hữu Linh,2,BD24AI027,struggling
2024/2025,9.7,98.9,AI103_K24_2024_2025_S2,Lập trình Python cho Khoa học dữ liệu (K24),voquangdungbd24ai028@gmail.com,5.3,7.5,B,Khoa AI - Khóa 24,5.2,Võ Quang Dũng,2,BD24AI028,diligent_but_low
2024/2025,2.6,73.5,AI103_K24_2024_2025_S2,Lập trình Python cho Khoa học dữ liệu (K24),hoanghuulinhbd24ai029@gmail.com,3.3,3.9,F,Khoa AI - Khóa 24,4.0,Hoàng Hữu Linh,2,BD24AI029,struggling
2024/2025,7.7,70.4,AI103_K24_2024_2025_S2,Lập trình Python cho Khoa học dữ liệu (K24),vungocnambd24ai030@gmail.com,7.5,7.5,B,Khoa AI - Khóa 24,5.9,Vũ Ngọc Nam,2,BD24AI030,average
2024/2025,9.5,95.9,AI103_K24_2024_2025_S2,Lập trình Python cho Khoa học dữ liệu (K24),lytuannambd24ai031@gmail.com,9.6,9.6,A,Khoa AI - Khóa 24,9.0,Lý Tuấn Nam,2,BD24AI031,excellent
2024/2025,3.4,65.7,AI103_K24_2024_2025_S2,Lập trình Python cho Khoa học dữ liệu (K24),duongkimhabd24ai032@gmail.com,3.9,4.3,D,Khoa AI - Khóa 24,2.2,Dương Kim Hà,2,BD24AI032,struggling
2024/2025,9.8,97.5,AI103_K24_2024_2025_S2,Lập trình Python cho Khoa học dữ liệu (K24),lehuuminhbd24ai033@gmail.com,9.5,9.6,A,Khoa AI - Khóa 24,9.5,Lê Hữu Minh,2,BD24AI033,excellent
2024/2025,4.4,52.6,AI103_K24_2024_2025_S2,Lập trình Python cho Khoa học dữ liệu (K24),nguyenvannambd24ai034@gmail.com,1.9,3.3,F,Khoa AI - Khóa 24,3.8,Nguyễn Văn Nam,2,BD24AI034,struggling
2024/2025,7.5,84.9,AI103_K24_2024_2025_S2,Lập trình Python cho Khoa học dữ liệu (K24),đominhanbd24ai035@gmail.com,7.7,7.8,B,Khoa AI - Khóa 24,6.9,Đỗ Minh An,2,BD24AI035,average
2024/2025,9.8,99.3,AI103_K24_2024_2025_S2,Lập trình Python cho Khoa học dữ liệu (K24),ngominhhabd24ai036@gmail.com,4.5,7.1,B,Khoa AI - Khóa 24,3.5,Ngô Minh Hà,2,BD24AI036,diligent_but_low
2024/2025,8.7,85.8,AI103_K24_2024_2025_S2,Lập trình Python cho Khoa học dữ liệu (K24),duongthanhanbd24ai037@gmail.com,5.1,6.9,C,Khoa AI - Khóa 24,7.4,Dương Thanh An,2,BD24AI037,average
2024/2025,8.9,60.5,AI103_K24_2024_2025_S2,Lập trình Python cho Khoa học dữ liệu (K24),duongđuccuongbd24ai038@gmail.com,8.7,8.2,B,Khoa AI - Khóa 24,9.5,Dương Đức Cường,2,BD24AI038,talented_but_lazy
2024/2025,8.7,87.2,AI103_K24_2024_2025_S2,Lập trình Python cho Khoa học dữ liệu (K24),phamkimdungbd24ai039@gmail.com,5.6,7.2,B,Khoa AI - Khóa 24,7.1,Phạm Kim Dũng,2,BD24AI039,average
2024/2025,7.3,90.9,AI103_K24_2024_2025_S2,Lập trình Python cho Khoa học dữ liệu (K24),vuvandungbd24ai040@gmail.com,6.0,7.0,B,Khoa AI - Khóa 24,7.7,Vũ Văn Dũng,2,BD24AI040,average
2024/2025,2.3,63.6,AI104_K24_2024_2025_S2,Cấu trúc dữ liệu & Giải thuật (K24),đangđuchabd24ai001@gmail.com,4.3,4.1,D,Khoa AI - Khóa 24,1.5,Đặng Đức Hà,2,BD24AI001,struggling
2024/2025,7.1,92.6,AI104_K24_2024_2025_S2,Cấu trúc dữ liệu & Giải thuật (K24),hothicuongbd24ai002@gmail.com,7.2,7.6,B,Khoa AI - Khóa 24,7.4,Hồ Thị Cường,2,BD24AI002,average
2024/2025,9.0,40.7,AI104_K24_2024_2025_S2,Cấu trúc dữ liệu & Giải thuật (K24),hotuanvinhbd24ai003@gmail.com,9.7,8.4,B,Khoa AI - Khóa 24,9.0,Hồ Tuấn Vinh,2,BD24AI003,talented_but_lazy
2024/2025,9.3,97.4,AI104_K24_2024_2025_S2,Cấu trúc dữ liệu & Giải thuật (K24),hoxuansonbd24ai004@gmail.com,3.6,6.5,C,Khoa AI - Khóa 24,3.2,Hồ Xuân Sơn,2,BD24AI004,diligent_but_low
2024/2025,7.1,63.2,AI104_K24_2024_2025_S2,Cấu trúc dữ liệu & Giải thuật (K24),hokimbinhbd24ai005@gmail.com,8.7,7.8,B,Khoa AI - Khóa 24,9.3,Hồ Kim Bình,2,BD24AI005,talented_but_lazy
2024/2025,9.2,97.4,AI104_K24_2024_2025_S2,Cấu trúc dữ liệu & Giải thuật (K24),hohaitungbd24ai006@gmail.com,3.2,6.3,C,Khoa AI - Khóa 24,4.9,Hồ Hải Tùng,2,BD24AI006,diligent_but_low
2024/2025,8.4,92.8,AI104_K24_2024_2025_S2,Cấu trúc dữ liệu & Giải thuật (K24),ngođucvinhbd24ai007@gmail.com,6.9,7.8,B,Khoa AI - Khóa 24,6.8,Ngô Đức Vinh,2,BD24AI007,average
2024/2025,9.4,96.9,AI104_K24_2024_2025_S2,Cấu trúc dữ liệu & Giải thuật (K24),huynhngocbinhbd24ai008@gmail.com,9.5,9.5,A,Khoa AI - Khóa 24,9.1,Huỳnh Ngọc Bình,2,BD24AI008,excellent
2024/2025,9.4,98.1,AI104_K24_2024_2025_S2,Cấu trúc dữ liệu & Giải thuật (K24),hotuanbinhbd24ai009@gmail.com,9.3,9.4,A,Khoa AI - Khóa 24,9.7,Hồ Tuấn Bình,2,BD24AI009,excellent
2024/2025,9.8,97.3,AI104_K24_2024_2025_S2,Cấu trúc dữ liệu & Giải thuật (K24),trankimcuongbd24ai010@gmail.com,9.8,9.8,A,Khoa AI - Khóa 24,9.6,Trần Kim Cường,2,BD24AI010,excellent
2024/2025,4.2,54.1,AI104_K24_2024_2025_S2,Cấu trúc dữ liệu & Giải thuật (K24),huynhanhminhbd24ai011@gmail.com,4.0,4.3,D,Khoa AI - Khóa 24,2.7,Huỳnh Anh Minh,2,BD24AI011,struggling
2024/2025,2.6,71.3,AI104_K24_2024_2025_S2,Cấu trúc dữ liệu & Giải thuật (K24),huynhhailinhbd24ai012@gmail.com,4.2,4.3,D,Khoa AI - Khóa 24,3.6,Huỳnh Hải Linh,2,BD24AI012,struggling
2024/2025,4.1,53.4,AI104_K24_2024_2025_S2,Cấu trúc dữ liệu & Giải thuật (K24),huynhquangminhbd24ai013@gmail.com,1.7,3.1,F,Khoa AI - Khóa 24,3.7,Huỳnh Quang Minh,2,BD24AI013,struggling
2024/2025,7.8,50.9,AI104_K24_2024_2025_S2,Cấu trúc dữ liệu & Giải thuật (K24),voanhcuongbd24ai014@gmail.com,9.9,8.3,B,Khoa AI - Khóa 24,10.0,Võ Anh Cường,2,BD24AI014,talented_but_lazy
2024/2025,9.8,97.6,AI104_K24_2024_2025_S2,Cấu trúc dữ liệu & Giải thuật (K24),lengocminhbd24ai015@gmail.com,9.2,9.5,A,Khoa AI - Khóa 24,9.1,Lê Ngọc Minh,2,BD24AI015,excellent
2024/2025,9.5,94.8,AI104_K24_2024_2025_S2,Cấu trúc dữ liệu & Giải thuật (K24),huynhthanhsonbd24ai016@gmail.com,9.6,9.6,A,Khoa AI - Khóa 24,10.0,Huỳnh Thanh Sơn,2,BD24AI016,excellent
2024/2025,8.8,94.8,AI104_K24_2024_2025_S2,Cấu trúc dữ liệu & Giải thuật (K24),lyhuuloibd24ai017@gmail.com,6.9,8.0,B,Khoa AI - Khóa 24,5.6,Lý Hữu Lợi,2,BD24AI017,average
2024/2025,8.0,74.3,AI104_K24_2024_2025_S2,Cấu trúc dữ liệu & Giải thuật (K24),vuvannambd24ai018@gmail.com,6.6,7.2,B,Khoa AI - Khóa 24,6.3,Vũ Văn Nam,2,BD24AI018,average
2024/2025,9.9,98.1,AI104_K24_2024_2025_S2,Cấu trúc dữ liệu & Giải thuật (K24),tranquanghungbd24ai019@gmail.com,4.7,7.3,B,Khoa AI - Khóa 24,3.8,Trần Quang Hùng,2,BD24AI019,diligent_but_low
2024/2025,9.9,95.4,AI104_K24_2024_2025_S2,Cấu trúc dữ liệu & Giải thuật (K24),lyanhvinhbd24ai020@gmail.com,10.0,9.9,A,Khoa AI - Khóa 24,9.2,Lý Anh Vinh,2,BD24AI020,excellent
2024/2025,8.3,48.2,AI104_K24_2024_2025_S2,Cấu trúc dữ liệu & Giải thuật (K24),hođucquanbd24ai021@gmail.com,10.0,8.5,A,Khoa AI - Khóa 24,9.8,Hồ Đức Quân,2,BD24AI021,talented_but_lazy
2024/2025,7.9,81.9,AI104_K24_2024_2025_S2,Cấu trúc dữ liệu & Giải thuật (K24),vuanhphucbd24ai022@gmail.com,6.6,7.3,B,Khoa AI - Khóa 24,7.6,Vũ Anh Phúc,2,BD24AI022,average
2024/2025,7.9,89.2,AI104_K24_2024_2025_S2,Cấu trúc dữ liệu & Giải thuật (K24),đominhcuongbd24ai023@gmail.com,7.5,7.9,B,Khoa AI - Khóa 24,7.8,Đỗ Minh Cường,2,BD24AI023,average
2024/2025,9.2,97.2,AI104_K24_2024_2025_S2,Cấu trúc dữ liệu & Giải thuật (K24),trananhdungbd24ai024@gmail.com,4.6,7.0,B,Khoa AI - Khóa 24,4.7,Trần Anh Dũng,2,BD24AI024,diligent_but_low
2024/2025,7.8,86.0,AI104_K24_2024_2025_S2,Cấu trúc dữ liệu & Giải thuật (K24),đangxuanlinhbd24ai025@gmail.com,6.9,7.5,B,Khoa AI - Khóa 24,7.8,Đặng Xuân Linh,2,BD24AI025,average
2024/2025,4.3,42.5,AI104_K24_2024_2025_S2,Cấu trúc dữ liệu & Giải thuật (K24),vuvanminhbd24ai026@gmail.com,1.4,2.9,F,Khoa AI - Khóa 24,2.3,Vũ Văn Minh,2,BD24AI026,struggling
2024/2025,4.6,58.7,AI104_K24_2024_2025_S2,Cấu trúc dữ liệu & Giải thuật (K24),ngohuulinhbd24ai027@gmail.com,2.8,3.9,F,Khoa AI - Khóa 24,3.1,Ngô Hữu Linh,2,BD24AI027,struggling
2024/2025,9.3,99.4,AI104_K24_2024_2025_S2,Cấu trúc dữ liệu & Giải thuật (K24),voquangdungbd24ai028@gmail.com,4.3,6.9,C,Khoa AI - Khóa 24,3.0,Võ Quang Dũng,2,BD24AI028,diligent_but_low
2024/2025,4.2,72.6,AI104_K24_2024_2025_S2,Cấu trúc dữ liệu & Giải thuật (K24),hoanghuulinhbd24ai029@gmail.com,4.2,4.8,D,Khoa AI - Khóa 24,3.5,Hoàng Hữu Linh,2,BD24AI029,struggling
2024/2025,8.6,77.0,AI104_K24_2024_2025_S2,Cấu trúc dữ liệu & Giải thuật (K24),vungocnambd24ai030@gmail.com,5.1,6.7,C,Khoa AI - Khóa 24,7.4,Vũ Ngọc Nam,2,BD24AI030,average
2024/2025,9.5,98.0,AI104_K24_2024_2025_S2,Cấu trúc dữ liệu & Giải thuật (K24),lytuannambd24ai031@gmail.com,9.2,9.4,A,Khoa AI - Khóa 24,9.9,Lý Tuấn Nam,2,BD24AI031,excellent
2024/2025,3.6,45.5,AI104_K24_2024_2025_S2,Cấu trúc dữ liệu & Giải thuật (K24),duongkimhabd24ai032@gmail.com,4.5,4.2,D,Khoa AI - Khóa 24,4.4,Dương Kim Hà,2,BD24AI032,struggling
2024/2025,9.4,97.3,AI104_K24_2024_2025_S2,Cấu trúc dữ liệu & Giải thuật (K24),lehuuminhbd24ai033@gmail.com,9.9,9.7,A,Khoa AI - Khóa 24,9.8,Lê Hữu Minh,2,BD24AI033,excellent
2024/2025,3.6,71.9,AI104_K24_2024_2025_S2,Cấu trúc dữ liệu & Giải thuật (K24),nguyenvannambd24ai034@gmail.com,3.9,4.5,D,Khoa AI - Khóa 24,4.5,Nguyễn Văn Nam,2,BD24AI034,struggling
2024/2025,7.9,86.8,AI104_K24_2024_2025_S2,Cấu trúc dữ liệu & Giải thuật (K24),đominhanbd24ai035@gmail.com,6.3,7.2,B,Khoa AI - Khóa 24,7.2,Đỗ Minh An,2,BD24AI035,average
2024/2025,9.8,96.4,AI104_K24_2024_2025_S2,Cấu trúc dữ liệu & Giải thuật (K24),ngominhhabd24ai036@gmail.com,3.0,6.4,C,Khoa AI - Khóa 24,3.7,Ngô Minh Hà,2,BD24AI036,diligent_but_low
2024/2025,6.9,75.2,AI104_K24_2024_2025_S2,Cấu trúc dữ liệu & Giải thuật (K24),duongthanhanbd24ai037@gmail.com,6.6,6.9,C,Khoa AI - Khóa 24,6.8,Dương Thanh An,2,BD24AI037,average
2024/2025,7.0,51.8,AI104_K24_2024_2025_S2,Cấu trúc dữ liệu & Giải thuật (K24),duongđuccuongbd24ai038@gmail.com,9.2,7.7,B,Khoa AI - Khóa 24,9.6,Dương Đức Cường,2,BD24AI038,talented_but_lazy
2024/2025,8.4,71.8,AI104_K24_2024_2025_S2,Cấu trúc dữ liệu & Giải thuật (K24),phamkimdungbd24ai039@gmail.com,6.0,6.9,C,Khoa AI - Khóa 24,7.1,Phạm Kim Dũng,2,BD24AI039,average
2024/2025,7.4,88.4,AI104_K24_2024_2025_S2,Cấu trúc dữ liệu & Giải thuật (K24),vuvandungbd24ai040@gmail.com,6.0,7.0,B,Khoa AI - Khóa 24,6.7,Vũ Văn Dũng,2,BD24AI040,average
2025/2026,4.5,73.4,AI401_K22_2025_2026_S2,Đồ án chuyên ngành AI (MLOps) (K22),vuanhlinhbd22ai001@gmail.com,2.6,4.1,D,Khoa AI - Khóa 22,2.0,Vũ Anh Linh,2,BD22AI001,struggling
2025/2026,7.6,50.1,AI401_K22_2025_2026_S2,Đồ án chuyên ngành AI (MLOps) (K22),đangquangminhbd22ai002@gmail.com,9.9,8.2,B,Khoa AI - Khóa 22,9.5,Đặng Quang Minh,2,BD22AI002,talented_but_lazy
2025/2026,9.3,97.6,AI401_K22_2025_2026_S2,Đồ án chuyên ngành AI (MLOps) (K22),phanminhlinhbd22ai003@gmail.com,4.9,7.2,B,Khoa AI - Khóa 22,3.3,Phan Minh Linh,2,BD22AI003,diligent_but_low
2025/2026,9.9,95.8,AI401_K22_2025_2026_S2,Đồ án chuyên ngành AI (MLOps) (K22),hođucphucbd22ai004@gmail.com,9.9,9.8,A,Khoa AI - Khóa 22,9.1,Hồ Đức Phúc,2,BD22AI004,excellent
2025/2026,9.6,96.0,AI401_K22_2025_2026_S2,Đồ án chuyên ngành AI (MLOps) (K22),buikimtungbd22ai005@gmail.com,9.5,9.6,A,Khoa AI - Khóa 22,9.2,Bùi Kim Tùng,2,BD22AI005,excellent
2025/2026,9.5,97.1,AI401_K22_2025_2026_S2,Đồ án chuyên ngành AI (MLOps) (K22),tranhaiminhbd22ai006@gmail.com,3.2,6.4,C,Khoa AI - Khóa 22,3.6,Trần Hải Minh,2,BD22AI006,diligent_but_low
2025/2026,9.8,96.7,AI401_K22_2025_2026_S2,Đồ án chuyên ngành AI (MLOps) (K22),buihaiquanbd22ai007@gmail.com,9.7,9.7,A,Khoa AI - Khóa 22,9.8,Bùi Hải Quân,2,BD22AI007,excellent
2025/2026,9.5,99.1,AI401_K22_2025_2026_S2,Đồ án chuyên ngành AI (MLOps) (K22),hothanhsonbd22ai008@gmail.com,9.9,9.8,A,Khoa AI - Khóa 22,9.3,Hồ Thanh Sơn,2,BD22AI008,excellent
2025/2026,9.7,94.8,AI401_K22_2025_2026_S2,Đồ án chuyên ngành AI (MLOps) (K22),đangminhcuongbd22ai009@gmail.com,10.0,9.8,A,Khoa AI - Khóa 22,9.8,Đặng Minh Cường,2,BD22AI009,excellent
2025/2026,7.5,46.8,AI401_K22_2025_2026_S2,Đồ án chuyên ngành AI (MLOps) (K22),vungocvinhbd22ai010@gmail.com,9.9,8.1,B,Khoa AI - Khóa 22,9.3,Vũ Ngọc Vinh,2,BD22AI010,talented_but_lazy
2025/2026,7.8,49.8,AI401_K22_2025_2026_S2,Đồ án chuyên ngành AI (MLOps) (K22),duongtuanquanbd22ai011@gmail.com,9.3,8.0,B,Khoa AI - Khóa 22,9.2,Dương Tuấn Quân,2,BD22AI011,talented_but_lazy
2025/2026,4.1,74.4,AI401_K22_2025_2026_S2,Đồ án chuyên ngành AI (MLOps) (K22),leminhdungbd22ai012@gmail.com,1.0,3.2,F,Khoa AI - Khóa 22,3.8,Lê Minh Dũng,2,BD22AI012,struggling
2025/2026,9.5,94.7,AI401_K22_2025_2026_S2,Đồ án chuyên ngành AI (MLOps) (K22),hotuanhabd22ai013@gmail.com,9.0,9.2,A,Khoa AI - Khóa 22,9.8,Hồ Tuấn Hà,2,BD22AI013,excellent
2025/2026,9.9,98.4,AI401_K22_2025_2026_S2,Đồ án chuyên ngành AI (MLOps) (K22),vuhuuhabd22ai014@gmail.com,9.7,9.8,A,Khoa AI - Khóa 22,9.6,Vũ Hữu Hà,2,BD22AI014,excellent
2025/2026,4.2,72.9,AI401_K22_2025_2026_S2,Đồ án chuyên ngành AI (MLOps) (K22),đangthitungbd22ai015@gmail.com,2.0,3.7,F,Khoa AI - Khóa 22,2.8,Đặng Thị Tùng,2,BD22AI015,struggling
2025/2026,8.5,47.0,AI401_K22_2025_2026_S2,Đồ án chuyên ngành AI (MLOps) (K22),hoangngoctungbd22ai016@gmail.com,9.8,8.4,B,Khoa AI - Khóa 22,9.1,Hoàng Ngọc Tùng,2,BD22AI016,talented_but_lazy
2025/2026,7.9,72.8,AI401_K22_2025_2026_S2,Đồ án chuyên ngành AI (MLOps) (K22),hoquangquanbd22ai017@gmail.com,7.5,7.6,B,Khoa AI - Khóa 22,7.2,Hồ Quang Quân,2,BD22AI017,average
2025/2026,8.1,40.7,AI401_K22_2025_2026_S2,Đồ án chuyên ngành AI (MLOps) (K22),huynhhaianbd22ai018@gmail.com,9.6,8.0,B,Khoa AI - Khóa 22,10.0,Huỳnh Hải An,2,BD22AI018,talented_but_lazy
2025/2026,10.0,99.0,AI401_K22_2025_2026_S2,Đồ án chuyên ngành AI (MLOps) (K22),buituansonbd22ai019@gmail.com,9.9,9.9,A,Khoa AI - Khóa 22,9.6,Bùi Tuấn Sơn,2,BD22AI019,excellent
2025/2026,9.0,54.2,AI401_K22_2025_2026_S2,Đồ án chuyên ngành AI (MLOps) (K22),đangđuckienbd22ai020@gmail.com,9.7,8.6,A,Khoa AI - Khóa 22,9.8,Đặng Đức Kiên,2,BD22AI020,talented_but_lazy
2025/2026,8.3,87.1,AI401_K22_2025_2026_S2,Đồ án chuyên ngành AI (MLOps) (K22),ngohaihabd22ai021@gmail.com,7.5,8.0,B,Khoa AI - Khóa 22,7.5,Ngô Hải Hà,2,BD22AI021,average
2025/2026,9.7,99.1,AI401_K22_2025_2026_S2,Đồ án chuyên ngành AI (MLOps) (K22),leanhphucbd22ai022@gmail.com,10.0,9.9,A,Khoa AI - Khóa 22,9.8,Lê Anh Phúc,2,BD22AI022,excellent
2025/2026,7.4,56.6,AI401_K22_2025_2026_S2,Đồ án chuyên ngành AI (MLOps) (K22),nguyenminhtungbd22ai023@gmail.com,9.5,8.1,B,Khoa AI - Khóa 22,9.2,Nguyễn Minh Tùng,2,BD22AI023,talented_but_lazy
2025/2026,8.1,72.1,AI401_K22_2025_2026_S2,Đồ án chuyên ngành AI (MLOps) (K22),nguyenngoclinhbd22ai024@gmail.com,6.9,7.3,B,Khoa AI - Khóa 22,6.9,Nguyễn Ngọc Linh,2,BD22AI024,average
2025/2026,8.7,57.1,AI401_K22_2025_2026_S2,Đồ án chuyên ngành AI (MLOps) (K22),ngohuucuongbd22ai025@gmail.com,8.6,8.1,B,Khoa AI - Khóa 22,9.1,Ngô Hữu Cường,2,BD22AI025,talented_but_lazy
2025/2026,7.8,81.1,AI401_K22_2025_2026_S2,Đồ án chuyên ngành AI (MLOps) (K22),đangtuanquanbd22ai026@gmail.com,7.8,7.9,B,Khoa AI - Khóa 22,8.0,Đặng Tuấn Quân,2,BD22AI026,average
2025/2026,7.8,94.5,AI401_K22_2025_2026_S2,Đồ án chuyên ngành AI (MLOps) (K22),tranthinambd22ai027@gmail.com,7.3,7.9,B,Khoa AI - Khóa 22,5.7,Trần Thị Nam,2,BD22AI027,average
2025/2026,3.5,71.9,AI401_K22_2025_2026_S2,Đồ án chuyên ngành AI (MLOps) (K22),buivanvinhbd22ai028@gmail.com,1.6,3.3,F,Khoa AI - Khóa 22,2.9,Bùi Văn Vinh,2,BD22AI028,struggling
2025/2026,9.2,99.2,AI401_K22_2025_2026_S2,Đồ án chuyên ngành AI (MLOps) (K22),lehaitungbd22ai029@gmail.com,4.9,7.2,B,Khoa AI - Khóa 22,3.2,Lê Hải Tùng,2,BD22AI029,diligent_but_low
2025/2026,8.7,45.4,AI401_K22_2025_2026_S2,Đồ án chuyên ngành AI (MLOps) (K22),lexuanhabd22ai030@gmail.com,8.8,7.9,B,Khoa AI - Khóa 22,9.1,Lê Xuân Hà,2,BD22AI030,talented_but_lazy
2025/2026,2.8,72.0,AI401_K22_2025_2026_S2,Đồ án chuyên ngành AI (MLOps) (K22),lekimloibd22ai031@gmail.com,3.1,3.8,F,Khoa AI - Khóa 22,4.1,Lê Kim Lợi,2,BD22AI031,struggling
2025/2026,9.5,96.6,AI401_K22_2025_2026_S2,Đồ án chuyên ngành AI (MLOps) (K22),vuvansonbd22ai032@gmail.com,3.8,6.7,C,Khoa AI - Khóa 22,3.6,Vũ Văn Sơn,2,BD22AI032,diligent_but_low
2025/2026,7.9,48.2,AI401_K22_2025_2026_S2,Đồ án chuyên ngành AI (MLOps) (K22),lyhuuphucbd22ai033@gmail.com,9.4,8.0,B,Khoa AI - Khóa 22,9.0,Lý Hữu Phúc,2,BD22AI033,talented_but_lazy
2025/2026,7.6,44.7,AI401_K22_2025_2026_S2,Đồ án chuyên ngành AI (MLOps) (K22),phankimtungbd22ai034@gmail.com,9.2,7.8,B,Khoa AI - Khóa 22,8.5,Phan Kim Tùng,2,BD22AI034,talented_but_lazy
2025/2026,6.6,78.6,AI401_K22_2025_2026_S2,Đồ án chuyên ngành AI (MLOps) (K22),lexuannambd22ai035@gmail.com,5.8,6.4,C,Khoa AI - Khóa 22,5.6,Lê Xuân Nam,2,BD22AI035,average
2025/2026,9.6,96.8,AI401_K22_2025_2026_S2,Đồ án chuyên ngành AI (MLOps) (K22),phamthiphucbd22ai036@gmail.com,3.6,6.6,C,Khoa AI - Khóa 22,5.2,Phạm Thị Phúc,2,BD22AI036,diligent_but_low
2025/2026,7.5,40.8,AI401_K22_2025_2026_S2,Đồ án chuyên ngành AI (MLOps) (K22),lyngocquanbd22ai037@gmail.com,9.0,7.6,B,Khoa AI - Khóa 22,9.8,Lý Ngọc Quân,2,BD22AI037,talented_but_lazy
2025/2026,9.8,97.4,AI401_K22_2025_2026_S2,Đồ án chuyên ngành AI (MLOps) (K22),đangngoctungbd22ai038@gmail.com,9.5,9.6,A,Khoa AI - Khóa 22,9.6,Đặng Ngọc Tùng,2,BD22AI038,excellent
2025/2026,9.8,99.6,AI401_K22_2025_2026_S2,Đồ án chuyên ngành AI (MLOps) (K22),phanvanlinhbd22ai039@gmail.com,4.5,7.2,B,Khoa AI - Khóa 22,3.7,Phan Văn Linh,2,BD22AI039,diligent_but_low
2025/2026,9.3,99.1,AI401_K22_2025_2026_S2,Đồ án chuyên ngành AI (MLOps) (K22),phanthanhlinhbd22ai040@gmail.com,3.7,6.7,C,Khoa AI - Khóa 22,4.6,Phan Thanh Linh,2,BD22AI040,diligent_but_low
2025/2026,7.0,80.1,AI301_K23_2025_2026_S1,Reinforcement Learning (K23),lyhaibinhbd23ai001@gmail.com,7.6,7.5,B,Khoa AI - Khóa 23,5.9,Lý Hải Bình,1,BD23AI001,average
2025/2026,4.2,40.2,AI301_K23_2025_2026_S1,Reinforcement Learning (K23),vuthianbd23ai002@gmail.com,1.9,3.0,F,Khoa AI - Khóa 23,2.9,Vũ Thị An,1,BD23AI002,struggling
2025/2026,7.0,58.0,AI301_K23_2025_2026_S1,Reinforcement Learning (K23),đangngockienbd23ai003@gmail.com,9.3,7.9,B,Khoa AI - Khóa 23,9.0,Đặng Ngọc Kiên,1,BD23AI003,talented_but_lazy
2025/2026,9.2,62.1,AI301_K23_2025_2026_S1,Reinforcement Learning (K23),huynhtuanhabd23ai004@gmail.com,8.6,8.3,B,Khoa AI - Khóa 23,9.9,Huỳnh Tuấn Hà,1,BD23AI004,talented_but_lazy
2025/2026,2.3,45.4,AI301_K23_2025_2026_S1,Reinforcement Learning (K23),duongthicuongbd23ai005@gmail.com,1.4,2.3,F,Khoa AI - Khóa 23,2.8,Dương Thị Cường,1,BD23AI005,struggling
2025/2026,7.1,88.9,AI301_K23_2025_2026_S1,Reinforcement Learning (K23),duongkimtungbd23ai006@gmail.com,6.9,7.4,B,Khoa AI - Khóa 23,7.5,Dương Kim Tùng,1,BD23AI006,average
2025/2026,2.3,48.8,AI301_K23_2025_2026_S1,Reinforcement Learning (K23),đangtuansonbd23ai007@gmail.com,3.4,3.3,F,Khoa AI - Khóa 23,4.1,Đặng Tuấn Sơn,1,BD23AI007,struggling
2025/2026,9.6,99.8,AI301_K23_2025_2026_S1,Reinforcement Learning (K23),nguyenkimvinhbd23ai008@gmail.com,4.4,7.1,B,Khoa AI - Khóa 23,3.2,Nguyễn Kim Vinh,1,BD23AI008,diligent_but_low
2025/2026,4.0,44.9,AI301_K23_2025_2026_S1,Reinforcement Learning (K23),vokimhabd23ai009@gmail.com,3.8,4.0,D,Khoa AI - Khóa 23,1.9,Võ Kim Hà,1,BD23AI009,struggling
2025/2026,8.4,43.6,AI301_K23_2025_2026_S1,Reinforcement Learning (K23),phamngocminhbd23ai010@gmail.com,9.1,8.0,B,Khoa AI - Khóa 23,9.1,Phạm Ngọc Minh,1,BD23AI010,talented_but_lazy
2025/2026,7.4,44.5,AI301_K23_2025_2026_S1,Reinforcement Learning (K23),vothisonbd23ai011@gmail.com,9.7,8.0,B,Khoa AI - Khóa 23,10.0,Võ Thị Sơn,1,BD23AI011,talented_but_lazy
2025/2026,9.3,97.5,AI301_K23_2025_2026_S1,Reinforcement Learning (K23),đothanhcuongbd23ai012@gmail.com,4.6,7.0,B,Khoa AI - Khóa 23,3.3,Đỗ Thanh Cường,1,BD23AI012,diligent_but_low
2025/2026,7.2,81.4,AI301_K23_2025_2026_S1,Reinforcement Learning (K23),đangtuanvinhbd23ai013@gmail.com,8.0,7.8,B,Khoa AI - Khóa 23,6.3,Đặng Tuấn Vinh,1,BD23AI013,average
2025/2026,7.9,45.7,AI301_K23_2025_2026_S1,Reinforcement Learning (K23),tranhuuvinhbd23ai014@gmail.com,8.6,7.6,B,Khoa AI - Khóa 23,9.8,Trần Hữu Vinh,1,BD23AI014,talented_but_lazy
2025/2026,10.0,96.7,AI301_K23_2025_2026_S1,Reinforcement Learning (K23),lethanhanbd23ai015@gmail.com,4.7,7.3,B,Khoa AI - Khóa 23,4.3,Lê Thanh An,1,BD23AI015,diligent_but_low
2025/2026,4.8,45.0,AI301_K23_2025_2026_S1,Reinforcement Learning (K23),vuquanganbd23ai016@gmail.com,1.1,2.9,F,Khoa AI - Khóa 23,4.5,Vũ Quang An,1,BD23AI016,struggling
2025/2026,2.8,59.1,AI301_K23_2025_2026_S1,Reinforcement Learning (K23),vuminhkienbd23ai017@gmail.com,1.8,2.9,F,Khoa AI - Khóa 23,4.0,Vũ Minh Kiên,1,BD23AI017,struggling
2025/2026,3.2,53.3,AI301_K23_2025_2026_S1,Reinforcement Learning (K23),lyvancuongbd23ai018@gmail.com,1.9,3.0,F,Khoa AI - Khóa 23,2.8,Lý Văn Cường,1,BD23AI018,struggling
2025/2026,9.7,98.1,AI301_K23_2025_2026_S1,Reinforcement Learning (K23),tranhaisonbd23ai019@gmail.com,3.4,6.6,C,Khoa AI - Khóa 23,4.9,Trần Hải Sơn,1,BD23AI019,diligent_but_low
2025/2026,9.4,97.3,AI301_K23_2025_2026_S1,Reinforcement Learning (K23),huynhngocphucbd23ai020@gmail.com,3.9,6.7,C,Khoa AI - Khóa 23,3.7,Huỳnh Ngọc Phúc,1,BD23AI020,diligent_but_low
2025/2026,9.5,98.2,AI301_K23_2025_2026_S1,Reinforcement Learning (K23),voquangkienbd23ai021@gmail.com,9.5,9.6,A,Khoa AI - Khóa 23,9.3,Võ Quang Kiên,1,BD23AI021,excellent
2025/2026,2.7,45.6,AI301_K23_2025_2026_S1,Reinforcement Learning (K23),hokimhabd23ai022@gmail.com,2.9,3.2,F,Khoa AI - Khóa 23,4.3,Hồ Kim Hà,1,BD23AI022,struggling
2025/2026,3.5,71.2,AI301_K23_2025_2026_S1,Reinforcement Learning (K23),hoxuanquanbd23ai023@gmail.com,1.0,3.0,F,Khoa AI - Khóa 23,2.5,Hồ Xuân Quân,1,BD23AI023,struggling
2025/2026,8.3,82.0,AI301_K23_2025_2026_S1,Reinforcement Learning (K23),hođucvinhbd23ai024@gmail.com,6.2,7.2,B,Khoa AI - Khóa 23,7.2,Hồ Đức Vinh,1,BD23AI024,average
2025/2026,8.0,73.2,AI301_K23_2025_2026_S1,Reinforcement Learning (K23),phamquanganbd23ai025@gmail.com,6.4,7.1,B,Khoa AI - Khóa 23,6.9,Phạm Quang An,1,BD23AI025,average
2025/2026,7.5,77.1,AI301_K23_2025_2026_S1,Reinforcement Learning (K23),vođucloibd23ai026@gmail.com,6.8,7.2,B,Khoa AI - Khóa 23,7.2,Võ Đức Lợi,1,BD23AI026,average
2025/2026,8.5,43.1,AI301_K23_2025_2026_S1,Reinforcement Learning (K23),lythanhcuongbd23ai027@gmail.com,8.9,7.8,B,Khoa AI - Khóa 23,8.7,Lý Thanh Cường,1,BD23AI027,talented_but_lazy
2025/2026,5.0,65.6,AI301_K23_2025_2026_S1,Reinforcement Learning (K23),hoanghuuanbd23ai028@gmail.com,2.6,4.1,D,Khoa AI - Khóa 23,1.5,Hoàng Hữu An,1,BD23AI028,struggling
2025/2026,4.5,71.9,AI301_K23_2025_2026_S1,Reinforcement Learning (K23),lekimminhbd23ai029@gmail.com,1.9,3.7,F,Khoa AI - Khóa 23,1.7,Lê Kim Minh,1,BD23AI029,struggling
2025/2026,9.9,98.8,AI301_K23_2025_2026_S1,Reinforcement Learning (K23),đangvancuongbd23ai030@gmail.com,9.9,9.9,A,Khoa AI - Khóa 23,9.4,Đặng Văn Cường,1,BD23AI030,excellent
2025/2026,7.9,43.6,AI301_K23_2025_2026_S1,Reinforcement Learning (K23),nguyenkimcuongbd23ai031@gmail.com,9.1,7.8,B,Khoa AI - Khóa 23,8.6,Nguyễn Kim Cường,1,BD23AI031,talented_but_lazy
2025/2026,9.4,98.8,AI301_K23_2025_2026_S1,Reinforcement Learning (K23),hoangthanhquanbd23ai032@gmail.com,3.5,6.5,C,Khoa AI - Khóa 23,3.6,Hoàng Thanh Quân,1,BD23AI032,diligent_but_low
2025/2026,9.9,95.5,AI301_K23_2025_2026_S1,Reinforcement Learning (K23),phamhaisonbd23ai033@gmail.com,9.4,9.6,A,Khoa AI - Khóa 23,9.1,Phạm Hải Sơn,1,BD23AI033,excellent
2025/2026,9.4,97.5,AI301_K23_2025_2026_S1,Reinforcement Learning (K23),vungochabd23ai034@gmail.com,5.2,7.3,B,Khoa AI - Khóa 23,4.7,Vũ Ngọc Hà,1,BD23AI034,diligent_but_low
2025/2026,2.9,58.5,AI301_K23_2025_2026_S1,Reinforcement Learning (K23),hovansonbd23ai035@gmail.com,3.2,3.7,F,Khoa AI - Khóa 23,2.5,Hồ Văn Sơn,1,BD23AI035,struggling
2025/2026,9.5,97.9,AI301_K23_2025_2026_S1,Reinforcement Learning (K23),nguyenvanhungbd23ai036@gmail.com,9.5,9.6,A,Khoa AI - Khóa 23,9.2,Nguyễn Văn Hùng,1,BD23AI036,excellent
2025/2026,7.1,75.7,AI301_K23_2025_2026_S1,Reinforcement Learning (K23),hoangngocphucbd23ai037@gmail.com,6.4,6.9,C,Khoa AI - Khóa 23,7.2,Hoàng Ngọc Phúc,1,BD23AI037,average
2025/2026,7.0,41.4,AI301_K23_2025_2026_S1,Reinforcement Learning (K23),ngovankienbd23ai038@gmail.com,9.1,7.5,B,Khoa AI - Khóa 23,8.9,Ngô Văn Kiên,1,BD23AI038,talented_but_lazy
2025/2026,6.9,73.5,AI301_K23_2025_2026_S1,Reinforcement Learning (K23),vukimnambd23ai039@gmail.com,5.1,6.1,C,Khoa AI - Khóa 23,7.3,Vũ Kim Nam,1,BD23AI039,average
2025/2026,8.0,62.8,AI301_K23_2025_2026_S1,Reinforcement Learning (K23),đangtuanhabd23ai040@gmail.com,9.2,8.3,B,Khoa AI - Khóa 23,9.7,Đặng Tuấn Hà,1,BD23AI040,talented_but_lazy
2025/2026,6.5,86.9,AI302_K23_2025_2026_S2,Big Data & Cloud Computing (K23),lyhaibinhbd23ai001@gmail.com,7.7,7.6,B,Khoa AI - Khóa 23,7.2,Lý Hải Bình,2,BD23AI001,average
2025/2026,4.6,72.0,AI302_K23_2025_2026_S2,Big Data & Cloud Computing (K23),vuthianbd23ai002@gmail.com,1.4,3.5,F,Khoa AI - Khóa 23,3.2,Vũ Thị An,2,BD23AI002,struggling
2025/2026,8.2,59.9,AI302_K23_2025_2026_S2,Big Data & Cloud Computing (K23),đangngockienbd23ai003@gmail.com,9.4,8.4,B,Khoa AI - Khóa 23,9.6,Đặng Ngọc Kiên,2,BD23AI003,talented_but_lazy
2025/2026,8.5,50.8,AI302_K23_2025_2026_S2,Big Data & Cloud Computing (K23),huynhtuanhabd23ai004@gmail.com,9.0,8.1,B,Khoa AI - Khóa 23,9.8,Huỳnh Tuấn Hà,2,BD23AI004,talented_but_lazy
2025/2026,4.7,45.3,AI302_K23_2025_2026_S2,Big Data & Cloud Computing (K23),duongthicuongbd23ai005@gmail.com,4.2,4.4,D,Khoa AI - Khóa 23,1.5,Dương Thị Cường,2,BD23AI005,struggling
2025/2026,6.7,73.4,AI302_K23_2025_2026_S2,Big Data & Cloud Computing (K23),duongkimtungbd23ai006@gmail.com,7.4,7.2,B,Khoa AI - Khóa 23,7.6,Dương Kim Tùng,2,BD23AI006,average
2025/2026,2.6,52.2,AI302_K23_2025_2026_S2,Big Data & Cloud Computing (K23),đangtuansonbd23ai007@gmail.com,2.9,3.3,F,Khoa AI - Khóa 23,4.2,Đặng Tuấn Sơn,2,BD23AI007,struggling
2025/2026,9.5,99.4,AI302_K23_2025_2026_S2,Big Data & Cloud Computing (K23),nguyenkimvinhbd23ai008@gmail.com,4.4,7.0,B,Khoa AI - Khóa 23,4.9,Nguyễn Kim Vinh,2,BD23AI008,diligent_but_low
2025/2026,4.1,64.9,AI302_K23_2025_2026_S2,Big Data & Cloud Computing (K23),vokimhabd23ai009@gmail.com,3.9,4.5,D,Khoa AI - Khóa 23,3.1,Võ Kim Hà,2,BD23AI009,struggling
2025/2026,7.4,47.4,AI302_K23_2025_2026_S2,Big Data & Cloud Computing (K23),phamngocminhbd23ai010@gmail.com,9.9,8.1,B,Khoa AI - Khóa 23,10.0,Phạm Ngọc Minh,2,BD23AI010,talented_but_lazy
2025/2026,8.7,40.1,AI302_K23_2025_2026_S2,Big Data & Cloud Computing (K23),vothisonbd23ai011@gmail.com,8.9,7.8,B,Khoa AI - Khóa 23,9.9,Võ Thị Sơn,2,BD23AI011,talented_but_lazy
2025/2026,9.2,96.6,AI302_K23_2025_2026_S2,Big Data & Cloud Computing (K23),đothanhcuongbd23ai012@gmail.com,4.2,6.8,C,Khoa AI - Khóa 23,3.3,Đỗ Thanh Cường,2,BD23AI012,diligent_but_low
2025/2026,8.8,77.2,AI302_K23_2025_2026_S2,Big Data & Cloud Computing (K23),đangtuanvinhbd23ai013@gmail.com,6.1,7.2,B,Khoa AI - Khóa 23,6.6,Đặng Tuấn Vinh,2,BD23AI013,average
2025/2026,9.2,59.1,AI302_K23_2025_2026_S2,Big Data & Cloud Computing (K23),tranhuuvinhbd23ai014@gmail.com,8.9,8.4,B,Khoa AI - Khóa 23,8.7,Trần Hữu Vinh,2,BD23AI014,talented_but_lazy
2025/2026,9.9,96.4,AI302_K23_2025_2026_S2,Big Data & Cloud Computing (K23),lethanhanbd23ai015@gmail.com,4.1,6.9,C,Khoa AI - Khóa 23,4.5,Lê Thanh An,2,BD23AI015,diligent_but_low
2025/2026,4.7,42.4,AI302_K23_2025_2026_S2,Big Data & Cloud Computing (K23),vuquanganbd23ai016@gmail.com,1.8,3.2,F,Khoa AI - Khóa 23,2.9,Vũ Quang An,2,BD23AI016,struggling
2025/2026,2.8,66.1,AI302_K23_2025_2026_S2,Big Data & Cloud Computing (K23),vuminhkienbd23ai017@gmail.com,2.3,3.3,F,Khoa AI - Khóa 23,2.9,Vũ Minh Kiên,2,BD23AI017,struggling
2025/2026,2.3,49.2,AI302_K23_2025_2026_S2,Big Data & Cloud Computing (K23),lyvancuongbd23ai018@gmail.com,3.7,3.5,F,Khoa AI - Khóa 23,2.1,Lý Văn Cường,2,BD23AI018,struggling
2025/2026,9.9,98.3,AI302_K23_2025_2026_S2,Big Data & Cloud Computing (K23),tranhaisonbd23ai019@gmail.com,4.9,7.4,B,Khoa AI - Khóa 23,3.7,Trần Hải Sơn,2,BD23AI019,diligent_but_low
2025/2026,9.2,99.2,AI302_K23_2025_2026_S2,Big Data & Cloud Computing (K23),huynhngocphucbd23ai020@gmail.com,3.2,6.3,C,Khoa AI - Khóa 23,4.2,Huỳnh Ngọc Phúc,2,BD23AI020,diligent_but_low
2025/2026,9.8,94.9,AI302_K23_2025_2026_S2,Big Data & Cloud Computing (K23),voquangkienbd23ai021@gmail.com,9.9,9.8,A,Khoa AI - Khóa 23,9.8,Võ Quang Kiên,2,BD23AI021,excellent
2025/2026,3.3,65.8,AI302_K23_2025_2026_S2,Big Data & Cloud Computing (K23),hokimhabd23ai022@gmail.com,2.9,3.8,F,Khoa AI - Khóa 23,3.8,Hồ Kim Hà,2,BD23AI022,struggling
2025/2026,2.5,44.5,AI302_K23_2025_2026_S2,Big Data & Cloud Computing (K23),hoxuanquanbd23ai023@gmail.com,2.0,2.6,F,Khoa AI - Khóa 23,3.9,Hồ Xuân Quân,2,BD23AI023,struggling
2025/2026,8.4,88.8,AI302_K23_2025_2026_S2,Big Data & Cloud Computing (K23),hođucvinhbd23ai024@gmail.com,6.7,7.6,B,Khoa AI - Khóa 23,7.2,Hồ Đức Vinh,2,BD23AI024,average
2025/2026,7.8,77.5,AI302_K23_2025_2026_S2,Big Data & Cloud Computing (K23),phamquanganbd23ai025@gmail.com,7.6,7.7,B,Khoa AI - Khóa 23,7.4,Phạm Quang An,2,BD23AI025,average
2025/2026,7.6,83.8,AI302_K23_2025_2026_S2,Big Data & Cloud Computing (K23),vođucloibd23ai026@gmail.com,7.7,7.8,B,Khoa AI - Khóa 23,7.9,Võ Đức Lợi,2,BD23AI026,average
2025/2026,7.8,53.7,AI302_K23_2025_2026_S2,Big Data & Cloud Computing (K23),lythanhcuongbd23ai027@gmail.com,9.9,8.4,B,Khoa AI - Khóa 23,9.0,Lý Thanh Cường,2,BD23AI027,talented_but_lazy
2025/2026,4.1,42.1,AI302_K23_2025_2026_S2,Big Data & Cloud Computing (K23),hoanghuuanbd23ai028@gmail.com,3.8,4.0,D,Khoa AI - Khóa 23,2.5,Hoàng Hữu An,2,BD23AI028,struggling
2025/2026,5.0,63.0,AI302_K23_2025_2026_S2,Big Data & Cloud Computing (K23),lekimminhbd23ai029@gmail.com,3.4,4.4,D,Khoa AI - Khóa 23,3.4,Lê Kim Minh,2,BD23AI029,struggling
2025/2026,9.6,94.9,AI302_K23_2025_2026_S2,Big Data & Cloud Computing (K23),đangvancuongbd23ai030@gmail.com,9.4,9.5,A,Khoa AI - Khóa 23,9.6,Đặng Văn Cường,2,BD23AI030,excellent
2025/2026,7.2,45.7,AI302_K23_2025_2026_S2,Big Data & Cloud Computing (K23),nguyenkimcuongbd23ai031@gmail.com,8.7,7.4,B,Khoa AI - Khóa 23,8.9,Nguyễn Kim Cường,2,BD23AI031,talented_but_lazy
2025/2026,9.6,97.5,AI302_K23_2025_2026_S2,Big Data & Cloud Computing (K23),hoangthanhquanbd23ai032@gmail.com,5.0,7.3,B,Khoa AI - Khóa 23,3.6,Hoàng Thanh Quân,2,BD23AI032,diligent_but_low
2025/2026,9.6,94.9,AI302_K23_2025_2026_S2,Big Data & Cloud Computing (K23),phamhaisonbd23ai033@gmail.com,9.6,9.6,A,Khoa AI - Khóa 23,9.9,Phạm Hải Sơn,2,BD23AI033,excellent
2025/2026,9.5,97.6,AI302_K23_2025_2026_S2,Big Data & Cloud Computing (K23),vungochabd23ai034@gmail.com,3.3,6.5,C,Khoa AI - Khóa 23,3.7,Vũ Ngọc Hà,2,BD23AI034,diligent_but_low
2025/2026,2.8,73.5,AI302_K23_2025_2026_S2,Big Data & Cloud Computing (K23),hovansonbd23ai035@gmail.com,1.6,3.1,F,Khoa AI - Khóa 23,3.6,Hồ Văn Sơn,2,BD23AI035,struggling
2025/2026,9.9,94.7,AI302_K23_2025_2026_S2,Big Data & Cloud Computing (K23),nguyenvanhungbd23ai036@gmail.com,9.7,9.7,A,Khoa AI - Khóa 23,9.3,Nguyễn Văn Hùng,2,BD23AI036,excellent
2025/2026,7.6,83.1,AI302_K23_2025_2026_S2,Big Data & Cloud Computing (K23),hoangngocphucbd23ai037@gmail.com,7.7,7.8,B,Khoa AI - Khóa 23,6.6,Hoàng Ngọc Phúc,2,BD23AI037,average
2025/2026,7.2,54.8,AI302_K23_2025_2026_S2,Big Data & Cloud Computing (K23),ngovankienbd23ai038@gmail.com,9.8,8.1,B,Khoa AI - Khóa 23,8.7,Ngô Văn Kiên,2,BD23AI038,talented_but_lazy
2025/2026,8.6,89.6,AI302_K23_2025_2026_S2,Big Data & Cloud Computing (K23),vukimnambd23ai039@gmail.com,5.5,7.1,B,Khoa AI - Khóa 23,7.0,Vũ Kim Nam,2,BD23AI039,average
2025/2026,8.1,43.8,AI302_K23_2025_2026_S2,Big Data & Cloud Computing (K23),đangtuanhabd23ai040@gmail.com,8.6,7.6,B,Khoa AI - Khóa 23,9.9,Đặng Tuấn Hà,2,BD23AI040,talented_but_lazy
2025/2026,7.1,93.8,AI303_K23_2025_2026_S2,Đạo đức & Pháp luật trong AI (K23),lyhaibinhbd23ai001@gmail.com,5.3,6.6,C,Khoa AI - Khóa 23,5.7,Lý Hải Bình,2,BD23AI001,average
2025/2026,3.2,58.4,AI303_K23_2025_2026_S2,Đạo đức & Pháp luật trong AI (K23),vuthianbd23ai002@gmail.com,3.9,4.1,D,Khoa AI - Khóa 23,3.8,Vũ Thị An,2,BD23AI002,struggling
2025/2026,9.1,40.1,AI303_K23_2025_2026_S2,Đạo đức & Pháp luật trong AI (K23),đangngockienbd23ai003@gmail.com,10.0,8.5,A,Khoa AI - Khóa 23,9.8,Đặng Ngọc Kiên,2,BD23AI003,talented_but_lazy
2025/2026,8.8,41.6,AI303_K23_2025_2026_S2,Đạo đức & Pháp luật trong AI (K23),huynhtuanhabd23ai004@gmail.com,9.3,8.1,B,Khoa AI - Khóa 23,9.7,Huỳnh Tuấn Hà,2,BD23AI004,talented_but_lazy
2025/2026,3.5,47.6,AI303_K23_2025_2026_S2,Đạo đức & Pháp luật trong AI (K23),duongthicuongbd23ai005@gmail.com,1.7,2.8,F,Khoa AI - Khóa 23,3.3,Dương Thị Cường,2,BD23AI005,struggling
2025/2026,7.8,86.6,AI303_K23_2025_2026_S2,Đạo đức & Pháp luật trong AI (K23),duongkimtungbd23ai006@gmail.com,6.7,7.4,B,Khoa AI - Khóa 23,6.4,Dương Kim Tùng,2,BD23AI006,average
2025/2026,3.4,57.6,AI303_K23_2025_2026_S2,Đạo đức & Pháp luật trong AI (K23),đangtuansonbd23ai007@gmail.com,2.4,3.4,F,Khoa AI - Khóa 23,2.4,Đặng Tuấn Sơn,2,BD23AI007,struggling
2025/2026,9.4,99.7,AI303_K23_2025_2026_S2,Đạo đức & Pháp luật trong AI (K23),nguyenkimvinhbd23ai008@gmail.com,3.4,6.5,C,Khoa AI - Khóa 23,4.6,Nguyễn Kim Vinh,2,BD23AI008,diligent_but_low
2025/2026,3.7,54.2,AI303_K23_2025_2026_S2,Đạo đức & Pháp luật trong AI (K23),vokimhabd23ai009@gmail.com,2.0,3.2,F,Khoa AI - Khóa 23,4.4,Võ Kim Hà,2,BD23AI009,struggling
2025/2026,9.0,41.0,AI303_K23_2025_2026_S2,Đạo đức & Pháp luật trong AI (K23),phamngocminhbd23ai010@gmail.com,8.9,8.0,B,Khoa AI - Khóa 23,9.2,Phạm Ngọc Minh,2,BD23AI010,talented_but_lazy
2025/2026,8.9,56.2,AI303_K23_2025_2026_S2,Đạo đức & Pháp luật trong AI (K23),vothisonbd23ai011@gmail.com,9.1,8.3,B,Khoa AI - Khóa 23,9.3,Võ Thị Sơn,2,BD23AI011,talented_but_lazy
2025/2026,9.4,99.0,AI303_K23_2025_2026_S2,Đạo đức & Pháp luật trong AI (K23),đothanhcuongbd23ai012@gmail.com,4.8,7.2,B,Khoa AI - Khóa 23,3.1,Đỗ Thanh Cường,2,BD23AI012,diligent_but_low
2025/2026,7.4,78.5,AI303_K23_2025_2026_S2,Đạo đức & Pháp luật trong AI (K23),đangtuanvinhbd23ai013@gmail.com,7.9,7.8,B,Khoa AI - Khóa 23,7.5,Đặng Tuấn Vinh,2,BD23AI013,average
2025/2026,9.1,64.2,AI303_K23_2025_2026_S2,Đạo đức & Pháp luật trong AI (K23),tranhuuvinhbd23ai014@gmail.com,9.0,8.5,A,Khoa AI - Khóa 23,9.8,Trần Hữu Vinh,2,BD23AI014,talented_but_lazy
2025/2026,9.8,96.9,AI303_K23_2025_2026_S2,Đạo đức & Pháp luật trong AI (K23),lethanhanbd23ai015@gmail.com,4.3,7.0,B,Khoa AI - Khóa 23,3.9,Lê Thanh An,2,BD23AI015,diligent_but_low
2025/2026,2.6,43.2,AI303_K23_2025_2026_S2,Đạo đức & Pháp luật trong AI (K23),vuquanganbd23ai016@gmail.com,3.9,3.6,F,Khoa AI - Khóa 23,1.9,Vũ Quang An,2,BD23AI016,struggling
2025/2026,2.9,52.2,AI303_K23_2025_2026_S2,Đạo đức & Pháp luật trong AI (K23),vuminhkienbd23ai017@gmail.com,1.5,2.7,F,Khoa AI - Khóa 23,4.4,Vũ Minh Kiên,2,BD23AI017,struggling
2025/2026,2.7,63.3,AI303_K23_2025_2026_S2,Đạo đức & Pháp luật trong AI (K23),lyvancuongbd23ai018@gmail.com,1.4,2.8,F,Khoa AI - Khóa 23,2.6,Lý Văn Cường,2,BD23AI018,struggling
2025/2026,9.9,99.1,AI303_K23_2025_2026_S2,Đạo đức & Pháp luật trong AI (K23),tranhaisonbd23ai019@gmail.com,4.3,7.1,B,Khoa AI - Khóa 23,5.3,Trần Hải Sơn,2,BD23AI019,diligent_but_low
2025/2026,9.8,97.3,AI303_K23_2025_2026_S2,Đạo đức & Pháp luật trong AI (K23),huynhngocphucbd23ai020@gmail.com,4.4,7.1,B,Khoa AI - Khóa 23,4.3,Huỳnh Ngọc Phúc,2,BD23AI020,diligent_but_low
2025/2026,9.6,98.8,AI303_K23_2025_2026_S2,Đạo đức & Pháp luật trong AI (K23),voquangkienbd23ai021@gmail.com,9.8,9.7,A,Khoa AI - Khóa 23,9.7,Võ Quang Kiên,2,BD23AI021,excellent
2025/2026,2.6,65.0,AI303_K23_2025_2026_S2,Đạo đức & Pháp luật trong AI (K23),hokimhabd23ai022@gmail.com,2.3,3.2,F,Khoa AI - Khóa 23,2.2,Hồ Kim Hà,2,BD23AI022,struggling
2025/2026,3.8,62.1,AI303_K23_2025_2026_S2,Đạo đức & Pháp luật trong AI (K23),hoxuanquanbd23ai023@gmail.com,2.7,3.7,F,Khoa AI - Khóa 23,3.3,Hồ Xuân Quân,2,BD23AI023,struggling
2025/2026,8.2,91.5,AI303_K23_2025_2026_S2,Đạo đức & Pháp luật trong AI (K23),hođucvinhbd23ai024@gmail.com,5.9,7.2,B,Khoa AI - Khóa 23,7.6,Hồ Đức Vinh,2,BD23AI024,average
2025/2026,7.7,92.3,AI303_K23_2025_2026_S2,Đạo đức & Pháp luật trong AI (K23),phamquanganbd23ai025@gmail.com,5.1,6.7,C,Khoa AI - Khóa 23,5.7,Phạm Quang An,2,BD23AI025,average
2025/2026,8.3,87.6,AI303_K23_2025_2026_S2,Đạo đức & Pháp luật trong AI (K23),vođucloibd23ai026@gmail.com,6.2,7.4,B,Khoa AI - Khóa 23,6.1,Võ Đức Lợi,2,BD23AI026,average
2025/2026,9.2,60.7,AI303_K23_2025_2026_S2,Đạo đức & Pháp luật trong AI (K23),lythanhcuongbd23ai027@gmail.com,9.5,8.7,A,Khoa AI - Khóa 23,9.5,Lý Thanh Cường,2,BD23AI027,talented_but_lazy
2025/2026,4.7,40.7,AI303_K23_2025_2026_S2,Đạo đức & Pháp luật trong AI (K23),hoanghuuanbd23ai028@gmail.com,1.8,3.2,F,Khoa AI - Khóa 23,2.2,Hoàng Hữu An,2,BD23AI028,struggling
2025/2026,3.5,73.3,AI303_K23_2025_2026_S2,Đạo đức & Pháp luật trong AI (K23),lekimminhbd23ai029@gmail.com,1.4,3.2,F,Khoa AI - Khóa 23,2.1,Lê Kim Minh,2,BD23AI029,struggling
2025/2026,9.7,96.8,AI303_K23_2025_2026_S2,Đạo đức & Pháp luật trong AI (K23),đangvancuongbd23ai030@gmail.com,9.2,9.5,A,Khoa AI - Khóa 23,10.0,Đặng Văn Cường,2,BD23AI030,excellent
2025/2026,9.2,51.9,AI303_K23_2025_2026_S2,Đạo đức & Pháp luật trong AI (K23),nguyenkimcuongbd23ai031@gmail.com,9.3,8.4,B,Khoa AI - Khóa 23,9.4,Nguyễn Kim Cường,2,BD23AI031,talented_but_lazy
2025/2026,9.9,98.0,AI303_K23_2025_2026_S2,Đạo đức & Pháp luật trong AI (K23),hoangthanhquanbd23ai032@gmail.com,4.3,7.1,B,Khoa AI - Khóa 23,4.8,Hoàng Thanh Quân,2,BD23AI032,diligent_but_low
2025/2026,9.5,94.5,AI303_K23_2025_2026_S2,Đạo đức & Pháp luật trong AI (K23),phamhaisonbd23ai033@gmail.com,9.0,9.3,A,Khoa AI - Khóa 23,9.2,Phạm Hải Sơn,2,BD23AI033,excellent
2025/2026,9.2,97.4,AI303_K23_2025_2026_S2,Đạo đức & Pháp luật trong AI (K23),vungochabd23ai034@gmail.com,5.3,7.3,B,Khoa AI - Khóa 23,4.6,Vũ Ngọc Hà,2,BD23AI034,diligent_but_low
2025/2026,3.6,42.8,AI303_K23_2025_2026_S2,Đạo đức & Pháp luật trong AI (K23),hovansonbd23ai035@gmail.com,3.1,3.5,F,Khoa AI - Khóa 23,3.0,Hồ Văn Sơn,2,BD23AI035,struggling
2025/2026,9.7,98.6,AI303_K23_2025_2026_S2,Đạo đức & Pháp luật trong AI (K23),nguyenvanhungbd23ai036@gmail.com,9.1,9.5,A,Khoa AI - Khóa 23,9.6,Nguyễn Văn Hùng,2,BD23AI036,excellent
2025/2026,7.9,76.1,AI303_K23_2025_2026_S2,Đạo đức & Pháp luật trong AI (K23),hoangngocphucbd23ai037@gmail.com,6.2,7.0,B,Khoa AI - Khóa 23,5.7,Hoàng Ngọc Phúc,2,BD23AI037,average
2025/2026,7.2,64.5,AI303_K23_2025_2026_S2,Đạo đức & Pháp luật trong AI (K23),ngovankienbd23ai038@gmail.com,9.5,8.2,B,Khoa AI - Khóa 23,9.6,Ngô Văn Kiên,2,BD23AI038,talented_but_lazy
2025/2026,7.8,90.2,AI303_K23_2025_2026_S2,Đạo đức & Pháp luật trong AI (K23),vukimnambd23ai039@gmail.com,6.5,7.4,B,Khoa AI - Khóa 23,6.5,Vũ Kim Nam,2,BD23AI039,average
2025/2026,9.0,58.5,AI303_K23_2025_2026_S2,Đạo đức & Pháp luật trong AI (K23),đangtuanhabd23ai040@gmail.com,10.0,8.8,A,Khoa AI - Khóa 23,8.7,Đặng Tuấn Hà,2,BD23AI040,talented_but_lazy
2025/2026,2.1,48.5,AI201_K24_2025_2026_S1,Machine Learning (Học máy) (K24),đangđuchabd24ai001@gmail.com,2.7,3.0,F,Khoa AI - Khóa 24,3.1,Đặng Đức Hà,1,BD24AI001,struggling
2025/2026,7.5,73.2,AI201_K24_2025_2026_S1,Machine Learning (Học máy) (K24),hothicuongbd24ai002@gmail.com,7.9,7.7,B,Khoa AI - Khóa 24,6.1,Hồ Thị Cường,1,BD24AI002,average
2025/2026,7.1,52.4,AI201_K24_2025_2026_S1,Machine Learning (Học máy) (K24),hotuanvinhbd24ai003@gmail.com,9.3,7.8,B,Khoa AI - Khóa 24,8.8,Hồ Tuấn Vinh,1,BD24AI003,talented_but_lazy
2025/2026,9.9,99.3,AI201_K24_2025_2026_S1,Machine Learning (Học máy) (K24),hoxuansonbd24ai004@gmail.com,5.5,7.7,B,Khoa AI - Khóa 24,4.7,Hồ Xuân Sơn,1,BD24AI004,diligent_but_low
2025/2026,8.2,59.0,AI201_K24_2025_2026_S1,Machine Learning (Học máy) (K24),hokimbinhbd24ai005@gmail.com,9.5,8.4,B,Khoa AI - Khóa 24,9.3,Hồ Kim Bình,1,BD24AI005,talented_but_lazy
2025/2026,9.2,98.3,AI201_K24_2025_2026_S1,Machine Learning (Học máy) (K24),hohaitungbd24ai006@gmail.com,5.1,7.3,B,Khoa AI - Khóa 24,3.3,Hồ Hải Tùng,1,BD24AI006,diligent_but_low
2025/2026,7.6,84.3,AI201_K24_2025_2026_S1,Machine Learning (Học máy) (K24),ngođucvinhbd24ai007@gmail.com,7.3,7.6,B,Khoa AI - Khóa 24,6.6,Ngô Đức Vinh,1,BD24AI007,average
2025/2026,9.5,94.3,AI201_K24_2025_2026_S1,Machine Learning (Học máy) (K24),huynhngocbinhbd24ai008@gmail.com,9.8,9.6,A,Khoa AI - Khóa 24,9.6,Huỳnh Ngọc Bình,1,BD24AI008,excellent
2025/2026,9.5,95.0,AI201_K24_2025_2026_S1,Machine Learning (Học máy) (K24),hotuanbinhbd24ai009@gmail.com,10.0,9.7,A,Khoa AI - Khóa 24,9.3,Hồ Tuấn Bình,1,BD24AI009,excellent
2025/2026,9.7,99.3,AI201_K24_2025_2026_S1,Machine Learning (Học máy) (K24),trankimcuongbd24ai010@gmail.com,9.4,9.6,A,Khoa AI - Khóa 24,9.3,Trần Kim Cường,1,BD24AI010,excellent
2025/2026,3.5,49.2,AI201_K24_2025_2026_S1,Machine Learning (Học máy) (K24),huynhanhminhbd24ai011@gmail.com,2.7,3.3,F,Khoa AI - Khóa 24,3.6,Huỳnh Anh Minh,1,BD24AI011,struggling
2025/2026,4.7,55.0,AI201_K24_2025_2026_S1,Machine Learning (Học máy) (K24),huynhhailinhbd24ai012@gmail.com,3.3,4.1,D,Khoa AI - Khóa 24,2.4,Huỳnh Hải Linh,1,BD24AI012,struggling
2025/2026,4.7,71.3,AI201_K24_2025_2026_S1,Machine Learning (Học máy) (K24),huynhquangminhbd24ai013@gmail.com,1.8,3.7,F,Khoa AI - Khóa 24,3.9,Huỳnh Quang Minh,1,BD24AI013,struggling
2025/2026,8.7,61.6,AI201_K24_2025_2026_S1,Machine Learning (Học máy) (K24),voanhcuongbd24ai014@gmail.com,9.6,8.6,A,Khoa AI - Khóa 24,9.1,Võ Anh Cường,1,BD24AI014,talented_but_lazy
2025/2026,9.6,95.0,AI201_K24_2025_2026_S1,Machine Learning (Học máy) (K24),lengocminhbd24ai015@gmail.com,9.8,9.7,A,Khoa AI - Khóa 24,9.4,Lê Ngọc Minh,1,BD24AI015,excellent
2025/2026,9.8,97.7,AI201_K24_2025_2026_S1,Machine Learning (Học máy) (K24),huynhthanhsonbd24ai016@gmail.com,9.2,9.5,A,Khoa AI - Khóa 24,9.5,Huỳnh Thanh Sơn,1,BD24AI016,excellent
2025/2026,8.0,88.9,AI201_K24_2025_2026_S1,Machine Learning (Học máy) (K24),lyhuuloibd24ai017@gmail.com,7.3,7.8,B,Khoa AI - Khóa 24,7.9,Lý Hữu Lợi,1,BD24AI017,average
2025/2026,6.7,94.8,AI201_K24_2025_2026_S1,Machine Learning (Học máy) (K24),vuvannambd24ai018@gmail.com,6.6,7.2,B,Khoa AI - Khóa 24,6.9,Vũ Văn Nam,1,BD24AI018,average
2025/2026,9.6,96.5,AI201_K24_2025_2026_S1,Machine Learning (Học máy) (K24),tranquanghungbd24ai019@gmail.com,4.6,7.1,B,Khoa AI - Khóa 24,3.4,Trần Quang Hùng,1,BD24AI019,diligent_but_low
2025/2026,10.0,94.6,AI201_K24_2025_2026_S1,Machine Learning (Học máy) (K24),lyanhvinhbd24ai020@gmail.com,9.4,9.6,A,Khoa AI - Khóa 24,9.1,Lý Anh Vinh,1,BD24AI020,excellent
2025/2026,7.2,56.4,AI201_K24_2025_2026_S1,Machine Learning (Học máy) (K24),hođucquanbd24ai021@gmail.com,8.9,7.7,B,Khoa AI - Khóa 24,10.0,Hồ Đức Quân,1,BD24AI021,talented_but_lazy
2025/2026,7.6,92.8,AI201_K24_2025_2026_S1,Machine Learning (Học máy) (K24),vuanhphucbd24ai022@gmail.com,6.6,7.5,B,Khoa AI - Khóa 24,7.7,Vũ Anh Phúc,1,BD24AI022,average
2025/2026,7.0,87.7,AI201_K24_2025_2026_S1,Machine Learning (Học máy) (K24),đominhcuongbd24ai023@gmail.com,6.9,7.3,B,Khoa AI - Khóa 24,7.9,Đỗ Minh Cường,1,BD24AI023,average
2025/2026,9.4,99.7,AI201_K24_2025_2026_S1,Machine Learning (Học máy) (K24),trananhdungbd24ai024@gmail.com,3.8,6.7,C,Khoa AI - Khóa 24,5.2,Trần Anh Dũng,1,BD24AI024,diligent_but_low
2025/2026,7.6,83.5,AI201_K24_2025_2026_S1,Machine Learning (Học máy) (K24),đangxuanlinhbd24ai025@gmail.com,5.6,6.8,C,Khoa AI - Khóa 24,6.2,Đặng Xuân Linh,1,BD24AI025,average
2025/2026,3.4,52.6,AI201_K24_2025_2026_S1,Machine Learning (Học máy) (K24),vuvanminhbd24ai026@gmail.com,2.9,3.5,F,Khoa AI - Khóa 24,3.3,Vũ Văn Minh,1,BD24AI026,struggling
2025/2026,2.4,64.8,AI201_K24_2025_2026_S1,Machine Learning (Học máy) (K24),ngohuulinhbd24ai027@gmail.com,2.7,3.4,F,Khoa AI - Khóa 24,4.2,Ngô Hữu Linh,1,BD24AI027,struggling
2025/2026,9.1,98.2,AI201_K24_2025_2026_S1,Machine Learning (Học máy) (K24),voquangdungbd24ai028@gmail.com,5.1,7.3,B,Khoa AI - Khóa 24,5.3,Võ Quang Dũng,1,BD24AI028,diligent_but_low
2025/2026,3.3,43.2,AI201_K24_2025_2026_S1,Machine Learning (Học máy) (K24),hoanghuulinhbd24ai029@gmail.com,2.8,3.2,F,Khoa AI - Khóa 24,3.2,Hoàng Hữu Linh,1,BD24AI029,struggling
2025/2026,7.8,92.1,AI201_K24_2025_2026_S1,Machine Learning (Học máy) (K24),vungocnambd24ai030@gmail.com,6.1,7.2,B,Khoa AI - Khóa 24,7.5,Vũ Ngọc Nam,1,BD24AI030,average
2025/2026,9.8,96.3,AI201_K24_2025_2026_S1,Machine Learning (Học máy) (K24),lytuannambd24ai031@gmail.com,9.8,9.8,A,Khoa AI - Khóa 24,9.2,Lý Tuấn Nam,1,BD24AI031,excellent
2025/2026,3.7,64.2,AI201_K24_2025_2026_S1,Machine Learning (Học máy) (K24),duongkimhabd24ai032@gmail.com,3.2,4.0,D,Khoa AI - Khóa 24,3.7,Dương Kim Hà,1,BD24AI032,struggling
2025/2026,9.8,97.5,AI201_K24_2025_2026_S1,Machine Learning (Học máy) (K24),lehuuminhbd24ai033@gmail.com,9.7,9.8,A,Khoa AI - Khóa 24,9.3,Lê Hữu Minh,1,BD24AI033,excellent
2025/2026,2.2,69.2,AI201_K24_2025_2026_S1,Machine Learning (Học máy) (K24),nguyenvannambd24ai034@gmail.com,4.1,4.1,D,Khoa AI - Khóa 24,1.7,Nguyễn Văn Nam,1,BD24AI034,struggling
2025/2026,8.6,81.6,AI201_K24_2025_2026_S1,Machine Learning (Học máy) (K24),đominhanbd24ai035@gmail.com,7.4,7.9,B,Khoa AI - Khóa 24,7.7,Đỗ Minh An,1,BD24AI035,average
2025/2026,9.9,99.5,AI201_K24_2025_2026_S1,Machine Learning (Học máy) (K24),ngominhhabd24ai036@gmail.com,3.2,6.6,C,Khoa AI - Khóa 24,4.1,Ngô Minh Hà,1,BD24AI036,diligent_but_low
2025/2026,7.1,74.0,AI201_K24_2025_2026_S1,Machine Learning (Học máy) (K24),duongthanhanbd24ai037@gmail.com,6.1,6.7,C,Khoa AI - Khóa 24,6.6,Dương Thanh An,1,BD24AI037,average
2025/2026,7.1,50.2,AI201_K24_2025_2026_S1,Machine Learning (Học máy) (K24),duongđuccuongbd24ai038@gmail.com,8.6,7.4,B,Khoa AI - Khóa 24,9.4,Dương Đức Cường,1,BD24AI038,talented_but_lazy
2025/2026,8.2,73.8,AI201_K24_2025_2026_S1,Machine Learning (Học máy) (K24),phamkimdungbd24ai039@gmail.com,6.5,7.2,B,Khoa AI - Khóa 24,7.0,Phạm Kim Dũng,1,BD24AI039,average
2025/2026,7.5,80.4,AI201_K24_2025_2026_S1,Machine Learning (Học máy) (K24),vuvandungbd24ai040@gmail.com,5.4,6.5,C,Khoa AI - Khóa 24,7.3,Vũ Văn Dũng,1,BD24AI040,average
2025/2026,3.7,67.3,AI202_K24_2025_2026_S1,Deep Learning (Học sâu) (K24),đangđuchabd24ai001@gmail.com,3.5,4.2,D,Khoa AI - Khóa 24,3.9,Đặng Đức Hà,1,BD24AI001,struggling
2025/2026,8.6,72.1,AI202_K24_2025_2026_S1,Deep Learning (Học sâu) (K24),hothicuongbd24ai002@gmail.com,7.7,7.9,B,Khoa AI - Khóa 24,7.9,Hồ Thị Cường,1,BD24AI002,average
2025/2026,9.0,56.6,AI202_K24_2025_2026_S1,Deep Learning (Học sâu) (K24),hotuanvinhbd24ai003@gmail.com,9.7,8.7,A,Khoa AI - Khóa 24,9.2,Hồ Tuấn Vinh,1,BD24AI003,talented_but_lazy
2025/2026,9.3,98.4,AI202_K24_2025_2026_S1,Deep Learning (Học sâu) (K24),hoxuansonbd24ai004@gmail.com,4.7,7.1,B,Khoa AI - Khóa 24,3.2,Hồ Xuân Sơn,1,BD24AI004,diligent_but_low
2025/2026,7.4,60.9,AI202_K24_2025_2026_S1,Deep Learning (Học sâu) (K24),hokimbinhbd24ai005@gmail.com,9.5,8.2,B,Khoa AI - Khóa 24,8.8,Hồ Kim Bình,1,BD24AI005,talented_but_lazy
2025/2026,9.0,99.9,AI202_K24_2025_2026_S1,Deep Learning (Học sâu) (K24),hohaitungbd24ai006@gmail.com,3.2,6.3,C,Khoa AI - Khóa 24,5.0,Hồ Hải Tùng,1,BD24AI006,diligent_but_low
2025/2026,7.6,92.7,AI202_K24_2025_2026_S1,Deep Learning (Học sâu) (K24),ngođucvinhbd24ai007@gmail.com,5.7,7.0,B,Khoa AI - Khóa 24,7.5,Ngô Đức Vinh,1,BD24AI007,average
2025/2026,9.8,94.3,AI202_K24_2025_2026_S1,Deep Learning (Học sâu) (K24),huynhngocbinhbd24ai008@gmail.com,9.8,9.7,A,Khoa AI - Khóa 24,9.1,Huỳnh Ngọc Bình,1,BD24AI008,excellent
2025/2026,9.9,99.7,AI202_K24_2025_2026_S1,Deep Learning (Học sâu) (K24),hotuanbinhbd24ai009@gmail.com,9.2,9.6,A,Khoa AI - Khóa 24,9.8,Hồ Tuấn Bình,1,BD24AI009,excellent
2025/2026,9.6,97.1,AI202_K24_2025_2026_S1,Deep Learning (Học sâu) (K24),trankimcuongbd24ai010@gmail.com,9.1,9.4,A,Khoa AI - Khóa 24,9.4,Trần Kim Cường,1,BD24AI010,excellent
2025/2026,4.3,53.4,AI202_K24_2025_2026_S1,Deep Learning (Học sâu) (K24),huynhanhminhbd24ai011@gmail.com,2.8,3.8,F,Khoa AI - Khóa 24,3.1,Huỳnh Anh Minh,1,BD24AI011,struggling
2025/2026,2.5,43.2,AI202_K24_2025_2026_S1,Deep Learning (Học sâu) (K24),huynhhailinhbd24ai012@gmail.com,2.2,2.7,F,Khoa AI - Khóa 24,1.8,Huỳnh Hải Linh,1,BD24AI012,struggling
2025/2026,2.8,48.1,AI202_K24_2025_2026_S1,Deep Learning (Học sâu) (K24),huynhquangminhbd24ai013@gmail.com,4.4,4.0,D,Khoa AI - Khóa 24,3.1,Huỳnh Quang Minh,1,BD24AI013,struggling
2025/2026,7.4,54.5,AI202_K24_2025_2026_S1,Deep Learning (Học sâu) (K24),voanhcuongbd24ai014@gmail.com,8.7,7.7,B,Khoa AI - Khóa 24,9.1,Võ Anh Cường,1,BD24AI014,talented_but_lazy
2025/2026,9.6,94.3,AI202_K24_2025_2026_S1,Deep Learning (Học sâu) (K24),lengocminhbd24ai015@gmail.com,9.9,9.7,A,Khoa AI - Khóa 24,9.1,Lê Ngọc Minh,1,BD24AI015,excellent
2025/2026,9.8,96.4,AI202_K24_2025_2026_S1,Deep Learning (Học sâu) (K24),huynhthanhsonbd24ai016@gmail.com,9.8,9.8,A,Khoa AI - Khóa 24,9.7,Huỳnh Thanh Sơn,1,BD24AI016,excellent
2025/2026,8.7,94.1,AI202_K24_2025_2026_S1,Deep Learning (Học sâu) (K24),lyhuuloibd24ai017@gmail.com,6.3,7.6,B,Khoa AI - Khóa 24,5.7,Lý Hữu Lợi,1,BD24AI017,average
2025/2026,8.7,79.6,AI202_K24_2025_2026_S1,Deep Learning (Học sâu) (K24),vuvannambd24ai018@gmail.com,7.8,8.1,B,Khoa AI - Khóa 24,6.7,Vũ Văn Nam,1,BD24AI018,average
2025/2026,9.9,97.4,AI202_K24_2025_2026_S1,Deep Learning (Học sâu) (K24),tranquanghungbd24ai019@gmail.com,4.8,7.3,B,Khoa AI - Khóa 24,3.5,Trần Quang Hùng,1,BD24AI019,diligent_but_low
2025/2026,9.8,98.1,AI202_K24_2025_2026_S1,Deep Learning (Học sâu) (K24),lyanhvinhbd24ai020@gmail.com,9.3,9.6,A,Khoa AI - Khóa 24,9.2,Lý Anh Vinh,1,BD24AI020,excellent
2025/2026,8.1,47.1,AI202_K24_2025_2026_S1,Deep Learning (Học sâu) (K24),hođucquanbd24ai021@gmail.com,9.7,8.2,B,Khoa AI - Khóa 24,8.7,Hồ Đức Quân,1,BD24AI021,talented_but_lazy
2025/2026,7.9,77.7,AI202_K24_2025_2026_S1,Deep Learning (Học sâu) (K24),vuanhphucbd24ai022@gmail.com,7.4,7.6,B,Khoa AI - Khóa 24,6.5,Vũ Anh Phúc,1,BD24AI022,average
2025/2026,8.4,77.7,AI202_K24_2025_2026_S1,Deep Learning (Học sâu) (K24),đominhcuongbd24ai023@gmail.com,5.7,6.9,C,Khoa AI - Khóa 24,7.3,Đỗ Minh Cường,1,BD24AI023,average
2025/2026,9.3,96.5,AI202_K24_2025_2026_S1,Deep Learning (Học sâu) (K24),trananhdungbd24ai024@gmail.com,3.2,6.3,C,Khoa AI - Khóa 24,5.1,Trần Anh Dũng,1,BD24AI024,diligent_but_low
2025/2026,7.3,84.5,AI202_K24_2025_2026_S1,Deep Learning (Học sâu) (K24),đangxuanlinhbd24ai025@gmail.com,6.8,7.3,B,Khoa AI - Khóa 24,7.9,Đặng Xuân Linh,1,BD24AI025,average
2025/2026,3.1,43.6,AI202_K24_2025_2026_S1,Deep Learning (Học sâu) (K24),vuvanminhbd24ai026@gmail.com,2.1,2.9,F,Khoa AI - Khóa 24,1.5,Vũ Văn Minh,1,BD24AI026,struggling
2025/2026,2.6,61.5,AI202_K24_2025_2026_S1,Deep Learning (Học sâu) (K24),ngohuulinhbd24ai027@gmail.com,1.7,2.9,F,Khoa AI - Khóa 24,3.9,Ngô Hữu Linh,1,BD24AI027,struggling
2025/2026,10.0,99.6,AI202_K24_2025_2026_S1,Deep Learning (Học sâu) (K24),voquangdungbd24ai028@gmail.com,5.0,7.5,B,Khoa AI - Khóa 24,3.5,Võ Quang Dũng,1,BD24AI028,diligent_but_low
2025/2026,3.2,59.4,AI202_K24_2025_2026_S1,Deep Learning (Học sâu) (K24),hoanghuulinhbd24ai029@gmail.com,2.7,3.5,F,Khoa AI - Khóa 24,2.7,Hoàng Hữu Linh,1,BD24AI029,struggling
2025/2026,6.7,74.7,AI202_K24_2025_2026_S1,Deep Learning (Học sâu) (K24),vungocnambd24ai030@gmail.com,6.2,6.6,C,Khoa AI - Khóa 24,7.3,Vũ Ngọc Nam,1,BD24AI030,average
2025/2026,9.4,99.6,AI202_K24_2025_2026_S1,Deep Learning (Học sâu) (K24),lytuannambd24ai031@gmail.com,9.0,9.3,A,Khoa AI - Khóa 24,9.1,Lý Tuấn Nam,1,BD24AI031,excellent
2025/2026,4.7,71.8,AI202_K24_2025_2026_S1,Deep Learning (Học sâu) (K24),duongkimhabd24ai032@gmail.com,1.6,3.7,F,Khoa AI - Khóa 24,1.6,Dương Kim Hà,1,BD24AI032,struggling
2025/2026,9.5,94.1,AI202_K24_2025_2026_S1,Deep Learning (Học sâu) (K24),lehuuminhbd24ai033@gmail.com,9.5,9.5,A,Khoa AI - Khóa 24,9.5,Lê Hữu Minh,1,BD24AI033,excellent
2025/2026,3.5,52.9,AI202_K24_2025_2026_S1,Deep Learning (Học sâu) (K24),nguyenvannambd24ai034@gmail.com,1.5,2.9,F,Khoa AI - Khóa 24,2.1,Nguyễn Văn Nam,1,BD24AI034,struggling
2025/2026,6.6,91.3,AI202_K24_2025_2026_S1,Deep Learning (Học sâu) (K24),đominhanbd24ai035@gmail.com,5.1,6.3,C,Khoa AI - Khóa 24,6.6,Đỗ Minh An,1,BD24AI035,average
2025/2026,9.9,98.0,AI202_K24_2025_2026_S1,Deep Learning (Học sâu) (K24),ngominhhabd24ai036@gmail.com,3.7,6.8,C,Khoa AI - Khóa 24,4.2,Ngô Minh Hà,1,BD24AI036,diligent_but_low
2025/2026,7.3,78.1,AI202_K24_2025_2026_S1,Deep Learning (Học sâu) (K24),duongthanhanbd24ai037@gmail.com,5.9,6.7,C,Khoa AI - Khóa 24,7.8,Dương Thanh An,1,BD24AI037,average
2025/2026,8.2,49.9,AI202_K24_2025_2026_S1,Deep Learning (Học sâu) (K24),duongđuccuongbd24ai038@gmail.com,9.7,8.3,B,Khoa AI - Khóa 24,9.3,Dương Đức Cường,1,BD24AI038,talented_but_lazy
2025/2026,6.7,85.2,AI202_K24_2025_2026_S1,Deep Learning (Học sâu) (K24),phamkimdungbd24ai039@gmail.com,7.1,7.2,B,Khoa AI - Khóa 24,7.0,Phạm Kim Dũng,1,BD24AI039,average
2025/2026,6.8,75.9,AI202_K24_2025_2026_S1,Deep Learning (Học sâu) (K24),vuvandungbd24ai040@gmail.com,7.1,7.1,B,Khoa AI - Khóa 24,7.6,Vũ Văn Dũng,1,BD24AI040,average
2025/2026,3.8,65.8,AI203_K24_2025_2026_S2,Computer Vision (Thị giác máy tính) (K24),đangđuchabd24ai001@gmail.com,2.7,3.8,F,Khoa AI - Khóa 24,2.3,Đặng Đức Hà,2,BD24AI001,struggling
2025/2026,8.4,83.8,AI203_K24_2025_2026_S2,Computer Vision (Thị giác máy tính) (K24),hothicuongbd24ai002@gmail.com,7.7,8.1,B,Khoa AI - Khóa 24,7.3,Hồ Thị Cường,2,BD24AI002,average
2025/2026,7.4,40.9,AI203_K24_2025_2026_S2,Computer Vision (Thị giác máy tính) (K24),hotuanvinhbd24ai003@gmail.com,9.2,7.6,B,Khoa AI - Khóa 24,9.1,Hồ Tuấn Vinh,2,BD24AI003,talented_but_lazy
2025/2026,9.3,96.6,AI203_K24_2025_2026_S2,Computer Vision (Thị giác máy tính) (K24),hoxuansonbd24ai004@gmail.com,4.2,6.8,C,Khoa AI - Khóa 24,3.4,Hồ Xuân Sơn,2,BD24AI004,diligent_but_low
2025/2026,8.2,62.3,AI203_K24_2025_2026_S2,Computer Vision (Thị giác máy tính) (K24),hokimbinhbd24ai005@gmail.com,9.2,8.3,B,Khoa AI - Khóa 24,9.5,Hồ Kim Bình,2,BD24AI005,talented_but_lazy
2025/2026,9.8,98.6,AI203_K24_2025_2026_S2,Computer Vision (Thị giác máy tính) (K24),hohaitungbd24ai006@gmail.com,3.8,6.8,C,Khoa AI - Khóa 24,4.9,Hồ Hải Tùng,2,BD24AI006,diligent_but_low
2025/2026,6.7,77.0,AI203_K24_2025_2026_S2,Computer Vision (Thị giác máy tính) (K24),ngođucvinhbd24ai007@gmail.com,6.6,6.9,C,Khoa AI - Khóa 24,6.2,Ngô Đức Vinh,2,BD24AI007,average
2025/2026,9.6,97.3,AI203_K24_2025_2026_S2,Computer Vision (Thị giác máy tính) (K24),huynhngocbinhbd24ai008@gmail.com,9.1,9.4,A,Khoa AI - Khóa 24,10.0,Huỳnh Ngọc Bình,2,BD24AI008,excellent
2025/2026,9.6,99.5,AI203_K24_2025_2026_S2,Computer Vision (Thị giác máy tính) (K24),hotuanbinhbd24ai009@gmail.com,9.5,9.6,A,Khoa AI - Khóa 24,9.1,Hồ Tuấn Bình,2,BD24AI009,excellent
2025/2026,9.5,99.8,AI203_K24_2025_2026_S2,Computer Vision (Thị giác máy tính) (K24),trankimcuongbd24ai010@gmail.com,9.9,9.8,A,Khoa AI - Khóa 24,9.8,Trần Kim Cường,2,BD24AI010,excellent
2025/2026,2.8,58.8,AI203_K24_2025_2026_S2,Computer Vision (Thị giác máy tính) (K24),huynhanhminhbd24ai011@gmail.com,3.7,3.9,F,Khoa AI - Khóa 24,1.7,Huỳnh Anh Minh,2,BD24AI011,struggling
2025/2026,2.5,40.4,AI203_K24_2025_2026_S2,Computer Vision (Thị giác máy tính) (K24),huynhhailinhbd24ai012@gmail.com,1.9,2.5,F,Khoa AI - Khóa 24,3.1,Huỳnh Hải Linh,2,BD24AI012,struggling
2025/2026,2.6,66.1,AI203_K24_2025_2026_S2,Computer Vision (Thị giác máy tính) (K24),huynhquangminhbd24ai013@gmail.com,3.6,3.9,F,Khoa AI - Khóa 24,4.3,Huỳnh Quang Minh,2,BD24AI013,struggling
2025/2026,9.1,63.9,AI203_K24_2025_2026_S2,Computer Vision (Thị giác máy tính) (K24),voanhcuongbd24ai014@gmail.com,10.0,9.0,A,Khoa AI - Khóa 24,9.3,Võ Anh Cường,2,BD24AI014,talented_but_lazy
2025/2026,9.5,95.3,AI203_K24_2025_2026_S2,Computer Vision (Thị giác máy tính) (K24),lengocminhbd24ai015@gmail.com,9.5,9.5,A,Khoa AI - Khóa 24,9.9,Lê Ngọc Minh,2,BD24AI015,excellent
2025/2026,9.8,99.3,AI203_K24_2025_2026_S2,Computer Vision (Thị giác máy tính) (K24),huynhthanhsonbd24ai016@gmail.com,9.1,9.5,A,Khoa AI - Khóa 24,9.5,Huỳnh Thanh Sơn,2,BD24AI016,excellent
2025/2026,6.9,94.5,AI203_K24_2025_2026_S2,Computer Vision (Thị giác máy tính) (K24),lyhuuloibd24ai017@gmail.com,7.2,7.6,B,Khoa AI - Khóa 24,6.4,Lý Hữu Lợi,2,BD24AI017,average
2025/2026,7.2,76.1,AI203_K24_2025_2026_S2,Computer Vision (Thị giác máy tính) (K24),vuvannambd24ai018@gmail.com,5.1,6.2,C,Khoa AI - Khóa 24,7.3,Vũ Văn Nam,2,BD24AI018,average
2025/2026,10.0,96.0,AI203_K24_2025_2026_S2,Computer Vision (Thị giác máy tính) (K24),tranquanghungbd24ai019@gmail.com,3.2,6.5,C,Khoa AI - Khóa 24,4.7,Trần Quang Hùng,2,BD24AI019,diligent_but_low
2025/2026,9.9,96.3,AI203_K24_2025_2026_S2,Computer Vision (Thị giác máy tính) (K24),lyanhvinhbd24ai020@gmail.com,9.1,9.5,A,Khoa AI - Khóa 24,10.0,Lý Anh Vinh,2,BD24AI020,excellent
2025/2026,8.4,60.8,AI203_K24_2025_2026_S2,Computer Vision (Thị giác máy tính) (K24),hođucquanbd24ai021@gmail.com,9.1,8.3,B,Khoa AI - Khóa 24,9.6,Hồ Đức Quân,2,BD24AI021,talented_but_lazy
2025/2026,8.0,83.2,AI203_K24_2025_2026_S2,Computer Vision (Thị giác máy tính) (K24),vuanhphucbd24ai022@gmail.com,8.0,8.0,B,Khoa AI - Khóa 24,7.9,Vũ Anh Phúc,2,BD24AI022,average
2025/2026,7.7,83.1,AI203_K24_2025_2026_S2,Computer Vision (Thị giác máy tính) (K24),đominhcuongbd24ai023@gmail.com,6.4,7.2,B,Khoa AI - Khóa 24,5.8,Đỗ Minh Cường,2,BD24AI023,average
2025/2026,9.2,97.6,AI203_K24_2025_2026_S2,Computer Vision (Thị giác máy tính) (K24),trananhdungbd24ai024@gmail.com,5.2,7.3,B,Khoa AI - Khóa 24,4.3,Trần Anh Dũng,2,BD24AI024,diligent_but_low
2025/2026,7.9,92.9,AI203_K24_2025_2026_S2,Computer Vision (Thị giác máy tính) (K24),đangxuanlinhbd24ai025@gmail.com,5.9,7.2,B,Khoa AI - Khóa 24,7.0,Đặng Xuân Linh,2,BD24AI025,average
2025/2026,2.7,47.4,AI203_K24_2025_2026_S2,Computer Vision (Thị giác máy tính) (K24),vuvanminhbd24ai026@gmail.com,3.6,3.5,F,Khoa AI - Khóa 24,1.8,Vũ Văn Minh,2,BD24AI026,struggling
2025/2026,3.5,71.5,AI203_K24_2025_2026_S2,Computer Vision (Thị giác máy tính) (K24),ngohuulinhbd24ai027@gmail.com,4.0,4.5,D,Khoa AI - Khóa 24,2.1,Ngô Hữu Linh,2,BD24AI027,struggling
2025/2026,9.1,98.7,AI203_K24_2025_2026_S2,Computer Vision (Thị giác máy tính) (K24),voquangdungbd24ai028@gmail.com,4.9,7.1,B,Khoa AI - Khóa 24,4.3,Võ Quang Dũng,2,BD24AI028,diligent_but_low
2025/2026,4.4,49.5,AI203_K24_2025_2026_S2,Computer Vision (Thị giác máy tính) (K24),hoanghuulinhbd24ai029@gmail.com,1.0,2.8,F,Khoa AI - Khóa 24,3.0,Hoàng Hữu Linh,2,BD24AI029,struggling
2025/2026,7.4,77.4,AI203_K24_2025_2026_S2,Computer Vision (Thị giác máy tính) (K24),vungocnambd24ai030@gmail.com,7.2,7.4,B,Khoa AI - Khóa 24,5.8,Vũ Ngọc Nam,2,BD24AI030,average
2025/2026,9.8,94.1,AI203_K24_2025_2026_S2,Computer Vision (Thị giác máy tính) (K24),lytuannambd24ai031@gmail.com,9.2,9.4,A,Khoa AI - Khóa 24,9.9,Lý Tuấn Nam,2,BD24AI031,excellent
2025/2026,4.4,59.0,AI203_K24_2025_2026_S2,Computer Vision (Thị giác máy tính) (K24),duongkimhabd24ai032@gmail.com,3.3,4.1,D,Khoa AI - Khóa 24,4.3,Dương Kim Hà,2,BD24AI032,struggling
2025/2026,9.6,96.3,AI203_K24_2025_2026_S2,Computer Vision (Thị giác máy tính) (K24),lehuuminhbd24ai033@gmail.com,9.4,9.5,A,Khoa AI - Khóa 24,9.3,Lê Hữu Minh,2,BD24AI033,excellent
2025/2026,4.5,51.9,AI203_K24_2025_2026_S2,Computer Vision (Thị giác máy tính) (K24),nguyenvannambd24ai034@gmail.com,2.1,3.4,F,Khoa AI - Khóa 24,2.8,Nguyễn Văn Nam,2,BD24AI034,struggling
2025/2026,8.7,88.1,AI203_K24_2025_2026_S2,Computer Vision (Thị giác máy tính) (K24),đominhanbd24ai035@gmail.com,6.7,7.7,B,Khoa AI - Khóa 24,7.6,Đỗ Minh An,2,BD24AI035,average
2025/2026,9.7,99.3,AI203_K24_2025_2026_S2,Computer Vision (Thị giác máy tính) (K24),ngominhhabd24ai036@gmail.com,4.0,6.9,C,Khoa AI - Khóa 24,5.2,Ngô Minh Hà,2,BD24AI036,diligent_but_low
2025/2026,7.9,71.6,AI203_K24_2025_2026_S2,Computer Vision (Thị giác máy tính) (K24),duongthanhanbd24ai037@gmail.com,7.0,7.3,B,Khoa AI - Khóa 24,5.7,Dương Thanh An,2,BD24AI037,average
2025/2026,7.9,41.3,AI203_K24_2025_2026_S2,Computer Vision (Thị giác máy tính) (K24),duongđuccuongbd24ai038@gmail.com,9.6,8.0,B,Khoa AI - Khóa 24,8.8,Dương Đức Cường,2,BD24AI038,talented_but_lazy
2025/2026,8.7,77.2,AI203_K24_2025_2026_S2,Computer Vision (Thị giác máy tính) (K24),phamkimdungbd24ai039@gmail.com,6.2,7.3,B,Khoa AI - Khóa 24,7.7,Phạm Kim Dũng,2,BD24AI039,average
2025/2026,8.5,71.1,AI203_K24_2025_2026_S2,Computer Vision (Thị giác máy tính) (K24),vuvandungbd24ai040@gmail.com,6.9,7.4,B,Khoa AI - Khóa 24,7.7,Vũ Văn Dũng,2,BD24AI040,average
2025/2026,4.3,42.6,AI204_K24_2025_2026_S2,Natural Language Processing (NLP) (K24),đangđuchabd24ai001@gmail.com,4.3,4.3,D,Khoa AI - Khóa 24,2.3,Đặng Đức Hà,2,BD24AI001,struggling
2025/2026,7.4,85.8,AI204_K24_2025_2026_S2,Natural Language Processing (NLP) (K24),hothicuongbd24ai002@gmail.com,7.9,7.9,B,Khoa AI - Khóa 24,7.5,Hồ Thị Cường,2,BD24AI002,average
2025/2026,8.9,53.2,AI204_K24_2025_2026_S2,Natural Language Processing (NLP) (K24),hotuanvinhbd24ai003@gmail.com,9.4,8.4,B,Khoa AI - Khóa 24,8.6,Hồ Tuấn Vinh,2,BD24AI003,talented_but_lazy
2025/2026,9.1,97.1,AI204_K24_2025_2026_S2,Natural Language Processing (NLP) (K24),hoxuansonbd24ai004@gmail.com,5.5,7.4,B,Khoa AI - Khóa 24,3.0,Hồ Xuân Sơn,2,BD24AI004,diligent_but_low
2025/2026,8.3,46.5,AI204_K24_2025_2026_S2,Natural Language Processing (NLP) (K24),hokimbinhbd24ai005@gmail.com,9.6,8.2,B,Khoa AI - Khóa 24,8.6,Hồ Kim Bình,2,BD24AI005,talented_but_lazy
2025/2026,9.1,98.4,AI204_K24_2025_2026_S2,Natural Language Processing (NLP) (K24),hohaitungbd24ai006@gmail.com,3.9,6.6,C,Khoa AI - Khóa 24,3.8,Hồ Hải Tùng,2,BD24AI006,diligent_but_low
2025/2026,7.5,71.2,AI204_K24_2025_2026_S2,Natural Language Processing (NLP) (K24),ngođucvinhbd24ai007@gmail.com,7.2,7.3,B,Khoa AI - Khóa 24,7.1,Ngô Đức Vinh,2,BD24AI007,average
2025/2026,9.7,94.9,AI204_K24_2025_2026_S2,Natural Language Processing (NLP) (K24),huynhngocbinhbd24ai008@gmail.com,9.7,9.6,A,Khoa AI - Khóa 24,9.5,Huỳnh Ngọc Bình,2,BD24AI008,excellent
2025/2026,9.5,99.3,AI204_K24_2025_2026_S2,Natural Language Processing (NLP) (K24),hotuanbinhbd24ai009@gmail.com,9.2,9.4,A,Khoa AI - Khóa 24,10.0,Hồ Tuấn Bình,2,BD24AI009,excellent
2025/2026,9.6,97.2,AI204_K24_2025_2026_S2,Natural Language Processing (NLP) (K24),trankimcuongbd24ai010@gmail.com,9.8,9.7,A,Khoa AI - Khóa 24,9.3,Trần Kim Cường,2,BD24AI010,excellent
2025/2026,2.9,44.1,AI204_K24_2025_2026_S2,Natural Language Processing (NLP) (K24),huynhanhminhbd24ai011@gmail.com,3.4,3.5,F,Khoa AI - Khóa 24,3.0,Huỳnh Anh Minh,2,BD24AI011,struggling
2025/2026,2.2,54.4,AI204_K24_2025_2026_S2,Natural Language Processing (NLP) (K24),huynhhailinhbd24ai012@gmail.com,2.3,2.9,F,Khoa AI - Khóa 24,1.6,Huỳnh Hải Linh,2,BD24AI012,struggling
2025/2026,2.5,57.5,AI204_K24_2025_2026_S2,Natural Language Processing (NLP) (K24),huynhquangminhbd24ai013@gmail.com,3.4,3.6,F,Khoa AI - Khóa 24,3.4,Huỳnh Quang Minh,2,BD24AI013,struggling
2025/2026,7.2,60.4,AI204_K24_2025_2026_S2,Natural Language Processing (NLP) (K24),voanhcuongbd24ai014@gmail.com,9.4,8.1,B,Khoa AI - Khóa 24,8.5,Võ Anh Cường,2,BD24AI014,talented_but_lazy
2025/2026,9.6,97.7,AI204_K24_2025_2026_S2,Natural Language Processing (NLP) (K24),lengocminhbd24ai015@gmail.com,9.8,9.7,A,Khoa AI - Khóa 24,9.2,Lê Ngọc Minh,2,BD24AI015,excellent
2025/2026,9.7,96.3,AI204_K24_2025_2026_S2,Natural Language Processing (NLP) (K24),huynhthanhsonbd24ai016@gmail.com,9.5,9.6,A,Khoa AI - Khóa 24,9.6,Huỳnh Thanh Sơn,2,BD24AI016,excellent
2025/2026,6.8,81.6,AI204_K24_2025_2026_S2,Natural Language Processing (NLP) (K24),lyhuuloibd24ai017@gmail.com,6.3,6.8,C,Khoa AI - Khóa 24,6.5,Lý Hữu Lợi,2,BD24AI017,average
2025/2026,8.2,78.3,AI204_K24_2025_2026_S2,Natural Language Processing (NLP) (K24),vuvannambd24ai018@gmail.com,5.8,6.9,C,Khoa AI - Khóa 24,6.1,Vũ Văn Nam,2,BD24AI018,average
2025/2026,9.6,99.5,AI204_K24_2025_2026_S2,Natural Language Processing (NLP) (K24),tranquanghungbd24ai019@gmail.com,3.9,6.8,C,Khoa AI - Khóa 24,4.0,Trần Quang Hùng,2,BD24AI019,diligent_but_low
2025/2026,9.9,95.2,AI204_K24_2025_2026_S2,Natural Language Processing (NLP) (K24),lyanhvinhbd24ai020@gmail.com,9.6,9.6,A,Khoa AI - Khóa 24,9.7,Lý Anh Vinh,2,BD24AI020,excellent
2025/2026,8.0,58.7,AI204_K24_2025_2026_S2,Natural Language Processing (NLP) (K24),hođucquanbd24ai021@gmail.com,9.7,8.4,B,Khoa AI - Khóa 24,9.1,Hồ Đức Quân,2,BD24AI021,talented_but_lazy
2025/2026,8.0,86.3,AI204_K24_2025_2026_S2,Natural Language Processing (NLP) (K24),vuanhphucbd24ai022@gmail.com,5.5,6.9,C,Khoa AI - Khóa 24,6.5,Vũ Anh Phúc,2,BD24AI022,average
2025/2026,6.6,75.6,AI204_K24_2025_2026_S2,Natural Language Processing (NLP) (K24),đominhcuongbd24ai023@gmail.com,6.8,6.9,C,Khoa AI - Khóa 24,6.6,Đỗ Minh Cường,2,BD24AI023,average
2025/2026,9.5,98.8,AI204_K24_2025_2026_S2,Natural Language Processing (NLP) (K24),trananhdungbd24ai024@gmail.com,3.3,6.5,C,Khoa AI - Khóa 24,3.2,Trần Anh Dũng,2,BD24AI024,diligent_but_low
2025/2026,7.1,75.6,AI204_K24_2025_2026_S2,Natural Language Processing (NLP) (K24),đangxuanlinhbd24ai025@gmail.com,6.9,7.1,B,Khoa AI - Khóa 24,6.6,Đặng Xuân Linh,2,BD24AI025,average
2025/2026,4.5,71.9,AI204_K24_2025_2026_S2,Natural Language Processing (NLP) (K24),vuvanminhbd24ai026@gmail.com,1.2,3.4,F,Khoa AI - Khóa 24,2.1,Vũ Văn Minh,2,BD24AI026,struggling
2025/2026,3.6,59.7,AI204_K24_2025_2026_S2,Natural Language Processing (NLP) (K24),ngohuulinhbd24ai027@gmail.com,1.9,3.2,F,Khoa AI - Khóa 24,3.6,Ngô Hữu Linh,2,BD24AI027,struggling
2025/2026,10.0,96.6,AI204_K24_2025_2026_S2,Natural Language Processing (NLP) (K24),voquangdungbd24ai028@gmail.com,5.3,7.6,B,Khoa AI - Khóa 24,4.9,Võ Quang Dũng,2,BD24AI028,diligent_but_low
2025/2026,4.4,41.7,AI204_K24_2025_2026_S2,Natural Language Processing (NLP) (K24),hoanghuulinhbd24ai029@gmail.com,1.3,2.8,F,Khoa AI - Khóa 24,4.2,Hoàng Hữu Linh,2,BD24AI029,struggling
2025/2026,6.7,70.3,AI204_K24_2025_2026_S2,Natural Language Processing (NLP) (K24),vungocnambd24ai030@gmail.com,6.6,6.7,C,Khoa AI - Khóa 24,5.8,Vũ Ngọc Nam,2,BD24AI030,average
2025/2026,9.6,96.1,AI204_K24_2025_2026_S2,Natural Language Processing (NLP) (K24),lytuannambd24ai031@gmail.com,9.7,9.7,A,Khoa AI - Khóa 24,9.7,Lý Tuấn Nam,2,BD24AI031,excellent
2025/2026,2.1,57.0,AI204_K24_2025_2026_S2,Natural Language Processing (NLP) (K24),duongkimhabd24ai032@gmail.com,3.7,3.6,F,Khoa AI - Khóa 24,2.9,Dương Kim Hà,2,BD24AI032,struggling
2025/2026,9.8,95.1,AI204_K24_2025_2026_S2,Natural Language Processing (NLP) (K24),lehuuminhbd24ai033@gmail.com,9.9,9.8,A,Khoa AI - Khóa 24,9.8,Lê Hữu Minh,2,BD24AI033,excellent
2025/2026,3.1,44.2,AI204_K24_2025_2026_S2,Natural Language Processing (NLP) (K24),nguyenvannambd24ai034@gmail.com,2.3,2.9,F,Khoa AI - Khóa 24,2.0,Nguyễn Văn Nam,2,BD24AI034,struggling
2025/2026,8.2,93.8,AI204_K24_2025_2026_S2,Natural Language Processing (NLP) (K24),đominhanbd24ai035@gmail.com,6.7,7.7,B,Khoa AI - Khóa 24,5.8,Đỗ Minh An,2,BD24AI035,average
2025/2026,9.3,96.1,AI204_K24_2025_2026_S2,Natural Language Processing (NLP) (K24),ngominhhabd24ai036@gmail.com,3.0,6.2,C,Khoa AI - Khóa 24,5.5,Ngô Minh Hà,2,BD24AI036,diligent_but_low
2025/2026,7.6,70.9,AI204_K24_2025_2026_S2,Natural Language Processing (NLP) (K24),duongthanhanbd24ai037@gmail.com,7.9,7.7,B,Khoa AI - Khóa 24,7.6,Dương Thanh An,2,BD24AI037,average
2025/2026,7.5,43.2,AI204_K24_2025_2026_S2,Natural Language Processing (NLP) (K24),duongđuccuongbd24ai038@gmail.com,10.0,8.1,B,Khoa AI - Khóa 24,9.8,Dương Đức Cường,2,BD24AI038,talented_but_lazy
2025/2026,7.8,89.9,AI204_K24_2025_2026_S2,Natural Language Processing (NLP) (K24),phamkimdungbd24ai039@gmail.com,7.8,8.0,B,Khoa AI - Khóa 24,5.5,Phạm Kim Dũng,2,BD24AI039,average
2025/2026,8.2,77.9,AI204_K24_2025_2026_S2,Natural Language Processing (NLP) (K24),vuvandungbd24ai040@gmail.com,6.6,7.3,B,Khoa AI - Khóa 24,7.4,Vũ Văn Dũng,2,BD24AI040,average
2025/2026,7.2,73.0,AI101_K25_2025_2026_S1,Toán cho AI (Đại số & Giải tích) (K25),phamanhvinhbd25ai001@gmail.com,5.3,6.3,C,Khoa AI - Khóa 25,6.4,Phạm Anh Vinh,1,BD25AI001,average
2025/2026,8.4,94.5,AI101_K25_2025_2026_S1,Toán cho AI (Đại số & Giải tích) (K25),hoangquangkienbd25ai002@gmail.com,6.5,7.7,B,Khoa AI - Khóa 25,6.1,Hoàng Quang Kiên,1,BD25AI002,average
2025/2026,9.9,97.5,AI101_K25_2025_2026_S1,Toán cho AI (Đại số & Giải tích) (K25),đokimhabd25ai003@gmail.com,3.7,6.8,C,Khoa AI - Khóa 25,5.4,Đỗ Kim Hà,1,BD25AI003,diligent_but_low
2025/2026,7.9,73.4,AI101_K25_2025_2026_S1,Toán cho AI (Đại số & Giải tích) (K25),buivansonbd25ai004@gmail.com,6.8,7.2,B,Khoa AI - Khóa 25,6.0,Bùi Văn Sơn,1,BD25AI004,average
2025/2026,2.1,69.7,AI101_K25_2025_2026_S1,Toán cho AI (Đại số & Giải tích) (K25),lyđucanbd25ai005@gmail.com,1.3,2.7,F,Khoa AI - Khóa 25,4.4,Lý Đức An,1,BD25AI005,struggling
2025/2026,9.3,97.0,AI101_K25_2025_2026_S1,Toán cho AI (Đại số & Giải tích) (K25),phanvanloibd25ai006@gmail.com,4.8,7.1,B,Khoa AI - Khóa 25,4.1,Phan Văn Lợi,1,BD25AI006,diligent_but_low
2025/2026,7.9,58.2,AI101_K25_2025_2026_S1,Toán cho AI (Đại số & Giải tích) (K25),duongthidungbd25ai007@gmail.com,9.0,8.0,B,Khoa AI - Khóa 25,10.0,Dương Thị Dũng,1,BD25AI007,talented_but_lazy
2025/2026,7.5,75.1,AI101_K25_2025_2026_S1,Toán cho AI (Đại số & Giải tích) (K25),vungocnambd25ai008@gmail.com,6.6,7.1,B,Khoa AI - Khóa 25,6.3,Vũ Ngọc Nam,1,BD25AI008,average
2025/2026,4.6,57.2,AI101_K25_2025_2026_S1,Toán cho AI (Đại số & Giải tích) (K25),buihaitungbd25ai009@gmail.com,1.6,3.4,F,Khoa AI - Khóa 25,2.9,Bùi Hải Tùng,1,BD25AI009,struggling
2025/2026,7.5,90.0,AI101_K25_2025_2026_S1,Toán cho AI (Đại số & Giải tích) (K25),lyngocdungbd25ai010@gmail.com,6.3,7.2,B,Khoa AI - Khóa 25,6.2,Lý Ngọc Dũng,1,BD25AI010,average
2025/2026,8.2,77.8,AI101_K25_2025_2026_S1,Toán cho AI (Đại số & Giải tích) (K25),phamhaivinhbd25ai011@gmail.com,7.0,7.5,B,Khoa AI - Khóa 25,6.3,Phạm Hải Vinh,1,BD25AI011,average
2025/2026,3.6,74.0,AI101_K25_2025_2026_S1,Toán cho AI (Đại số & Giải tích) (K25),huynhthiloibd25ai012@gmail.com,3.4,4.3,D,Khoa AI - Khóa 25,3.7,Huỳnh Thị Lợi,1,BD25AI012,struggling
2025/2026,7.7,44.9,AI101_K25_2025_2026_S1,Toán cho AI (Đại số & Giải tích) (K25),đanghaivinhbd25ai013@gmail.com,9.1,7.8,B,Khoa AI - Khóa 25,9.6,Đặng Hải Vinh,1,BD25AI013,talented_but_lazy
2025/2026,9.8,94.5,AI101_K25_2025_2026_S1,Toán cho AI (Đại số & Giải tích) (K25),đangđuctungbd25ai014@gmail.com,9.5,9.6,A,Khoa AI - Khóa 25,9.4,Đặng Đức Tùng,1,BD25AI014,excellent
2025/2026,8.6,50.6,AI101_K25_2025_2026_S1,Toán cho AI (Đại số & Giải tích) (K25),nguyenthanhlinhbd25ai015@gmail.com,8.8,8.0,B,Khoa AI - Khóa 25,9.5,Nguyễn Thanh Linh,1,BD25AI015,talented_but_lazy
2025/2026,9.9,97.1,AI101_K25_2025_2026_S1,Toán cho AI (Đại số & Giải tích) (K25),hoanghaitungbd25ai016@gmail.com,3.3,6.6,C,Khoa AI - Khóa 25,4.9,Hoàng Hải Tùng,1,BD25AI016,diligent_but_low
2025/2026,7.4,51.8,AI101_K25_2025_2026_S1,Toán cho AI (Đại số & Giải tích) (K25),huynhhuuphucbd25ai017@gmail.com,10.0,8.3,B,Khoa AI - Khóa 25,9.0,Huỳnh Hữu Phúc,1,BD25AI017,talented_but_lazy
2025/2026,5.0,42.3,AI101_K25_2025_2026_S1,Toán cho AI (Đại số & Giải tích) (K25),huynhquanglinhbd25ai018@gmail.com,1.6,3.2,F,Khoa AI - Khóa 25,2.1,Huỳnh Quang Linh,1,BD25AI018,struggling
2025/2026,2.4,42.1,AI101_K25_2025_2026_S1,Toán cho AI (Đại số & Giải tích) (K25),phamtuanloibd25ai019@gmail.com,3.6,3.4,F,Khoa AI - Khóa 25,4.4,Phạm Tuấn Lợi,1,BD25AI019,struggling
2025/2026,7.2,70.4,AI101_K25_2025_2026_S1,Toán cho AI (Đại số & Giải tích) (K25),phanhuuminhbd25ai020@gmail.com,5.0,6.1,C,Khoa AI - Khóa 25,6.3,Phan Hữu Minh,1,BD25AI020,average
2025/2026,9.8,96.7,AI101_K25_2025_2026_S1,Toán cho AI (Đại số & Giải tích) (K25),huynhminhbinhbd25ai021@gmail.com,4.9,7.3,B,Khoa AI - Khóa 25,3.7,Huỳnh Minh Bình,1,BD25AI021,diligent_but_low
2025/2026,8.7,73.4,AI101_K25_2025_2026_S1,Toán cho AI (Đại số & Giải tích) (K25),vothanhminhbd25ai022@gmail.com,5.8,7.0,B,Khoa AI - Khóa 25,5.7,Võ Thành Minh,1,BD25AI022,average
2025/2026,9.5,99.8,AI101_K25_2025_2026_S1,Toán cho AI (Đại số & Giải tích) (K25),duongngoccuongbd25ai023@gmail.com,5.5,7.6,B,Khoa AI - Khóa 25,3.3,Dương Ngọc Cường,1,BD25AI023,diligent_but_low
2025/2026,9.7,95.2,AI101_K25_2025_2026_S1,Toán cho AI (Đại số & Giải tích) (K25),hoangxuanvinhbd25ai024@gmail.com,9.0,9.3,A,Khoa AI - Khóa 25,9.7,Hoàng Xuân Vinh,1,BD25AI024,excellent
2025/2026,9.8,98.7,AI101_K25_2025_2026_S1,Toán cho AI (Đại số & Giải tích) (K25),hohuuloibd25ai025@gmail.com,9.5,9.7,A,Khoa AI - Khóa 25,9.7,Hồ Hữu Lợi,1,BD25AI025,excellent
2025/2026,8.0,73.5,AI101_K25_2025_2026_S1,Toán cho AI (Đại số & Giải tích) (K25),buixuanphucbd25ai026@gmail.com,6.0,6.8,C,Khoa AI - Khóa 25,5.5,Bùi Xuân Phúc,1,BD25AI026,average
2025/2026,9.9,95.6,AI101_K25_2025_2026_S1,Toán cho AI (Đại số & Giải tích) (K25),lyđuclinhbd25ai027@gmail.com,9.5,9.6,A,Khoa AI - Khóa 25,9.4,Lý Đức Linh,1,BD25AI027,excellent
2025/2026,7.9,51.3,AI101_K25_2025_2026_S1,Toán cho AI (Đại số & Giải tích) (K25),buiminhquanbd25ai028@gmail.com,8.7,7.7,B,Khoa AI - Khóa 25,9.0,Bùi Minh Quân,1,BD25AI028,talented_but_lazy
2025/2026,7.5,75.9,AI101_K25_2025_2026_S1,Toán cho AI (Đại số & Giải tích) (K25),hothibinhbd25ai029@gmail.com,6.1,6.8,C,Khoa AI - Khóa 25,6.7,Hồ Thị Bình,1,BD25AI029,average
2025/2026,2.1,71.7,AI101_K25_2025_2026_S1,Toán cho AI (Đại số & Giải tích) (K25),đohuuanbd25ai030@gmail.com,4.5,4.3,D,Khoa AI - Khóa 25,2.1,Đỗ Hữu An,1,BD25AI030,struggling
2025/2026,9.9,95.0,AI101_K25_2025_2026_S1,Toán cho AI (Đại số & Giải tích) (K25),huynhkimvinhbd25ai031@gmail.com,9.8,9.7,A,Khoa AI - Khóa 25,9.3,Huỳnh Kim Vinh,1,BD25AI031,excellent
2025/2026,6.9,79.2,AI101_K25_2025_2026_S1,Toán cho AI (Đại số & Giải tích) (K25),buiquangloibd25ai032@gmail.com,6.5,6.9,C,Khoa AI - Khóa 25,6.1,Bùi Quang Lợi,1,BD25AI032,average
2025/2026,8.6,77.1,AI101_K25_2025_2026_S1,Toán cho AI (Đại số & Giải tích) (K25),hoangthilinhbd25ai033@gmail.com,7.4,7.8,B,Khoa AI - Khóa 25,6.8,Hoàng Thị Linh,1,BD25AI033,average
2025/2026,7.1,88.6,AI101_K25_2025_2026_S1,Toán cho AI (Đại số & Giải tích) (K25),tranminhlinhbd25ai034@gmail.com,5.3,6.6,C,Khoa AI - Khóa 25,7.2,Trần Minh Linh,1,BD25AI034,average
2025/2026,3.5,67.2,AI101_K25_2025_2026_S1,Toán cho AI (Đại số & Giải tích) (K25),tranminhkienbd25ai035@gmail.com,4.2,4.5,D,Khoa AI - Khóa 25,4.5,Trần Minh Kiên,1,BD25AI035,struggling
2025/2026,4.8,47.4,AI101_K25_2025_2026_S1,Toán cho AI (Đại số & Giải tích) (K25),đoquangloibd25ai036@gmail.com,1.5,3.1,F,Khoa AI - Khóa 25,4.2,Đỗ Quang Lợi,1,BD25AI036,struggling
2025/2026,7.1,77.5,AI101_K25_2025_2026_S1,Toán cho AI (Đại số & Giải tích) (K25),duongngocloibd25ai037@gmail.com,6.4,6.9,C,Khoa AI - Khóa 25,7.0,Dương Ngọc Lợi,1,BD25AI037,average
2025/2026,8.3,58.5,AI101_K25_2025_2026_S1,Toán cho AI (Đại số & Giải tích) (K25),đokimminhbd25ai038@gmail.com,9.8,8.5,A,Khoa AI - Khóa 25,8.7,Đỗ Kim Minh,1,BD25AI038,talented_but_lazy
2025/2026,2.1,68.1,AI101_K25_2025_2026_S1,Toán cho AI (Đại số & Giải tích) (K25),hothinambd25ai039@gmail.com,1.3,2.6,F,Khoa AI - Khóa 25,3.5,Hồ Thị Nam,1,BD25AI039,struggling
2025/2026,9.2,98.6,AI101_K25_2025_2026_S1,Toán cho AI (Đại số & Giải tích) (K25),vothanhnambd25ai040@gmail.com,5.5,7.4,B,Khoa AI - Khóa 25,4.8,Võ Thành Nam,1,BD25AI040,diligent_but_low
2025/2026,8.5,89.7,AI102_K25_2025_2026_S1,Xác suất & Thống kê ứng dụng (K25),phamanhvinhbd25ai001@gmail.com,5.9,7.3,B,Khoa AI - Khóa 25,5.7,Phạm Anh Vinh,1,BD25AI001,average
2025/2026,7.9,87.3,AI102_K25_2025_2026_S1,Xác suất & Thống kê ứng dụng (K25),hoangquangkienbd25ai002@gmail.com,6.9,7.6,B,Khoa AI - Khóa 25,7.7,Hoàng Quang Kiên,1,BD25AI002,average
2025/2026,9.8,97.7,AI102_K25_2025_2026_S1,Xác suất & Thống kê ứng dụng (K25),đokimhabd25ai003@gmail.com,3.6,6.7,C,Khoa AI - Khóa 25,3.5,Đỗ Kim Hà,1,BD25AI003,diligent_but_low
2025/2026,8.0,87.3,AI102_K25_2025_2026_S1,Xác suất & Thống kê ứng dụng (K25),buivansonbd25ai004@gmail.com,6.9,7.6,B,Khoa AI - Khóa 25,7.6,Bùi Văn Sơn,1,BD25AI004,average
2025/2026,3.3,58.6,AI102_K25_2025_2026_S1,Xác suất & Thống kê ứng dụng (K25),lyđucanbd25ai005@gmail.com,2.2,3.3,F,Khoa AI - Khóa 25,2.9,Lý Đức An,1,BD25AI005,struggling
2025/2026,9.8,97.6,AI102_K25_2025_2026_S1,Xác suất & Thống kê ứng dụng (K25),phanvanloibd25ai006@gmail.com,5.1,7.5,B,Khoa AI - Khóa 25,4.9,Phan Văn Lợi,1,BD25AI006,diligent_but_low
2025/2026,7.6,45.9,AI102_K25_2025_2026_S1,Xác suất & Thống kê ứng dụng (K25),duongthidungbd25ai007@gmail.com,9.4,7.9,B,Khoa AI - Khóa 25,8.8,Dương Thị Dũng,1,BD25AI007,talented_but_lazy
2025/2026,8.5,78.5,AI102_K25_2025_2026_S1,Xác suất & Thống kê ứng dụng (K25),vungocnambd25ai008@gmail.com,7.4,7.8,B,Khoa AI - Khóa 25,5.6,Vũ Ngọc Nam,1,BD25AI008,average
2025/2026,4.5,49.0,AI102_K25_2025_2026_S1,Xác suất & Thống kê ứng dụng (K25),buihaitungbd25ai009@gmail.com,3.2,4.0,D,Khoa AI - Khóa 25,3.6,Bùi Hải Tùng,1,BD25AI009,struggling
2025/2026,8.4,75.4,AI102_K25_2025_2026_S1,Xác suất & Thống kê ứng dụng (K25),lyngocdungbd25ai010@gmail.com,5.7,6.9,C,Khoa AI - Khóa 25,7.8,Lý Ngọc Dũng,1,BD25AI010,average
2025/2026,7.0,77.7,AI102_K25_2025_2026_S1,Xác suất & Thống kê ứng dụng (K25),phamhaivinhbd25ai011@gmail.com,6.2,6.8,C,Khoa AI - Khóa 25,7.2,Phạm Hải Vinh,1,BD25AI011,average
2025/2026,2.3,42.3,AI102_K25_2025_2026_S1,Xác suất & Thống kê ứng dụng (K25),huynhthiloibd25ai012@gmail.com,4.4,3.7,F,Khoa AI - Khóa 25,4.4,Huỳnh Thị Lợi,1,BD25AI012,struggling
2025/2026,8.7,52.5,AI102_K25_2025_2026_S1,Xác suất & Thống kê ứng dụng (K25),đanghaivinhbd25ai013@gmail.com,9.7,8.5,A,Khoa AI - Khóa 25,9.9,Đặng Hải Vinh,1,BD25AI013,talented_but_lazy
2025/2026,9.7,99.4,AI102_K25_2025_2026_S1,Xác suất & Thống kê ứng dụng (K25),đangđuctungbd25ai014@gmail.com,9.1,9.4,A,Khoa AI - Khóa 25,9.6,Đặng Đức Tùng,1,BD25AI014,excellent
2025/2026,7.1,51.0,AI102_K25_2025_2026_S1,Xác suất & Thống kê ứng dụng (K25),nguyenthanhlinhbd25ai015@gmail.com,9.1,7.7,B,Khoa AI - Khóa 25,9.1,Nguyễn Thanh Linh,1,BD25AI015,talented_but_lazy
2025/2026,9.3,97.4,AI102_K25_2025_2026_S1,Xác suất & Thống kê ứng dụng (K25),hoanghaitungbd25ai016@gmail.com,4.6,7.0,B,Khoa AI - Khóa 25,3.0,Hoàng Hải Tùng,1,BD25AI016,diligent_but_low
2025/2026,9.0,44.5,AI102_K25_2025_2026_S1,Xác suất & Thống kê ứng dụng (K25),huynhhuuphucbd25ai017@gmail.com,9.5,8.3,B,Khoa AI - Khóa 25,9.3,Huỳnh Hữu Phúc,1,BD25AI017,talented_but_lazy
2025/2026,2.2,50.3,AI102_K25_2025_2026_S1,Xác suất & Thống kê ứng dụng (K25),huynhquanglinhbd25ai018@gmail.com,4.2,3.8,F,Khoa AI - Khóa 25,2.5,Huỳnh Quang Linh,1,BD25AI018,struggling
2025/2026,3.0,47.8,AI102_K25_2025_2026_S1,Xác suất & Thống kê ứng dụng (K25),phamtuanloibd25ai019@gmail.com,2.5,3.1,F,Khoa AI - Khóa 25,3.8,Phạm Tuấn Lợi,1,BD25AI019,struggling
2025/2026,6.6,83.9,AI102_K25_2025_2026_S1,Xác suất & Thống kê ứng dụng (K25),phanhuuminhbd25ai020@gmail.com,6.5,6.9,C,Khoa AI - Khóa 25,7.2,Phan Hữu Minh,1,BD25AI020,average
2025/2026,9.7,96.8,AI102_K25_2025_2026_S1,Xác suất & Thống kê ứng dụng (K25),huynhminhbinhbd25ai021@gmail.com,4.1,6.9,C,Khoa AI - Khóa 25,4.1,Huỳnh Minh Bình,1,BD25AI021,diligent_but_low
2025/2026,8.8,88.0,AI102_K25_2025_2026_S1,Xác suất & Thống kê ứng dụng (K25),vothanhminhbd25ai022@gmail.com,5.6,7.2,B,Khoa AI - Khóa 25,6.9,Võ Thành Minh,1,BD25AI022,average
2025/2026,9.4,98.4,AI102_K25_2025_2026_S1,Xác suất & Thống kê ứng dụng (K25),duongngoccuongbd25ai023@gmail.com,4.6,7.1,B,Khoa AI - Khóa 25,5.1,Dương Ngọc Cường,1,BD25AI023,diligent_but_low
2025/2026,9.6,94.6,AI102_K25_2025_2026_S1,Xác suất & Thống kê ứng dụng (K25),hoangxuanvinhbd25ai024@gmail.com,9.5,9.5,A,Khoa AI - Khóa 25,9.9,Hoàng Xuân Vinh,1,BD25AI024,excellent
2025/2026,9.7,99.2,AI102_K25_2025_2026_S1,Xác suất & Thống kê ứng dụng (K25),hohuuloibd25ai025@gmail.com,9.8,9.8,A,Khoa AI - Khóa 25,9.9,Hồ Hữu Lợi,1,BD25AI025,excellent
2025/2026,6.9,91.8,AI102_K25_2025_2026_S1,Xác suất & Thống kê ứng dụng (K25),buixuanphucbd25ai026@gmail.com,6.1,7.0,B,Khoa AI - Khóa 25,6.9,Bùi Xuân Phúc,1,BD25AI026,average
2025/2026,9.5,96.8,AI102_K25_2025_2026_S1,Xác suất & Thống kê ứng dụng (K25),lyđuclinhbd25ai027@gmail.com,9.4,9.5,A,Khoa AI - Khóa 25,9.5,Lý Đức Linh,1,BD25AI027,excellent
2025/2026,8.3,63.5,AI102_K25_2025_2026_S1,Xác suất & Thống kê ứng dụng (K25),buiminhquanbd25ai028@gmail.com,9.6,8.6,A,Khoa AI - Khóa 25,9.9,Bùi Minh Quân,1,BD25AI028,talented_but_lazy
2025/2026,7.4,80.4,AI102_K25_2025_2026_S1,Xác suất & Thống kê ứng dụng (K25),hothibinhbd25ai029@gmail.com,8.0,7.8,B,Khoa AI - Khóa 25,7.1,Hồ Thị Bình,1,BD25AI029,average
2025/2026,4.3,46.9,AI102_K25_2025_2026_S1,Xác suất & Thống kê ứng dụng (K25),đohuuanbd25ai030@gmail.com,3.7,4.1,D,Khoa AI - Khóa 25,3.4,Đỗ Hữu An,1,BD25AI030,struggling
2025/2026,10.0,99.8,AI102_K25_2025_2026_S1,Xác suất & Thống kê ứng dụng (K25),huynhkimvinhbd25ai031@gmail.com,10.0,10.0,A,Khoa AI - Khóa 25,9.8,Huỳnh Kim Vinh,1,BD25AI031,excellent
2025/2026,7.6,89.9,AI102_K25_2025_2026_S1,Xác suất & Thống kê ứng dụng (K25),buiquangloibd25ai032@gmail.com,6.4,7.3,B,Khoa AI - Khóa 25,6.0,Bùi Quang Lợi,1,BD25AI032,average
2025/2026,7.2,86.6,AI102_K25_2025_2026_S1,Xác suất & Thống kê ứng dụng (K25),hoangthilinhbd25ai033@gmail.com,5.2,6.5,C,Khoa AI - Khóa 25,7.3,Hoàng Thị Linh,1,BD25AI033,average
2025/2026,7.5,91.0,AI102_K25_2025_2026_S1,Xác suất & Thống kê ứng dụng (K25),tranminhlinhbd25ai034@gmail.com,7.3,7.7,B,Khoa AI - Khóa 25,7.1,Trần Minh Linh,1,BD25AI034,average
2025/2026,3.2,71.9,AI102_K25_2025_2026_S1,Xác suất & Thống kê ứng dụng (K25),tranminhkienbd25ai035@gmail.com,1.6,3.2,F,Khoa AI - Khóa 25,3.3,Trần Minh Kiên,1,BD25AI035,struggling
2025/2026,4.5,43.3,AI102_K25_2025_2026_S1,Xác suất & Thống kê ứng dụng (K25),đoquangloibd25ai036@gmail.com,2.1,3.3,F,Khoa AI - Khóa 25,4.3,Đỗ Quang Lợi,1,BD25AI036,struggling
2025/2026,7.0,75.1,AI102_K25_2025_2026_S1,Xác suất & Thống kê ứng dụng (K25),duongngocloibd25ai037@gmail.com,6.3,6.8,C,Khoa AI - Khóa 25,7.9,Dương Ngọc Lợi,1,BD25AI037,average
2025/2026,8.5,43.5,AI102_K25_2025_2026_S1,Xác suất & Thống kê ứng dụng (K25),đokimminhbd25ai038@gmail.com,9.4,8.1,B,Khoa AI - Khóa 25,8.8,Đỗ Kim Minh,1,BD25AI038,talented_but_lazy
2025/2026,3.2,70.9,AI102_K25_2025_2026_S1,Xác suất & Thống kê ứng dụng (K25),hothinambd25ai039@gmail.com,3.6,4.2,D,Khoa AI - Khóa 25,3.6,Hồ Thị Nam,1,BD25AI039,struggling
2025/2026,9.2,99.6,AI102_K25_2025_2026_S1,Xác suất & Thống kê ứng dụng (K25),vothanhnambd25ai040@gmail.com,3.5,6.5,C,Khoa AI - Khóa 25,4.6,Võ Thành Nam,1,BD25AI040,diligent_but_low
2025/2026,7.1,78.8,AI103_K25_2025_2026_S2,Lập trình Python cho Khoa học dữ liệu (K25),phamanhvinhbd25ai001@gmail.com,7.9,7.7,B,Khoa AI - Khóa 25,7.7,Phạm Anh Vinh,2,BD25AI001,average
2025/2026,8.6,79.5,AI103_K25_2025_2026_S2,Lập trình Python cho Khoa học dữ liệu (K25),hoangquangkienbd25ai002@gmail.com,7.9,8.1,B,Khoa AI - Khóa 25,7.1,Hoàng Quang Kiên,2,BD25AI002,average
2025/2026,9.5,98.7,AI103_K25_2025_2026_S2,Lập trình Python cho Khoa học dữ liệu (K25),đokimhabd25ai003@gmail.com,3.9,6.8,C,Khoa AI - Khóa 25,5.1,Đỗ Kim Hà,2,BD25AI003,diligent_but_low
2025/2026,7.0,88.5,AI103_K25_2025_2026_S2,Lập trình Python cho Khoa học dữ liệu (K25),buivansonbd25ai004@gmail.com,7.4,7.6,B,Khoa AI - Khóa 25,6.2,Bùi Văn Sơn,2,BD25AI004,average
2025/2026,4.5,56.3,AI103_K25_2025_2026_S2,Lập trình Python cho Khoa học dữ liệu (K25),lyđucanbd25ai005@gmail.com,3.3,4.1,D,Khoa AI - Khóa 25,3.5,Lý Đức An,2,BD25AI005,struggling
2025/2026,9.9,97.5,AI103_K25_2025_2026_S2,Lập trình Python cho Khoa học dữ liệu (K25),phanvanloibd25ai006@gmail.com,5.2,7.5,B,Khoa AI - Khóa 25,4.1,Phan Văn Lợi,2,BD25AI006,diligent_but_low
2025/2026,7.8,47.1,AI103_K25_2025_2026_S2,Lập trình Python cho Khoa học dữ liệu (K25),duongthidungbd25ai007@gmail.com,9.9,8.2,B,Khoa AI - Khóa 25,8.9,Dương Thị Dũng,2,BD25AI007,talented_but_lazy
2025/2026,8.6,94.9,AI103_K25_2025_2026_S2,Lập trình Python cho Khoa học dữ liệu (K25),vungocnambd25ai008@gmail.com,7.3,8.1,B,Khoa AI - Khóa 25,5.6,Vũ Ngọc Nam,2,BD25AI008,average
2025/2026,3.7,63.4,AI103_K25_2025_2026_S2,Lập trình Python cho Khoa học dữ liệu (K25),buihaitungbd25ai009@gmail.com,2.6,3.7,F,Khoa AI - Khóa 25,2.1,Bùi Hải Tùng,2,BD25AI009,struggling
2025/2026,8.5,83.1,AI103_K25_2025_2026_S2,Lập trình Python cho Khoa học dữ liệu (K25),lyngocdungbd25ai010@gmail.com,6.5,7.4,B,Khoa AI - Khóa 25,5.8,Lý Ngọc Dũng,2,BD25AI010,average
2025/2026,6.9,82.3,AI103_K25_2025_2026_S2,Lập trình Python cho Khoa học dữ liệu (K25),phamhaivinhbd25ai011@gmail.com,6.2,6.8,C,Khoa AI - Khóa 25,6.0,Phạm Hải Vinh,2,BD25AI011,average
2025/2026,4.8,43.4,AI103_K25_2025_2026_S2,Lập trình Python cho Khoa học dữ liệu (K25),huynhthiloibd25ai012@gmail.com,4.3,4.4,D,Khoa AI - Khóa 25,3.6,Huỳnh Thị Lợi,2,BD25AI012,struggling
2025/2026,8.1,56.8,AI103_K25_2025_2026_S2,Lập trình Python cho Khoa học dữ liệu (K25),đanghaivinhbd25ai013@gmail.com,9.1,8.1,B,Khoa AI - Khóa 25,9.2,Đặng Hải Vinh,2,BD25AI013,talented_but_lazy
2025/2026,9.4,94.3,AI103_K25_2025_2026_S2,Lập trình Python cho Khoa học dữ liệu (K25),đangđuctungbd25ai014@gmail.com,9.0,9.2,A,Khoa AI - Khóa 25,9.6,Đặng Đức Tùng,2,BD25AI014,excellent
2025/2026,8.9,55.0,AI103_K25_2025_2026_S2,Lập trình Python cho Khoa học dữ liệu (K25),nguyenthanhlinhbd25ai015@gmail.com,8.7,8.1,B,Khoa AI - Khóa 25,9.1,Nguyễn Thanh Linh,2,BD25AI015,talented_but_lazy
2025/2026,9.5,96.0,AI103_K25_2025_2026_S2,Lập trình Python cho Khoa học dữ liệu (K25),hoanghaitungbd25ai016@gmail.com,3.6,6.6,C,Khoa AI - Khóa 25,5.4,Hoàng Hải Tùng,2,BD25AI016,diligent_but_low
2025/2026,8.5,61.7,AI103_K25_2025_2026_S2,Lập trình Python cho Khoa học dữ liệu (K25),huynhhuuphucbd25ai017@gmail.com,9.6,8.5,A,Khoa AI - Khóa 25,9.3,Huỳnh Hữu Phúc,2,BD25AI017,talented_but_lazy
2025/2026,3.2,65.3,AI103_K25_2025_2026_S2,Lập trình Python cho Khoa học dữ liệu (K25),huynhquanglinhbd25ai018@gmail.com,2.0,3.3,F,Khoa AI - Khóa 25,3.3,Huỳnh Quang Linh,2,BD25AI018,struggling
2025/2026,4.4,40.3,AI103_K25_2025_2026_S2,Lập trình Python cho Khoa học dữ liệu (K25),phamtuanloibd25ai019@gmail.com,3.4,3.8,F,Khoa AI - Khóa 25,3.8,Phạm Tuấn Lợi,2,BD25AI019,struggling
2025/2026,6.7,71.6,AI103_K25_2025_2026_S2,Lập trình Python cho Khoa học dữ liệu (K25),phanhuuminhbd25ai020@gmail.com,7.0,6.9,C,Khoa AI - Khóa 25,5.8,Phan Hữu Minh,2,BD25AI020,average
2025/2026,9.1,98.0,AI103_K25_2025_2026_S2,Lập trình Python cho Khoa học dữ liệu (K25),huynhminhbinhbd25ai021@gmail.com,3.1,6.3,C,Khoa AI - Khóa 25,5.5,Huỳnh Minh Bình,2,BD25AI021,diligent_but_low
2025/2026,8.2,70.7,AI103_K25_2025_2026_S2,Lập trình Python cho Khoa học dữ liệu (K25),vothanhminhbd25ai022@gmail.com,5.1,6.4,C,Khoa AI - Khóa 25,7.4,Võ Thành Minh,2,BD25AI022,average
2025/2026,9.2,96.5,AI103_K25_2025_2026_S2,Lập trình Python cho Khoa học dữ liệu (K25),duongngoccuongbd25ai023@gmail.com,5.5,7.4,B,Khoa AI - Khóa 25,5.4,Dương Ngọc Cường,2,BD25AI023,diligent_but_low
2025/2026,9.5,99.9,AI103_K25_2025_2026_S2,Lập trình Python cho Khoa học dữ liệu (K25),hoangxuanvinhbd25ai024@gmail.com,9.4,9.6,A,Khoa AI - Khóa 25,9.5,Hoàng Xuân Vinh,2,BD25AI024,excellent
2025/2026,9.5,96.3,AI103_K25_2025_2026_S2,Lập trình Python cho Khoa học dữ liệu (K25),hohuuloibd25ai025@gmail.com,9.2,9.4,A,Khoa AI - Khóa 25,9.8,Hồ Hữu Lợi,2,BD25AI025,excellent
2025/2026,8.6,74.2,AI103_K25_2025_2026_S2,Lập trình Python cho Khoa học dữ liệu (K25),buixuanphucbd25ai026@gmail.com,7.6,7.9,B,Khoa AI - Khóa 25,7.2,Bùi Xuân Phúc,2,BD25AI026,average
2025/2026,9.6,96.5,AI103_K25_2025_2026_S2,Lập trình Python cho Khoa học dữ liệu (K25),lyđuclinhbd25ai027@gmail.com,9.4,9.5,A,Khoa AI - Khóa 25,9.2,Lý Đức Linh,2,BD25AI027,excellent
2025/2026,9.0,54.5,AI103_K25_2025_2026_S2,Lập trình Python cho Khoa học dữ liệu (K25),buiminhquanbd25ai028@gmail.com,8.5,8.0,B,Khoa AI - Khóa 25,9.6,Bùi Minh Quân,2,BD25AI028,talented_but_lazy
2025/2026,7.5,83.4,AI103_K25_2025_2026_S2,Lập trình Python cho Khoa học dữ liệu (K25),hothibinhbd25ai029@gmail.com,5.1,6.5,C,Khoa AI - Khóa 25,6.7,Hồ Thị Bình,2,BD25AI029,average
2025/2026,2.8,64.2,AI103_K25_2025_2026_S2,Lập trình Python cho Khoa học dữ liệu (K25),đohuuanbd25ai030@gmail.com,3.8,4.0,D,Khoa AI - Khóa 25,4.4,Đỗ Hữu An,2,BD25AI030,struggling
2025/2026,9.5,97.5,AI103_K25_2025_2026_S2,Lập trình Python cho Khoa học dữ liệu (K25),huynhkimvinhbd25ai031@gmail.com,9.8,9.7,A,Khoa AI - Khóa 25,9.6,Huỳnh Kim Vinh,2,BD25AI031,excellent
2025/2026,7.9,75.4,AI103_K25_2025_2026_S2,Lập trình Python cho Khoa học dữ liệu (K25),buiquangloibd25ai032@gmail.com,7.4,7.6,B,Khoa AI - Khóa 25,6.5,Bùi Quang Lợi,2,BD25AI032,average
2025/2026,6.8,74.9,AI103_K25_2025_2026_S2,Lập trình Python cho Khoa học dữ liệu (K25),hoangthilinhbd25ai033@gmail.com,5.2,6.1,C,Khoa AI - Khóa 25,5.8,Hoàng Thị Linh,2,BD25AI033,average
2025/2026,6.6,86.1,AI103_K25_2025_2026_S2,Lập trình Python cho Khoa học dữ liệu (K25),tranminhlinhbd25ai034@gmail.com,6.1,6.8,C,Khoa AI - Khóa 25,6.8,Trần Minh Linh,2,BD25AI034,average
2025/2026,3.9,55.0,AI103_K25_2025_2026_S2,Lập trình Python cho Khoa học dữ liệu (K25),tranminhkienbd25ai035@gmail.com,3.3,3.9,F,Khoa AI - Khóa 25,3.7,Trần Minh Kiên,2,BD25AI035,struggling
2025/2026,3.5,46.0,AI103_K25_2025_2026_S2,Lập trình Python cho Khoa học dữ liệu (K25),đoquangloibd25ai036@gmail.com,3.4,3.6,F,Khoa AI - Khóa 25,3.2,Đỗ Quang Lợi,2,BD25AI036,struggling
2025/2026,6.5,82.6,AI103_K25_2025_2026_S2,Lập trình Python cho Khoa học dữ liệu (K25),duongngocloibd25ai037@gmail.com,5.6,6.4,C,Khoa AI - Khóa 25,7.6,Dương Ngọc Lợi,2,BD25AI037,average
2025/2026,9.0,59.6,AI103_K25_2025_2026_S2,Lập trình Python cho Khoa học dữ liệu (K25),đokimminhbd25ai038@gmail.com,9.6,8.7,A,Khoa AI - Khóa 25,9.1,Đỗ Kim Minh,2,BD25AI038,talented_but_lazy
2025/2026,3.7,51.2,AI103_K25_2025_2026_S2,Lập trình Python cho Khoa học dữ liệu (K25),hothinambd25ai039@gmail.com,3.3,3.8,F,Khoa AI - Khóa 25,3.8,Hồ Thị Nam,2,BD25AI039,struggling
2025/2026,9.7,99.1,AI103_K25_2025_2026_S2,Lập trình Python cho Khoa học dữ liệu (K25),vothanhnambd25ai040@gmail.com,3.8,6.8,C,Khoa AI - Khóa 25,5.1,Võ Thành Nam,2,BD25AI040,diligent_but_low
2025/2026,8.1,76.4,AI104_K25_2025_2026_S2,Cấu trúc dữ liệu & Giải thuật (K25),phamanhvinhbd25ai001@gmail.com,6.3,7.1,B,Khoa AI - Khóa 25,6.7,Phạm Anh Vinh,2,BD25AI001,average
2025/2026,7.8,71.2,AI104_K25_2025_2026_S2,Cấu trúc dữ liệu & Giải thuật (K25),hoangquangkienbd25ai002@gmail.com,7.5,7.5,B,Khoa AI - Khóa 25,7.6,Hoàng Quang Kiên,2,BD25AI002,average
2025/2026,9.5,97.3,AI104_K25_2025_2026_S2,Cấu trúc dữ liệu & Giải thuật (K25),đokimhabd25ai003@gmail.com,3.7,6.6,C,Khoa AI - Khóa 25,4.2,Đỗ Kim Hà,2,BD25AI003,diligent_but_low
2025/2026,7.8,84.4,AI104_K25_2025_2026_S2,Cấu trúc dữ liệu & Giải thuật (K25),buivansonbd25ai004@gmail.com,7.9,8.0,B,Khoa AI - Khóa 25,7.3,Bùi Văn Sơn,2,BD25AI004,average
2025/2026,3.2,53.7,AI104_K25_2025_2026_S2,Cấu trúc dữ liệu & Giải thuật (K25),lyđucanbd25ai005@gmail.com,3.4,3.8,F,Khoa AI - Khóa 25,1.8,Lý Đức An,2,BD25AI005,struggling
2025/2026,9.4,98.8,AI104_K25_2025_2026_S2,Cấu trúc dữ liệu & Giải thuật (K25),phanvanloibd25ai006@gmail.com,5.2,7.4,B,Khoa AI - Khóa 25,4.2,Phan Văn Lợi,2,BD25AI006,diligent_but_low
2025/2026,8.5,42.6,AI104_K25_2025_2026_S2,Cấu trúc dữ liệu & Giải thuật (K25),duongthidungbd25ai007@gmail.com,8.7,7.8,B,Khoa AI - Khóa 25,9.6,Dương Thị Dũng,2,BD25AI007,talented_but_lazy
2025/2026,7.7,79.0,AI104_K25_2025_2026_S2,Cấu trúc dữ liệu & Giải thuật (K25),vungocnambd25ai008@gmail.com,7.4,7.6,B,Khoa AI - Khóa 25,6.1,Vũ Ngọc Nam,2,BD25AI008,average
2025/2026,2.9,49.4,AI104_K25_2025_2026_S2,Cấu trúc dữ liệu & Giải thuật (K25),buihaitungbd25ai009@gmail.com,1.2,2.5,F,Khoa AI - Khóa 25,2.3,Bùi Hải Tùng,2,BD25AI009,struggling
2025/2026,8.0,87.3,AI104_K25_2025_2026_S2,Cấu trúc dữ liệu & Giải thuật (K25),lyngocdungbd25ai010@gmail.com,7.2,7.7,B,Khoa AI - Khóa 25,6.1,Lý Ngọc Dũng,2,BD25AI010,average
2025/2026,7.6,86.2,AI104_K25_2025_2026_S2,Cấu trúc dữ liệu & Giải thuật (K25),phamhaivinhbd25ai011@gmail.com,6.2,7.1,B,Khoa AI - Khóa 25,7.1,Phạm Hải Vinh,2,BD25AI011,average
2025/2026,3.2,60.8,AI104_K25_2025_2026_S2,Cấu trúc dữ liệu & Giải thuật (K25),huynhthiloibd25ai012@gmail.com,1.3,2.8,F,Khoa AI - Khóa 25,3.4,Huỳnh Thị Lợi,2,BD25AI012,struggling
2025/2026,7.1,42.2,AI104_K25_2025_2026_S2,Cấu trúc dữ liệu & Giải thuật (K25),đanghaivinhbd25ai013@gmail.com,9.0,7.5,B,Khoa AI - Khóa 25,9.9,Đặng Hải Vinh,2,BD25AI013,talented_but_lazy
2025/2026,9.6,96.6,AI104_K25_2025_2026_S2,Cấu trúc dữ liệu & Giải thuật (K25),đangđuctungbd25ai014@gmail.com,9.5,9.6,A,Khoa AI - Khóa 25,9.7,Đặng Đức Tùng,2,BD25AI014,excellent
2025/2026,9.1,42.9,AI104_K25_2025_2026_S2,Cấu trúc dữ liệu & Giải thuật (K25),nguyenthanhlinhbd25ai015@gmail.com,8.5,7.9,B,Khoa AI - Khóa 25,9.9,Nguyễn Thanh Linh,2,BD25AI015,talented_but_lazy
2025/2026,9.8,96.5,AI104_K25_2025_2026_S2,Cấu trúc dữ liệu & Giải thuật (K25),hoanghaitungbd25ai016@gmail.com,3.2,6.5,C,Khoa AI - Khóa 25,4.0,Hoàng Hải Tùng,2,BD25AI016,diligent_but_low
2025/2026,8.2,47.7,AI104_K25_2025_2026_S2,Cấu trúc dữ liệu & Giải thuật (K25),huynhhuuphucbd25ai017@gmail.com,9.2,8.0,B,Khoa AI - Khóa 25,8.7,Huỳnh Hữu Phúc,2,BD25AI017,talented_but_lazy
2025/2026,2.7,67.5,AI104_K25_2025_2026_S2,Cấu trúc dữ liệu & Giải thuật (K25),huynhquanglinhbd25ai018@gmail.com,3.5,3.9,F,Khoa AI - Khóa 25,4.1,Huỳnh Quang Linh,2,BD25AI018,struggling
2025/2026,4.9,65.8,AI104_K25_2025_2026_S2,Cấu trúc dữ liệu & Giải thuật (K25),phamtuanloibd25ai019@gmail.com,1.3,3.4,F,Khoa AI - Khóa 25,2.5,Phạm Tuấn Lợi,2,BD25AI019,struggling
2025/2026,8.1,94.3,AI104_K25_2025_2026_S2,Cấu trúc dữ liệu & Giải thuật (K25),phanhuuminhbd25ai020@gmail.com,5.4,7.0,B,Khoa AI - Khóa 25,7.8,Phan Hữu Minh,2,BD25AI020,average
2025/2026,9.0,96.5,AI104_K25_2025_2026_S2,Cấu trúc dữ liệu & Giải thuật (K25),huynhminhbinhbd25ai021@gmail.com,4.1,6.7,C,Khoa AI - Khóa 25,4.1,Huỳnh Minh Bình,2,BD25AI021,diligent_but_low
2025/2026,6.6,77.3,AI104_K25_2025_2026_S2,Cấu trúc dữ liệu & Giải thuật (K25),vothanhminhbd25ai022@gmail.com,5.6,6.3,C,Khoa AI - Khóa 25,7.0,Võ Thành Minh,2,BD25AI022,average
2025/2026,9.0,99.8,AI104_K25_2025_2026_S2,Cấu trúc dữ liệu & Giải thuật (K25),duongngoccuongbd25ai023@gmail.com,5.2,7.3,B,Khoa AI - Khóa 25,3.8,Dương Ngọc Cường,2,BD25AI023,diligent_but_low
2025/2026,10.0,95.7,AI104_K25_2025_2026_S2,Cấu trúc dữ liệu & Giải thuật (K25),hoangxuanvinhbd25ai024@gmail.com,9.6,9.7,A,Khoa AI - Khóa 25,9.3,Hoàng Xuân Vinh,2,BD25AI024,excellent
2025/2026,9.8,94.3,AI104_K25_2025_2026_S2,Cấu trúc dữ liệu & Giải thuật (K25),hohuuloibd25ai025@gmail.com,9.8,9.7,A,Khoa AI - Khóa 25,9.3,Hồ Hữu Lợi,2,BD25AI025,excellent
2025/2026,8.0,86.6,AI104_K25_2025_2026_S2,Cấu trúc dữ liệu & Giải thuật (K25),buixuanphucbd25ai026@gmail.com,5.8,7.0,B,Khoa AI - Khóa 25,6.5,Bùi Xuân Phúc,2,BD25AI026,average
2025/2026,9.9,96.5,AI104_K25_2025_2026_S2,Cấu trúc dữ liệu & Giải thuật (K25),lyđuclinhbd25ai027@gmail.com,9.0,9.4,A,Khoa AI - Khóa 25,9.0,Lý Đức Linh,2,BD25AI027,excellent
2025/2026,7.6,45.9,AI104_K25_2025_2026_S2,Cấu trúc dữ liệu & Giải thuật (K25),buiminhquanbd25ai028@gmail.com,8.6,7.5,B,Khoa AI - Khóa 25,9.1,Bùi Minh Quân,2,BD25AI028,talented_but_lazy
2025/2026,6.8,83.9,AI104_K25_2025_2026_S2,Cấu trúc dữ liệu & Giải thuật (K25),hothibinhbd25ai029@gmail.com,7.7,7.6,B,Khoa AI - Khóa 25,5.7,Hồ Thị Bình,2,BD25AI029,average
2025/2026,3.1,57.8,AI104_K25_2025_2026_S2,Cấu trúc dữ liệu & Giải thuật (K25),đohuuanbd25ai030@gmail.com,2.5,3.3,F,Khoa AI - Khóa 25,2.7,Đỗ Hữu An,2,BD25AI030,struggling
2025/2026,10.0,96.0,AI104_K25_2025_2026_S2,Cấu trúc dữ liệu & Giải thuật (K25),huynhkimvinhbd25ai031@gmail.com,9.6,9.7,A,Khoa AI - Khóa 25,9.4,Huỳnh Kim Vinh,2,BD25AI031,excellent
2025/2026,8.7,86.2,AI104_K25_2025_2026_S2,Cấu trúc dữ liệu & Giải thuật (K25),buiquangloibd25ai032@gmail.com,7.0,7.8,B,Khoa AI - Khóa 25,5.8,Bùi Quang Lợi,2,BD25AI032,average
2025/2026,8.5,88.6,AI104_K25_2025_2026_S2,Cấu trúc dữ liệu & Giải thuật (K25),hoangthilinhbd25ai033@gmail.com,5.2,6.9,C,Khoa AI - Khóa 25,7.1,Hoàng Thị Linh,2,BD25AI033,average
2025/2026,7.3,94.4,AI104_K25_2025_2026_S2,Cấu trúc dữ liệu & Giải thuật (K25),tranminhlinhbd25ai034@gmail.com,5.1,6.6,C,Khoa AI - Khóa 25,6.5,Trần Minh Linh,2,BD25AI034,average
2025/2026,3.3,55.9,AI104_K25_2025_2026_S2,Cấu trúc dữ liệu & Giải thuật (K25),tranminhkienbd25ai035@gmail.com,4.3,4.3,D,Khoa AI - Khóa 25,3.8,Trần Minh Kiên,2,BD25AI035,struggling
2025/2026,2.6,69.9,AI104_K25_2025_2026_S2,Cấu trúc dữ liệu & Giải thuật (K25),đoquangloibd25ai036@gmail.com,2.7,3.5,F,Khoa AI - Khóa 25,1.6,Đỗ Quang Lợi,2,BD25AI036,struggling
2025/2026,6.5,72.1,AI104_K25_2025_2026_S2,Cấu trúc dữ liệu & Giải thuật (K25),duongngocloibd25ai037@gmail.com,5.7,6.3,C,Khoa AI - Khóa 25,7.4,Dương Ngọc Lợi,2,BD25AI037,average
2025/2026,7.8,61.1,AI104_K25_2025_2026_S2,Cấu trúc dữ liệu & Giải thuật (K25),đokimminhbd25ai038@gmail.com,9.5,8.3,B,Khoa AI - Khóa 25,8.8,Đỗ Kim Minh,2,BD25AI038,talented_but_lazy
2025/2026,3.8,52.2,AI104_K25_2025_2026_S2,Cấu trúc dữ liệu & Giải thuật (K25),hothinambd25ai039@gmail.com,2.7,3.5,F,Khoa AI - Khóa 25,2.9,Hồ Thị Nam,2,BD25AI039,struggling
2025/2026,9.2,99.7,AI104_K25_2025_2026_S2,Cấu trúc dữ liệu & Giải thuật (K25),vothanhnambd25ai040@gmail.com,3.7,6.6,C,Khoa AI - Khóa 25,5.5,Võ Thành Nam,2,BD25AI040,diligent_but_low
